
Gurobi 13.0.2 (mac64[arm], gurobi_cl) logging started Sun Jun 28 12:30:35 2026

Set parameter TokenServer to value "10.8.80.200"
Set parameter TimeLimit to value 43200
Set parameter LogFile to value "./log/E150_1000.5_R50.log"
Set parameter Threads to value 4
Using license file /Library/gurobi1302/gurobi.lic

Gurobi Optimizer version 13.0.2 build v13.0.2rc1 (mac64[arm] - Darwin 24.6.0 24G517)
Copyright (c) 2026, Gurobi Optimization, LLC

Read LP format model from file ./lp/E150_1000.5_R50.lp
Reading time = 0.11 seconds
root: 46208 rows, 45753 columns, 412958 nonzeros

Using Gurobi shared library /Library/gurobi1302/macos_universal2/lib/libgurobi130.dylib

CPU model: Apple M3 Ultra
Thread count: 32 physical cores, 32 logical processors, using up to 4 threads

Non-default parameters:
TimeLimit  43200
Threads  4

Optimize a model with 46208 rows, 45753 columns and 412958 nonzeros (Min)
Model fingerprint: 0x329a7579
Model has 22650 linear objective coefficients
Variable types: 0 continuous, 45753 integer (0 binary)
Coefficient statistics:
  Matrix range     [1e+00, 2e+02]
  Objective range  [1e+00, 2e+02]
  Bounds range     [1e+00, 1e+00]
  RHS range        [1e+00, 1e+00]

Presolve removed 23112 rows and 307 columns
Presolve time: 0.63s
Presolved: 23096 rows, 45446 columns, 298602 nonzeros
Variable types: 0 continuous, 45446 integer (22946 binary)
Found heuristic solution: objective 8743.0000000
Deterministic concurrent LP optimizer: primal and dual simplex
Showing primal log only...

Concurrent spin time: 0.00s

Solved with primal simplex

Root relaxation: objective 1.582777e+02, 52988 iterations, 1.28 seconds (3.23 work units)

    Nodes    |    Current Node    |     Objective Bounds      |     Work
 Expl Unexpl |  Obj  Depth IntInf | Incumbent    BestBd   Gap | It/Node Time

     0     0  158.27772    0  443 8743.00000  158.27772  98.2%     -    2s
     0     0  530.17349    0  460 8743.00000  530.17349  93.9%     -    6s
H    0     0                    3004.0000000  530.17349  82.4%     -    6s
H    0     0                    3002.0000000  530.17349  82.3%     -    6s
H    0     0                    3001.0000000  530.17349  82.3%     -    6s
H    0     0                    1963.0000000  530.17349  73.0%     -    6s
H    0     0                    1675.0000000  530.17349  68.3%     -    7s
H    0     0                    1583.0000000  530.17349  66.5%     -    8s
H    0     0                    1510.0000000  530.17349  64.9%     -    9s
H    0     0                    1426.0000000  530.17349  62.8%     -   10s
H    0     0                    1421.0000000  530.17349  62.7%     -   11s
     0     0  678.22609    0  517 1421.00000  678.22609  52.3%     -   18s
     0     0  681.91969    0  499 1421.00000  681.91969  52.0%     -   27s
H    0     0                    1401.0000000  681.91969  51.3%     -   27s
H    0     0                    1398.0000000  681.91969  51.2%     -   28s
H    0     0                    1325.0000000  681.91969  48.5%     -   28s
H    0     0                    1324.0000000  681.91969  48.5%     -   28s
H    0     0                    1321.0000000  681.91969  48.4%     -   30s
H    0     0                    1313.0000000  681.91969  48.1%     -   33s
H    0     0                    1309.0000000  681.91969  47.9%     -   34s
H    0     0                    1260.0000000  681.91969  45.9%     -   36s
H    0     0                    1252.0000000  681.91969  45.5%     -   37s
H    0     0                    1251.0000000  681.91969  45.5%     -   37s
H    0     0                    1216.0000000  681.91969  43.9%     -   37s
H    0     0                    1186.0000000  681.91969  42.5%     -   37s
H    0     0                    1151.0000000  681.91969  40.8%     -   37s
H    0     0                    1147.0000000  681.91969  40.5%     -   37s
H    0     0                    1146.0000000  681.91969  40.5%     -   37s
H    0     0                    1134.0000000  681.91969  39.9%     -   37s
     0     0  721.66311    0  565 1134.00000  721.66311  36.4%     -   42s
H    0     0                    1132.0000000  721.72266  36.2%     -   43s
H    0     0                    1126.0000000  721.72266  35.9%     -   43s
H    0     0                    1124.0000000  721.72266  35.8%     -   43s
H    0     0                    1113.0000000  721.72266  35.2%     -   46s
H    0     0                    1112.0000000  721.72266  35.1%     -   46s
H    0     0                    1108.0000000  721.72266  34.9%     -   47s
H    0     0                    1107.0000000  721.72266  34.8%     -   48s
H    0     0                    1106.0000000  721.72266  34.7%     -   49s
H    0     0                    1070.0000000  721.72266  32.5%     -   49s
H    0     0                    1063.0000000  721.72266  32.1%     -   50s
H    0     0                    1061.0000000  721.72266  32.0%     -   51s
H    0     0                    1059.0000000  721.72266  31.8%     -   51s
H    0     0                    1046.0000000  721.72266  31.0%     -   53s
H    0     0                    1025.0000000  721.72266  29.6%     -   54s
H    0     0                    1024.0000000  721.72266  29.5%     -   55s
H    0     0                    1022.0000000  721.72266  29.4%     -   55s
H    0     0                    1018.0000000  721.72266  29.1%     -   58s
H    0     0                    1014.0000000  721.72266  28.8%     -   59s
H    0     0                    1009.0000000  726.09340  28.0%     -   67s
H    0     0                     997.0000000  726.09340  27.2%     -   67s
H    0     0                     991.0000000  726.09340  26.7%     -   67s
H    0     0                     987.0000000  726.09340  26.4%     -   67s
H    0     0                     978.0000000  726.09340  25.8%     -   67s
H    0     0                     974.0000000  726.09340  25.5%     -   67s
H    0     0                     965.0000000  726.09340  24.8%     -   67s
H    0     0                     962.0000000  726.09340  24.5%     -   67s
     0     0  726.09340    0  564  962.00000  726.09340  24.5%     -   67s
     0     0  726.88194    0  582  962.00000  726.88194  24.4%     -   67s
     0     0  727.95539    0  583  962.00000  727.95539  24.3%     -   67s
     0     0  727.95539    0  583  962.00000  727.95539  24.3%     -   67s
     0     0  750.36380    0  612  962.00000  750.36380  22.0%     -   74s
     0     0  755.95346    0  599  962.00000  755.95346  21.4%     -   79s
     0     0  755.95390    0  607  962.00000  755.95390  21.4%     -   79s
     0     0  769.09351    0  613  962.00000  769.09351  20.1%     -   89s
     0     0  775.83139    0  641  962.00000  775.83139  19.4%     -   94s
     0     0  778.10617    0  661  962.00000  778.10617  19.1%     -   94s
     0     0  791.85570    0  676  962.00000  791.85570  17.7%     -  105s
     0     0  796.01023    0  624  962.00000  796.01023  17.3%     -  109s
     0     0  796.58206    0  614  962.00000  796.58206  17.2%     -  110s
     0     0  796.59469    0  631  962.00000  796.59469  17.2%     -  110s
     0     0  801.74568    0  692  962.00000  801.74568  16.7%     -  115s
     0     0  802.77351    0  720  962.00000  802.77351  16.6%     -  118s
     0     0  802.79328    0  743  962.00000  802.79328  16.5%     -  118s
     0     0  805.36868    0  755  962.00000  805.36868  16.3%     -  122s
     0     0  805.56284    0  802  962.00000  805.56284  16.3%     -  123s
     0     0  805.59068    0  809  962.00000  805.59068  16.3%     -  124s
     0     0  806.65303    0  802  962.00000  806.65303  16.1%     -  126s
     0     0  806.76729    0  812  962.00000  806.76729  16.1%     -  127s
     0     0  809.15443    0  800  962.00000  809.15443  15.9%     -  130s
     0     0  809.69887    0  796  962.00000  809.69887  15.8%     -  133s
     0     0  809.70664    0  818  962.00000  809.70664  15.8%     -  133s
     0     0  813.18159    0  791  962.00000  813.18159  15.5%     -  137s
     0     0  813.27798    0  819  962.00000  813.27798  15.5%     -  137s
     0     0  815.25829    0  812  962.00000  815.25829  15.3%     -  140s
     0     0  815.97158    0  833  962.00000  815.97158  15.2%     -  142s
     0     0  816.09787    0  853  962.00000  816.09787  15.2%     -  143s
     0     0  816.68698    0  820  962.00000  816.68698  15.1%     -  145s
     0     0  816.68924    0  820  962.00000  816.68924  15.1%     -  145s
     0     0  816.68924    0  757  962.00000  816.68924  15.1%     -  148s
H    0     0                     961.0000000  816.68924  15.0%     -  160s
H    0     0                     959.0000000  816.68924  14.8%     -  160s
H    0     0                     958.0000000  816.68924  14.8%     -  161s
H    0     0                     957.0000000  816.68924  14.7%     -  161s
H    0     0                     953.0000000  816.68924  14.3%     -  161s
     0     2  816.68924    0  740  953.00000  816.68924  14.3%     -  167s
     3     8  817.27098    2  742  953.00000  816.80772  14.3%  7959  178s
H    7    12                     940.0000000  817.27098  13.1%  9566  182s
H    8    12                     939.0000000  817.28178  13.0%  8722  182s
    11    16  817.77051    4  756  939.00000  817.28178  13.0%  8720  185s
H   14    16                     937.0000000  817.28178  12.8%  7781  185s
H   15    20                     930.0000000  817.28178  12.1%  7399  189s
    19    35  818.00148    6  747  930.00000  817.28178  12.1%  9097  193s
    34    36  822.87164    8  686  930.00000  817.28178  12.1% 12469  197s
H   38    40                     928.0000000  817.28178  11.9% 11930  199s
    39    43  822.59422   12  663  928.00000  817.28178  11.9% 11957  203s
    42    48  822.84545   13  660  928.00000  817.28178  11.9% 11692  206s
H   46    48                     926.0000000  817.28178  11.7% 13558  206s
H   49    52                     923.0000000  817.28178  11.5% 13263  208s
H   51    56                     918.0000000  817.28178  11.0% 13013  210s
    68    73  824.09751   20  691  918.00000  817.28178  11.0% 13530  215s
H   70    73                     917.0000000  817.28178  10.9% 13256  215s
    86    90  828.11371   24  684  917.00000  817.28178  10.9% 13574  222s
    93    98  830.02354   26  686  917.00000  817.28178  10.9% 14241  228s
    97   102  830.03316   27  697  917.00000  817.28178  10.9% 13993  230s
   105   110  831.04976   29  648  917.00000  817.28178  10.9% 13765  235s
H  116   118                     916.0000000  817.28178  10.8% 13540  239s
   117   122  831.63290   31  685  916.00000  817.28178  10.8% 13602  242s
   121   126  840.51414   31  619  916.00000  817.28178  10.8% 13760  245s
   125   129  832.22709   32  684  916.00000  817.28178  10.8% 13717  250s
   131   135  832.44186   34  679  916.00000  817.28178  10.8% 13706  256s
   134   139  832.49538   35  683  916.00000  817.28178  10.8% 13459  260s
   142   146  832.77980   37  696  916.00000  817.28178  10.8% 13456  266s
H  144   146                     911.0000000  817.28178  10.3% 13478  266s
   149   154  832.86763   38  692  911.00000  817.28178  10.3% 13409  272s
   153   160  832.96954   39  689  911.00000  817.28178  10.3% 13386  276s
   182   204  834.55950   46  682  911.00000  817.28178  10.3% 12645  287s
   203   232  834.93400   52  670  911.00000  817.28178  10.3% 12354  291s
   231   262  836.31992   60  668  911.00000  817.28178  10.3% 11929  295s
   291   299  840.70994   77  639  911.00000  817.28178  10.3% 11105  302s
   299   306  840.78935   79  618  911.00000  817.28178  10.3% 11042  306s
   306   311  842.14517   81  601  911.00000  817.28178  10.3% 10954  310s
   318   352  843.04166   83  616  911.00000  817.28178  10.3% 10912  319s
   352   392  843.64210   92  647  911.00000  817.28178  10.3% 10644  323s
   392   431  845.11187  100  615  911.00000  817.28178  10.3% 10213  328s
   431   481  845.69851  105  603  911.00000  817.28178  10.3%  9978  332s
   481   503  847.27359  118  598  911.00000  817.28178  10.3%  9572  337s
   514   528  849.35319  120  595  911.00000  817.28178  10.3%  9207  342s
   541   564  850.39864  126  584  911.00000  817.40665  10.3%  9398  347s
   577   610  851.69447  135  574  911.00000  817.40665  10.3%  9525  352s
   623   663  853.91352  141  570  911.00000  817.40665  10.3%  9580  358s
   676   686  855.75685  153  549  911.00000  817.40665  10.3%  9603  364s
   699   724  855.98413  155  546  911.00000  817.40665  10.3%  9583  370s
   737   779  856.74321  156  526  911.00000  817.40665  10.3%  9725  376s
   792   815  857.13414  159  541  911.00000  817.40665  10.3%  9599  383s
   828   821  857.33058  164  539  911.00000  817.40665  10.3%  9766  389s
   834   882  857.35957  165  528  911.00000  817.40665  10.3%  9757  396s
   895   967  859.92674  167  573  911.00000  817.40665  10.3%  9638  404s
   980  1033  858.55225  170  525  911.00000  817.40665  10.3%  9370  411s
  1046  1151  859.01458  175  508  911.00000  817.40665  10.3%  9117  419s
  1164  1281  859.70614  184  496  911.00000  817.40665  10.3%  8693  427s
  1294  1436  860.72113  188  503  911.00000  817.40665  10.3%  8246  435s
  1449  1587  862.15375  192  513  911.00000  817.40665  10.3%  7736  443s
  1600  1722  862.59969  193  491  911.00000  817.40665  10.3%  7182  450s
  1751  1782  863.28820  196  513  911.00000  817.40665  10.3%  6809  458s
  1825  1786  866.04313  216  475  911.00000  817.40665  10.3%  6908  464s
  1829  1790  867.47694  217  489  911.00000  817.40665  10.3%  6930  471s
  1833  1794  868.03512  218  491  911.00000  817.40665  10.3%  6959  478s
  1837  1798  868.49925  219  474  911.00000  817.40665  10.3%  6973  484s
  1841  1802  869.49171  220  479  911.00000  817.40665  10.3%  6995  490s
  1845  1806  869.39484  220  479  911.00000  817.40665  10.3%  7014  496s
  1849  1810  869.39563  221  479  911.00000  817.40665  10.3%  7022  503s
  1853  1814  869.41148  222  485  911.00000  817.40665  10.3%  7021  510s
  1857  1822  869.53901  223  479  911.00000  817.40665  10.3%  7038  517s
  1865  1847  870.24395  228  499  911.00000  817.40665  10.3%  7058  525s
  1890  1878  872.56414  250  504  911.00000  817.40665  10.3%  7055  533s
  1921  1941  875.43195  276  443  911.00000  817.40665  10.3%  7052  541s
H 1961  1941                     910.0000000  817.40665  10.2%  7030  541s
  1984  2040  878.17166  312  454  910.00000  817.40665  10.2%  7024  554s
  2083  2233  881.32282  339  415  910.00000  817.40665  10.2%  7122  565s
  2276  2370  884.57210  390  389  910.00000  817.40665  10.2%  6950  576s
H 2313  2362                     908.0000000  817.40665  10.0%  6914  576s
  2415  2479  890.68083  423  367  908.00000  817.40665  10.0%  6807  587s
  2560  2607  830.67116    9  750  908.00000  817.40665  10.0%  6835  599s
  2703  2608  878.35587  200  517  908.00000  817.40665  10.0%  6742  606s
  2705  2609  863.05044  131  506  908.00000  817.40665  10.0%  6737  617s
  2706  2610  868.39340  187  552  908.00000  817.40665  10.0%  6734  640s
  2708  2611  854.83078   94  642  908.00000  817.40665  10.0%  6729  649s
  2709  2612  877.03724   31  640  908.00000  817.40665  10.0%  6727  654s
  2710  2613  889.71446   95  734  908.00000  817.40665  10.0%  6724  659s
  2711  2613  865.89874   21  695  908.00000  817.40665  10.0%  6722  664s
  2712  2614  859.68454  184  729  908.00000  817.66534  9.95%  6719  669s
  2713  2615  898.82157  407  786  908.00000  819.91536  9.70%  6717  675s
  2716  2617  851.04762   69  719  908.00000  828.55255  8.75%  6709  686s
  2717  2617  835.75422   13  686  908.00000  831.39151  8.44%  6707  691s
  2718  2618  865.39519  149  786  908.00000  832.26631  8.34%  6704  695s
  2719  2619  901.19407  421  772  908.00000  833.28540  8.23%  6702  700s
  2721  2620  899.32977  463  801  908.00000  833.68680  8.18%  6697  705s
  2722  2621  896.13369  424  745  908.00000  837.81356  7.73%  6695  712s
  2723  2621  890.85852  124  717  908.00000  840.33219  7.45%  6692  719s
  2724  2622  840.90570   11  756  908.00000  840.90570  7.39%  6690  722s
  2725  2623  898.49345  366  759  908.00000  841.54737  7.32%  6687  725s
  2727  2624  844.11054   31  793  908.00000  842.19228  7.25%  6682  730s
  2730  2626  877.02083   37  778  908.00000  844.61927  6.98%  6675  739s
  2731  2627  901.97861  434  786  908.00000  845.13484  6.92%  6672  742s
  2732  2627  901.63169  428  797  908.00000  845.20722  6.92%  6670  745s
  2734  2629  882.35039   37  791  908.00000  846.75065  6.75%  6665  751s
  2736  2630  873.61370  261  808  908.00000  847.42485  6.67%  6660  802s
  2738  2631  897.67638  136  787  908.00000  848.89262  6.51%  6655  807s
  2739  2632  889.16883  113  743  908.00000  848.89262  6.51%  6653  820s
  2740  2633  848.89262   51  743  908.00000  848.89262  6.51%  6651  843s
  2741  2636  848.89262   11  703  908.00000  848.89262  6.51%  6808  860s
  2743  2640  849.11336   12  703  908.00000  848.89262  6.51%  6815  873s
  2747  2642  849.35807   13  707  908.00000  849.18961  6.48%  6828  885s
  2751  2649  849.49027   14  694  908.00000  849.18961  6.48%  6840  896s
  2759  2657  849.93463   15  718  908.00000  849.18961  6.48%  6890  903s
  2770  2668  852.92223   15  647  908.00000  849.18961  6.48%  6984  912s
  2784  2673  850.25679   16  706  908.00000  849.18961  6.48%  7105  917s
  2794  2677  850.71267   17  716  908.00000  849.18961  6.48%  7168  922s
  2801  2685  858.27089   17  609  908.00000  849.18961  6.48%  7198  927s
  2812  2696  850.97203   18  711  908.00000  849.18961  6.48%  7277  932s
  2826  2702  855.82828   19  596  908.00000  849.18961  6.48%  7338  936s
  2847  2712  872.88079   25  606  908.00000  849.18961  6.48%  7411  943s
  2854  2722  852.32232   21  695  908.00000  849.18961  6.48%  7404  947s
  2866  2729  874.81987   27  508  908.00000  849.18961  6.48%  7428  950s
  2878  2738  875.46739   28  510  908.00000  849.18961  6.48%  7456  955s
  2892  2751  876.84440   29  485  908.00000  849.18961  6.48%  7488  962s
  2911  2754  879.32432   31  380  908.00000  849.18961  6.48%  7527  967s
  2929  2769  879.40520   32  380  908.00000  849.18961  6.48%  7558  970s
  2974  2776  884.56463   37  399  908.00000  849.18961  6.48%  7574  978s
  2981  2780  894.69481   37  399  908.00000  849.18961  6.48%  7590  984s
  2993  2797  885.49281   38  449  908.00000  849.38227  6.46%  7616  989s
  3015  2818  886.52344   39  454  908.00000  849.38227  6.46%  7656  993s
  3053  2828  888.41190   43  454  908.00000  849.38227  6.46%  7635  997s
  3097  2824  890.77261   47  428  908.00000  849.38227  6.46%  7595 1002s
  3124  2837  892.72028   52  451  908.00000  850.97646  6.28%  7627 1007s
  3150  2848  901.65306   61  359  908.00000  850.97646  6.28%  7665 1012s
  3181  2853  900.48229   74  370  908.00000  850.99941  6.28%  7679 1026s
  3214  2851  852.14131   20  720  908.00000  850.99941  6.28%  7728 1031s
  3223  2863  853.03922   22  701  908.00000  850.99941  6.28%  7791 1036s
  3238  2871  854.30765   24  687  908.00000  850.99941  6.28%  7874 1041s
  3251  2884  854.70518   27  674  908.00000  850.99941  6.28%  7952 1047s
  3269  2894  856.02020   30  659  908.00000  850.99941  6.28%  8032 1054s
  3285  2908  858.30759   33  543  908.00000  850.99941  6.28%  8129 1061s
  3304  2919  859.79759   36  525  908.00000  850.99941  6.28%  8227 1068s
  3321  2931  860.53347   38  511  908.00000  850.99941  6.28%  8273 1074s
  3339  2953  863.15659   41  429  908.00000  850.99941  6.28%  8336 1081s
  3367  2962  864.60502   42  409  908.00000  850.99941  6.28%  8377 1088s
  3385  2974  863.99335   46  427  908.00000  850.99941  6.28%  8421 1095s
  3403  2989  868.95486   48  454  908.00000  850.99941  6.28%  8480 1104s
  3424  3001  873.67981   49  425  908.00000  850.99941  6.28%  8521 1113s
  3445  3018  874.24999   56  422  908.00000  850.99941  6.28%  8566 1122s
  3469  3036  875.09672   57  415  908.00000  850.99941  6.28%  8564 1130s
  3499  3071  875.16989   58  437  908.00000  850.99941  6.28%  8560 1139s
  3559  3068  876.43528   60  400  908.00000  850.99941  6.28%  8493 1148s
  3610  3066  876.21158   61  359  908.00000  850.99941  6.28%  8432 1156s
  3645  3077  876.71104   62  350  908.00000  851.52655  6.22%  8438 1165s
  3668  3090  877.52379   63  355  908.00000  851.52655  6.22%  8480 1176s
  3689  3107  878.84209   66  370  908.00000  851.52655  6.22%  8548 1187s
  3713  3131  880.48349   69  379  908.00000  851.52655  6.22%  8598 1198s
  3746  3153  880.99973   70  369  908.00000  851.52655  6.22%  8635 1209s
  3779  3183  886.18339   70  372  908.00000  851.52655  6.22%  8674 1222s
  3825  3198  888.41123   73  395  908.00000  851.52655  6.22%  8668 1236s
  3889  3268  891.34697   79  346  908.00000  851.52655  6.22%  8598 1252s
  4016  3251  855.24157   23  719  908.00000  851.52655  6.22%  8535 1265s
  4049  3293  855.94970   28  691  908.00000  851.52655  6.22%  8572 1283s
  4127  3303  860.86956   30  568  908.00000  851.52655  6.22%  8634 1299s
  4219  3311  861.48154   33  574  908.00000  851.52655  6.22%  8647 1314s
  4257  3347  861.02154   37  570  908.00000  851.52655  6.22%  8730 1329s
  4306  3378  869.62384   45  452  908.00000  851.52655  6.22%  8860 1344s
  4353  3426  874.85981   56  414  908.00000  851.52655  6.22%  8965 1361s
  4417  3474  881.88864   66  402  908.00000  851.52655  6.22%  9051 1378s
  4486  3538  884.21234   72  319  908.00000  851.52655  6.22%  9083 1397s
  4592  3510  884.85902   74  453  908.00000  851.52655  6.22%  9006 1413s
  4620  3531  886.12045   74  244  908.00000  852.32454  6.13%  8975 1433s
  4650  3563  889.08504   78  274  908.00000  852.32454  6.13%  9019 1451s
  4692  3632  889.62045   84  229  908.00000  852.32454  6.13%  9040 1472s
  4782  3634     cutoff   92       908.00000  852.32454  6.13%  8970 1491s
  4849  3751  866.82901   24  554  908.00000  852.32454  6.13%  8937 1516s
  5023  3779  894.06181   53  408  908.00000  852.32454  6.13%  8941 1538s
  5148  3833  863.95063   32  609  908.00000  852.32454  6.13%  8979 1561s
  5244  3964  870.51144   40  523  908.00000  852.32454  6.13%  9103 1587s
  5407  4079  876.35815   64  464  908.00000  852.32454  6.13%  9105 1613s
  5595  4213  885.48734   87  408  908.00000  852.32454  6.13%  9069 1641s
  5850  4230  862.67888   23  616  908.00000  852.32454  6.13%  8966 1667s
  5956  4294  886.32118   59  451  908.00000  854.22532  5.92%  9073 1697s
  6111  4341  856.23473   23  755  908.00000  854.35519  5.91%  9048 1726s
  6210  4445  861.89781   40  556  908.00000  854.35519  5.91%  9183 1757s
  6348  4569  882.22491   74  387  908.00000  854.37218  5.91%  9236 1787s
  6582  4654  858.52333   34  637  908.00000  854.46918  5.90%  9149 1822s
  6794  4755  900.20635   74  377  908.00000  854.59680  5.88%  9147 1859s
  7015  4686  857.34791   29  714  908.00000  854.59680  5.88%  9152 1886s
  7019  4688  858.53017   29  713  908.00000  854.59680  5.88%  9161 1914s
  7023  4737  857.46175   30  704  908.00000  854.59680  5.88%  9165 1948s
  7092  4790  863.58995   30  661  908.00000  854.59680  5.88%  9158 1984s
  7182  4794  857.68581   31  698  908.00000  854.59680  5.88%  9184 2018s
  7216  4957  858.15617   33  672  908.00000  854.59680  5.88%  9219 2057s
  7419  5153  876.18304   49  379  908.00000  854.74395  5.87%  9298 2101s
  7747  5215  900.72205   72  238  908.00000  854.98499  5.84%  9215 2142s
  7956  5313  878.20500   64  539  908.00000  854.98499  5.84%  9257 2187s
  8143  5386  905.00671  177  443  908.00000  855.15406  5.82%  9272 2231s
  8287  5548  869.93403   56  596  908.00000  855.15406  5.82%  9307 2278s
  8557  5737  881.46442  115  543  908.00000  855.15406  5.82%  9299 2330s
  8960  5696  862.53902   40  669  908.00000  855.26002  5.81%  9227 2383s
  9065  5901  864.85885   54  636  908.00000  855.39239  5.79%  9259 2438s
  9396  6071  867.00153   31  626  908.00000  855.39239  5.79%  9192 2493s
  9714  6167  878.57052   53  449  908.00000  855.39239  5.79%  9249 2549s
  9919  6363  882.93285   66  272  908.00000  855.39239  5.79%  9333 2609s
 10249  6601  858.23615   24  797  908.00000  855.39239  5.79%  9304 2682s
 10635  6774  874.63056   79  560  908.00000  855.71377  5.76%  9336 2745s
 11100  6899  861.84945   21  715  908.00000  855.80024  5.75%  9239 2797s
 11321  7168  862.25741   30  702  908.00000  855.82828  5.75%  9250 2859s
 11719  7462  859.16516   30  793  908.00000  855.85223  5.74%  9223 2921s
 12035  7719  872.53068   72  573  908.00000  855.85223  5.74%  9275 2985s
 12388  7971  905.16996  167  441  908.00000  855.85223  5.74%  9244 3052s
 12679  8447  873.49057   71  613  908.00000  855.87838  5.74%  9334 3127s
 13304  8784  896.66442  181  498  908.00000  855.87838  5.74%  9212 3193s
 13687  9110  880.93193   81  537  908.00000  855.87838  5.74%  9250 3280s
 14057  9380  900.33317  166  488  908.00000  855.87838  5.74%  9206 3347s
 14415  9815  884.52739   75  489  908.00000  855.87838  5.74%  9190 3421s
 14902 10192  878.36178   42  483  908.00000  855.87838  5.74%  9174 3489s
 15351 10269  873.05470   75  589  908.00000  856.58071  5.66%  9137 3554s
 15480 10729  876.96440   89  537  908.00000  856.58071  5.66%  9109 3628s
 16022 11063  870.67256   31  618  908.00000  856.70769  5.65%  9114 3697s
 16431 11536  874.00944   47  514  908.00000  856.83959  5.63%  9137 3769s
 16994 11891  881.44560   70  486  908.00000  856.83959  5.63%  9112 3837s
 17469 12327  870.77000   27  673  908.00000  856.99156  5.62%  9105 3907s
 17964 12819  876.52895   64  505  908.00000  856.99156  5.62%  9112 3977s
 18552 13267  875.76958   51  573  908.00000  857.28199  5.59%  9081 4042s
 19100 13603  884.79708   77  467  908.00000  857.39333  5.57%  9060 4105s
 19516 13996  868.35130   36  670  908.00000  857.49230  5.56%  9079 4171s
 19976 14352  892.91592  103  476  908.00000  857.49230  5.56%  9090 4234s
 20394 14717  878.34845   51  567  908.00000  857.50934  5.56%  9067 4293s
 20830 14718  891.78582   84  517  908.00000  857.60684  5.55%  9054 4855s
 20832 14719  867.73951   60  501  908.00000  857.60684  5.55%  9053 4866s
 20833 14720  896.31260  153  571  908.00000  857.60684  5.55%  9052 4895s
 20834 14721  879.71193   59  574  908.00000  857.60684  5.55%  9052 4900s
 20835 14721  888.16072  127  604  908.00000  857.60684  5.55%  9051 4907s
 20836 14722  876.30546   85  673  908.00000  857.60684  5.55%  9051 4915s
 20837 14723  865.29213   37  639  908.00000  857.60684  5.55%  9051 4922s
 20838 14723  894.15485  172  669  908.00000  857.60684  5.55%  9050 4930s
 20839 14724  892.10056  131  690  908.00000  857.60684  5.55%  9050 4936s
 20840 14725  879.24477   28  685  908.00000  857.60684  5.55%  9049 4943s
 20841 14725  877.70991   60  695  908.00000  857.60684  5.55%  9049 4948s
 20842 14726  901.38727  159  676  908.00000  857.60684  5.55%  9048 4957s
 20843 14727  884.23665  103  729  908.00000  857.60684  5.55%  9048 4962s
 20845 14728  877.70778   70  728  908.00000  857.60684  5.55%  9047 4970s
 20846 14729  883.39633   17  705  908.00000  857.60684  5.55%  9047 4975s
 20847 14729  861.83701   30  763  908.00000  857.60684  5.55%  9046 4981s
 20848 14730  886.44572   73  791  908.00000  857.82457  5.53%  9046 4987s
 20849 14731  875.72783   26  782  908.00000  858.02798  5.50%  9045 4991s
 20850 14731  871.15729   62  790  908.00000  858.12935  5.49%  9045 4995s
 20851 14732  887.53013   97  771  908.00000  858.72130  5.43%  9044 5000s
 20853 14733  881.51441   60  830  908.00000  859.16592  5.38%  9044 5037s
 20854 14734  897.76357  164  846  908.00000  859.52721  5.34%  9043 5041s
 20856 14735  895.27938  147  866  908.00000  859.94286  5.29%  9042 5079s
 20857 14736  886.34225  126  842  908.00000  860.51123  5.23%  9042 5083s
 20858 14737  894.70936  108  867  908.00000  860.53634  5.23%  9041 5120s
 20859 14737  891.10571  105  827  908.00000  860.74082  5.20%  9041 5131s
 20860 14738  889.94769  134  834  908.00000  860.86088  5.19%  9041 5161s
 20861 14739  888.71521  107  825  908.00000  861.03237  5.17%  9040 5200s
 20862 14739  881.52209   52  834  908.00000  861.03237  5.17%  9040 5233s
 20863 14740  863.00659   24  891  908.00000  861.18647  5.16%  9039 5245s
 20864 14741  881.17485   77  889  908.00000  861.30219  5.14%  9039 5273s
 20865 14741  896.07525  131  839  908.00000  862.05027  5.06%  9038 5277s
 20866 14742  878.23355   70  824  908.00000  862.17234  5.05%  9038 5306s
 20867 14743  876.77989   87  773  908.00000  862.44515  5.02%  9038 5323s
 20868 14743  904.40897  153  831  908.00000  862.50766  5.01%  9037 5355s
 20870 14745  870.05642   24  841  908.00000  862.86931  4.97%  9036 5396s
 20872 14746  905.35760  115  831  908.00000  863.44317  4.91%  9035 5401s
 20873 14747  864.72944   52  845  908.00000  863.56887  4.89%  9035 5438s
 20874 14747  863.88883   30  837  908.00000  863.88883  4.86%  9035 5442s
 20875 14748  879.66376   52  846  908.00000  863.92640  4.85%  9034 5479s
 20876 14749  896.72020   80  851  908.00000  864.04749  4.84%  9034 5489s
 20877 14749  868.91902   54  838  908.00000  864.04749  4.84%  9033 5523s
 20878 14750  893.09044   83  844  908.00000  864.28627  4.81%  9033 5525s
 20879 14751  893.14255   81  862  908.00000  864.28627  4.81%  9032 5559s
 20880 14751  904.46269   98  864  908.00000  864.36571  4.81%  9032 5566s
 20881 14752  887.10132  117  851  908.00000  864.36571  4.81%  9032 5596s
 20882 14753  886.30565  142  832  908.00000  864.47805  4.79%  9031 5600s
 20883 14753  897.47787   25  830  908.00000  864.50740  4.79%  9031 5644s
 20884 14754  868.44030   45  804  908.00000  864.57369  4.78%  9030 5649s
 20885 14755  867.90160   35  851  908.00000  864.58158  4.78%  9030 5676s
 20887 14756  867.41491   60  820  908.00000  864.67789  4.77%  9029 5716s
 20888 14757  876.46755   56  831  908.00000  864.70154  4.77%  9028 5727s
 20889 14757  888.23414   34  842  908.00000  864.71013  4.77%  9028 5764s
 20890 14758  871.56641   46  849  908.00000  864.73112  4.77%  9028 5766s
 20891 14759  885.02997   78  858  908.00000  864.73112  4.77%  9027 5797s
 20892 14759  897.73184   60  830  908.00000  864.85833  4.75%  9027 5800s
 20893 14760  881.55372  118  851  908.00000  864.86259  4.75%  9026 5832s
 20895 14761  893.94279   48  903  908.00000  864.88445  4.75%  9025 5863s
 20896 14762  864.96967   21  901  908.00000  864.96967  4.74%  9025 5866s
 20897 14763  898.70714   40  902  908.00000  864.96967  4.74%  9025 5904s
 20898 14763  874.81495   60  848  908.00000  865.00820  4.73%  9024 5906s
 20899 14764  891.64330   67  887  908.00000  865.00820  4.73%  9024 5937s
 20901 14765  889.37985   47  880  908.00000  865.00820  4.73%  9023 5973s
 20902 14766  885.31873  137  859  908.00000  865.00820  4.73%  9022 5976s
 20903 14767  874.26227   64  888  908.00000  865.00820  4.73%  9022 6005s
 20905 14768  870.27319   57  823  908.00000  865.00820  4.73%  9021 6042s
 20907 14769  893.22448  117  862  908.00000  865.21379  4.71%  9020 6075s
 20909 14771  877.50087   81  858  908.00000  865.21379  4.71%  9019 6109s
 20910 14771  897.27848  141  835  908.00000  865.21379  4.71%  9019 6111s
 20911 14772  892.18297  136  848  908.00000  865.21379  4.71%  9019 6143s
 20912 14773  891.72892  150  879  908.00000  865.21961  4.71%  9018 6145s
 20913 14773  887.66859   56  897  908.00000  865.21961  4.71%  9018 6170s
 20915 14775  875.09596   68  901  908.00000  865.21961  4.71%  9017 6197s
 20917 14776  865.21961   29  902  908.00000  865.21961  4.71%  9016 6229s
 20918 14777  871.39233   68  828  908.00000  865.21961  4.71%  9016 6296s
 20919 14777  893.46899  150  919  908.00000  865.21961  4.71%  9015 6317s
 20920 14778  874.33264   77  885  908.00000  865.21961  4.71%  9015 6347s
 20921 14779  879.45159   90  914  908.00000  865.21961  4.71%  9014 6377s
 20923 14780  868.77513   61  897  908.00000  865.21961  4.71%  9013 6410s
 20925 14781  881.02259  110  907  908.00000  865.21961  4.71%  9013 6437s
 20927 14783  869.30594   41  860  908.00000  865.21961  4.71%  9012 6468s
 20928 14783  900.17068   83  840  908.00000  865.21961  4.71%  9011 6471s
 20929 14784  893.49519   74  863  908.00000  865.21961  4.71%  9011 6500s
 20931 14785  884.91683   70  865  908.00000  865.21961  4.71%  9010 6534s
 20932 14786  867.73951   60  832  908.00000  865.29920  4.70%  9009 6538s
 20933 14787  896.31260  153  842  908.00000  865.29920  4.70%  9009 6571s
 20935 14788  888.16072  127  889  908.00000  865.36789  4.70%  9008 6606s
 20937 14789  865.37839   37  880  908.00000  865.37839  4.69%  9007 6635s
 20939 14791  892.10056  131  895  908.00000  865.37839  4.69%  9006 6673s
 20940 14791  879.24477   28  899  908.00000  865.37839  4.69%  9006 6676s
 20941 14792  877.70991   60  901  908.00000  865.37839  4.69%  9006 6706s
 20942 14793  901.38727  159  836  908.00000  865.37839  4.69%  9005 6737s
 20943 14793  884.23665  103  890  908.00000  865.37839  4.69%  9005 6764s
 20944 14794  886.44570   53  876  908.00000  865.45286  4.69%  9004 6797s
 20945 14795  877.70778   70  908  908.00000  865.45286  4.69%  9004 6819s
 20946 14795  883.39633   17  917  908.00000  865.52935  4.68%  9003 6821s
 20947 14796  865.52935   30  885  908.00000  865.52935  4.68%  9003 6848s
 20948 14797  886.44572   73  855  908.00000  865.57703  4.67%  9003 6851s
 20949 14797  875.72783   26  875  908.00000  865.58899  4.67%  9002 6882s
 20950 14798  871.15729   62  809  908.00000  865.65190  4.66%  9002 6885s
 20951 14799  887.53013   97  850  908.00000  865.65220  4.66%  9001 6909s
 20952 14799  870.74106   35  838  908.00000  865.66863  4.66%  9001 6912s
 20953 14800  881.51441   60  845  908.00000  865.68136  4.66%  9000 6940s
 20955 14801  903.90579  171  885  908.00000  865.70864  4.66%  9000 6965s
 20957 14803  886.34225  126  875  908.00000  865.81291  4.65%  8999 6995s
 20959 14804  891.10571  105  812  908.00000  865.83038  4.64%  8998 7026s
 20961 14805  888.71521  107  887  908.00000  865.83038  4.64%  8997 7055s
 20963 14807  865.96312   24  859  908.00000  865.96312  4.63%  8996 7083s
 20964 14807  881.17485   77  878  908.00000  865.96312  4.63%  8996 7085s
 20965 14808  896.07525  131  917  908.00000  865.96312  4.63%  8995 7119s
 20966 14809  878.23355   70  907  908.00000  866.02416  4.62%  8995 7121s
 20967 14809  876.77989   87  910  908.00000  866.02416  4.62%  8994 7155s
 20969 14811  866.02416   30  904  908.00000  866.02416  4.62%  8994 7183s
 20970 14811  870.05642   24  904  908.00000  866.02416  4.62%  8993 7216s
 20971 14812  885.50967   96  792  908.00000  866.02416  4.62%  8993 7252s
 20972 14813  905.35760  115  892  908.00000  866.02416  4.62%  8992 7295s
 20973 14813  866.02416   52  852  908.00000  866.02416  4.62%  8992 7316s
 20974 14814  866.02416   30  869  908.00000  866.02416  4.62%  8991 7341s
 20976 14815  896.72020   80  888  908.00000  866.02416  4.62%  8991 7375s
 20978 14817  893.09044   83  856  908.00000  866.03052  4.62%  8990 7400s
 20980 14818  904.46269   98  880  908.00000  866.17799  4.61%  8989 7437s
 20982 14819  886.30565  142  818  908.00000  866.17799  4.61%  8988 7462s
 20983 14820  897.47787   25  874  908.00000  866.19400  4.60%  8988 7465s
 20984 14821  868.44030   45  856  908.00000  866.19400  4.60%  8987 7492s
 20985 14821  867.90160   35  860  908.00000  866.27305  4.60%  8987 7496s
 20986 14822  885.00176  111  871  908.00000  866.27305  4.60%  8986 7529s
 20987 14823  867.41491   60  894  908.00000  866.27305  4.60%  8986 7534s
 20988 14823  876.46755   56  914  908.00000  866.27305  4.60%  8985 7563s
 20989 14824  888.23414   34  913  908.00000  866.27305  4.60%  8985 7565s
 20990 14825  871.56641   46  916  908.00000  866.27305  4.60%  8985 7594s
 20991 14825  885.02997   78  908  908.00000  866.27305  4.60%  8984 7597s
 20992 14826  897.73184   60  914  908.00000  866.27305  4.60%  8984 7631s
 20993 14827  881.55372  118  827  908.00000  866.27305  4.60%  8983 7658s
 20995 14828  893.94279   48  873  908.00000  866.27305  4.60%  8982 7664s
 20997 14829  898.70714   40  868  908.00000  866.27305  4.60%  8982 7666s
 20999 14831  891.64330   67  818  908.00000  866.29581  4.59%  8981 7672s
 21001 14832  889.37985   47  896  908.00000  866.29581  4.59%  8980 7676s
 21003 14833  874.26227   64  841  908.00000  866.34876  4.59%  8979 7682s
 21005 14835  870.27319   57  917  908.00000  866.38621  4.58%  8978 7686s
 21008 14837  892.52531   38  942  908.00000  866.42339  4.58%  8977 7690s
 21011 14839  892.18297  136  942  908.00000  866.52187  4.57%  8976 7695s
 21013 14840  887.66859   56  873  908.00000  866.52187  4.57%  8975 7700s
 21015 14841  875.09596   68  957  908.00000  866.52187  4.57%  8974 7707s
 21017 14843  866.52187   29  955  908.00000  866.52187  4.57%  8973 7712s
 21019 14844  893.46899  150  930  908.00000  866.52187  4.57%  8972 7718s
 21021 14845  879.45159   90  903  908.00000  866.53807  4.57%  8971 7722s
 21023 14847  868.77513   61  899  908.00000  866.55696  4.56%  8971 7727s
 21025 14848  881.02259  110  909  908.00000  866.57097  4.56%  8970 7730s
 21029 14851  893.49519   74  929  908.00000  866.64080  4.55%  8968 7736s
 21031 14852  884.91683   70  931  908.00000  866.64080  4.55%  8967 7741s
 21033 14853  896.31260  153  933  908.00000  866.64080  4.55%  8966 7745s
 21034 14854  879.71193   59  933  908.00000  866.64080  4.55%  8966 7775s
 21035 14855  888.16072  127  933  908.00000  866.64080  4.55%  8965 7798s
 21036 14858  866.64080   21  856  908.00000  866.64080  4.55%  9019 7802s
 21038 14862  866.64080   22  873  908.00000  866.64080  4.55%  9018 7815s
 21042 14864  866.65452   23  882  908.00000  866.64080  4.55%  9019 7821s
 21046 14869  867.12746   24  833  908.00000  866.64080  4.55%  9021 7827s
 21052 14873  867.12746   25  833  908.00000  866.64080  4.55%  9025 7833s
 21060 14874  867.38633   26  773  908.00000  866.64080  4.55%  9024 7839s
 21067 14875  867.17605   26  835  908.00000  866.64080  4.55%  9023 7845s
 21074 14874  867.45411   27  769  908.00000  866.64080  4.55%  9022 7850s
 21080 14874  867.83720   28  769  908.00000  866.64080  4.55%  9020 7856s
 21087 14876  869.37745   28  674  908.00000  866.64080  4.55%  9018 7861s
 21094 14875  872.20379   29  667  908.00000  866.64080  4.55%  9015 7870s
 21101 14876  873.08292   30  638  908.00000  866.64080  4.55%  9013 7878s
 21107 14879  876.19511   30  587  908.00000  866.64080  4.55%  9012 7886s
 21112 14881  874.27039   31  603  908.00000  866.64080  4.55%  9012 7893s
 21116 14882  870.61908   26  613  908.00000  866.64080  4.55%  9011 7900s
 21118 14886  874.66813   32  591  908.00000  866.64080  4.55%  9011 7906s
 21123 14889  874.77588   33  605  908.00000  866.64080  4.55%  9010 7913s
 21128 14893  874.83471   34  607  908.00000  866.64080  4.55%  9009 7919s
 21133 14895  875.55771   35  588  908.00000  866.64080  4.55%  9008 7925s
 21137 14898  876.43562   35  585  908.00000  866.64080  4.55%  9008 7932s
 21141 14902  876.28924   36  572  908.00000  866.64080  4.55%  9007 7939s
 21147 14904  878.10582   37  536  908.00000  866.64080  4.55%  9007 7947s
 21151 14908  879.07091   37  569  908.00000  866.64080  4.55%  9006 7958s
 21156 14912  878.91803   39  529  908.00000  866.64080  4.55%  9005 7965s
 21162 14915  879.69673   40  479  908.00000  866.64080  4.55%  9005 7979s
 21167 14920  887.12980   41  426  908.00000  866.64080  4.55%  9004 7990s
 21173 14924  881.54902   43  429  908.00000  866.64080  4.55%  9004 8001s
 21179 14927  882.78352   44  415  908.00000  866.64080  4.55%  9003 8014s
 21184 14935  885.87582   45  408  908.00000  866.64080  4.55%  9005 8025s
 21194 14942  883.96440   49  400  908.00000  866.64080  4.55%  9012 8033s
 21205 14946  887.03220   53  253  908.00000  866.64080  4.55%  9017 8042s
 21214 14954  890.65700   56  195  908.00000  866.64080  4.55%  9018 8050s
 21226 14961  893.56754   60  195  908.00000  866.64080  4.55%  9019 8058s
 21239 14966  899.77245   65  153  908.00000  866.64080  4.55%  9018 8070s
H21252 14214                     906.0000000  866.64080  4.34%  9016 8070s
 21253 14233  902.83070   71  174  906.00000  866.64080  4.34%  9016 8080s
H21259 13523                     904.0000000  866.64080  4.13%  9014 8080s
 21282 13529     cutoff   80       904.00000  866.64080  4.13%  9019 8089s
 21317 13538  898.75587   92  221  904.00000  866.65822  4.13%  9015 8098s
H21351 12852                     903.0000000  866.65822  4.02%  9012 8099s
 21358 12848  880.81289   46  656  903.00000  866.65822  4.02%  9015 8108s
 21382 12858  868.96078   24  597  903.00000  866.65822  4.02%  9016 8120s
 21418 12863  869.02336   27  571  903.00000  866.65822  4.02%  9019 8133s
 21439 12901  870.24335   30  558  903.00000  866.88440  4.00%  9031 8146s
 21484 12915  869.84358   32  405  903.00000  866.88440  4.00%  9035 8158s
 21538 12928  871.07178   36  519  903.00000  866.88440  4.00%  9032 8172s
 21576 12931  875.39074   38  549  903.00000  866.88440  4.00%  9036 8185s
H21594 12313                     902.0000000  866.88440  3.89%  9044 8199s
 21626 12326  876.42158   45  281  902.00000  866.88440  3.89%  9048 8211s
 21659 12355  878.51124   51  287  902.00000  866.88440  3.89%  9049 8224s
 21722 12396  890.73789   63  245  902.00000  866.88440  3.89%  9049 8238s
 21818 12415  899.53407   75  330  902.00000  867.04949  3.87%  9040 8253s
H21877 11813                     900.0000000  867.04949  3.66%  9043 8267s
 21940 11815  871.90147   28  729  900.00000  867.04949  3.66%  9029 8281s
 21982 11856  871.90147   29  727  900.00000  867.04949  3.66%  9028 8296s
 22040 11881  873.24169   35  690  900.00000  867.04949  3.66%  9046 8312s
 22136 11871  874.90204   38  697  900.00000  867.17873  3.65%  9036 8329s
 22164 11886  868.89823   29  751  900.00000  867.18673  3.65%  9048 8347s
 22189 11909  880.38061   40  684  900.00000  867.18673  3.65%  9057 8363s
 22220 11940  875.90572   41  617  900.00000  867.18673  3.65%  9063 8383s
 22282 12003  879.34953   45  558  900.00000  867.18673  3.65%  9065 8405s
 22407 12059  895.87076   60  466  900.00000  867.18673  3.65%  9050 8429s
 22553 12049  876.71139   38  588  900.00000  867.35052  3.63%  9029 8452s
 22621 12055  867.74591   25  747  900.00000  867.36040  3.63%  9023 8472s
 22651 12068  870.47512   36  668  900.00000  867.36040  3.63%  9040 8493s
 22698 12095  880.90977   44  543  900.00000  867.36040  3.63%  9039 8517s
 22765 12116  871.28046   28  801  900.00000  867.46909  3.61%  9032 8539s
 22827 12170  873.16017   33  623  900.00000  867.46909  3.61%  9036 8563s
 22906 12257  880.79979   56  592  900.00000  867.46909  3.61%  9051 8589s
 23071 12317  891.89032  100  525  900.00000  867.46909  3.61%  9027 8619s
H23130 11699                     899.0000000  867.46909  3.51%  9023 8619s
 23232 11758  873.73518   30  640  899.00000  867.75044  3.48%  9003 8646s
 23362 11789  875.34242   31  705  899.00000  867.75044  3.48%  8994 8675s
 23471 11838  869.91225   33  748  899.00000  867.75044  3.48%  8992 8708s
 23585 11867  873.41358   35  639  899.00000  867.75044  3.48%  8996 8737s
 23652 11974  882.73033   52  635  899.00000  868.46581  3.40%  9010 8768s
 23837 12016  881.04174   27  364  899.00000  868.57849  3.38%  8987 8801s
 23977 12039  869.28790   30  823  899.00000  868.61922  3.38%  8972 8835s
 24105 12055  877.16432   31  684  899.00000  868.61922  3.38%  8960 8869s
 24164 12153  891.22853   33  497  899.00000  868.73181  3.37%  8981 8910s
 24322 12238  879.10805   30  608  899.00000  868.77763  3.36%  8970 8947s
 24487 12407  877.13214   33  677  899.00000  868.90014  3.35%  8967 8991s
 24783 12465  869.29092   32  757  899.00000  868.91684  3.35%  8926 9036s
 24971 12619  874.15529   59  607  899.00000  868.91684  3.35%  8928 9082s
 25247 12652  879.96605   39  624  899.00000  869.08248  3.33%  8900 9126s
 25403 12759  870.98302   32  749  899.00000  869.08248  3.33%  8887 9176s
 25669 12787  874.50494   37  623  899.00000  869.24256  3.31%  8868 9223s
 25838 12870  874.61147   32  656  899.00000  869.29092  3.30%  8875 9276s
 26034 13011  873.96852   31  647  899.00000  869.29092  3.30%  8872 9336s
 26343 13099  876.33641   31  693  899.00000  869.40657  3.29%  8852 9393s
 26635 13213  877.84301   45  710  899.00000  869.57133  3.27%  8826 9451s
 26914 13277  871.11166   35  714  899.00000  869.75856  3.25%  8819 9508s
 27159 13384  876.74692   48  616  899.00000  869.87138  3.24%  8801 9571s
 27438 13365  887.46851   59  462  899.00000  869.92544  3.23%  8791 9628s
 27577 13399  874.73159   38  663  899.00000  870.02195  3.22%  8786 9690s
 27671 13621  875.24236   42  634  899.00000  870.02279  3.22%  8813 9756s
 27974 13710  883.04471   54  393  899.00000  870.11323  3.21%  8807 9831s
 28264 13822  896.47018   92  499  899.00000  870.24335  3.20%  8794 9903s
 28508 13991  874.64582   41  619  899.00000  870.24335  3.20%  8804 9983s
 28922 13974  877.25629   37  507  899.00000  870.43505  3.18%  8756 10057s
 29156 14103  876.89884   38  598  899.00000  870.48463  3.17%  8742 10145s
 29480 14190  871.62804   36  807  899.00000  870.54868  3.16%  8727 10229s
 29800 14282  877.08581   48  680  899.00000  870.54868  3.16%  8698 10319s
 30087 14475  872.45636   38  671  899.00000  870.72778  3.14%  8692 10416s
 30557 14457  879.82524   54  504  899.00000  870.77005  3.14%  8680 10506s
 30783 14571  885.56678   33  658  899.00000  870.77005  3.14%  8684 10605s
 31155 14449  891.27453   60  517  899.00000  870.92576  3.12%  8658 10654s
 31157 14450  883.78959   73  507  899.00000  870.92576  3.12%  8657 10665s
 31158 14451  890.34641   57  548  899.00000  870.92576  3.12%  8657 10690s
 31160 14452  891.99057   64  593  899.00000  870.92576  3.12%  8656 10703s
 31161 14453  886.53461   72  631  899.00000  870.92576  3.12%  8656 10709s
 31162 14454  886.95888   59  627  899.00000  870.92576  3.12%  8656 10718s
 31163 14454  871.93431   40  639  899.00000  870.92576  3.12%  8655 10726s
 31164 14455  874.15715   34  647  899.00000  870.92576  3.12%  8655 10732s
 31165 14456  878.48053   31  662  899.00000  870.92576  3.12%  8655 10739s
 31166 14456  878.82047   42  648  899.00000  870.92576  3.12%  8655 10746s
 31168 14458  889.43066   85  750  899.00000  870.92576  3.12%  8654 10754s
 31169 14458  882.03803   61  723  899.00000  870.92576  3.12%  8654 10757s
 31170 14459  894.82669   58  814  899.00000  870.92576  3.12%  8653 10761s
 31171 14460  873.61062   32  777  899.00000  870.92576  3.12%  8653 10766s
 31173 14461  894.17753   84  799  899.00000  870.92576  3.12%  8653 10774s
 31174 14462  892.97647  107  796  899.00000  870.92576  3.12%  8652 10777s
 31175 14462  877.43522   58  789  899.00000  870.92576  3.12%  8652 10781s
 31177 14464  891.99292   86  838  899.00000  870.92576  3.12%  8651 10787s
 31178 14464  892.28628   82  809  899.00000  870.92576  3.12%  8651 10791s
 31180 14466  889.83427   56  820  899.00000  870.92576  3.12%  8651 10795s
 31181 14466  882.29221   77  802  899.00000  870.92576  3.12%  8650 10825s
 31183 14468  886.08355   58  835  899.00000  870.92576  3.12%  8650 10860s
 31185 14469  882.31812   43  855  899.00000  870.92576  3.12%  8649 10866s
 31186 14470  875.44133   40  870  899.00000  870.92576  3.12%  8649 10891s
 31187 14470  877.83554   42  832  899.00000  870.92576  3.12%  8649 10900s
 31188 14471  882.29957   50  784  899.00000  870.92576  3.12%  8648 10928s
 31189 14472  881.50897   47  858  899.00000  870.92576  3.12%  8648 10966s
 31190 14472  875.05938   38  828  899.00000  870.92576  3.12%  8648 10992s
 31191 14473  880.71955   44  835  899.00000  870.92576  3.12%  8648 10999s
 31192 14474  889.48718   91  872  899.00000  870.92576  3.12%  8647 11029s
 31193 14474  891.84896   52  800  899.00000  870.92576  3.12%  8647 11032s
 31194 14475  883.59694   51  829  899.00000  870.92576  3.12%  8647 11063s
 31195 14476  881.63183   44  850  899.00000  870.92576  3.12%  8646 11084s
 31196 14476  893.93339   55  830  899.00000  870.92576  3.12%  8646 11113s
 31197 14477  880.24578   76  835  899.00000  870.92576  3.12%  8646 11115s
 31198 14478  888.11322   69  856  899.00000  870.92576  3.12%  8646 11139s
 31199 14478  871.95064   38  869  899.00000  870.92576  3.12%  8645 11141s
 31200 14479  888.44200   59  899  899.00000  870.92576  3.12%  8645 11167s
 31201 14480  891.95764   86  919  899.00000  870.92576  3.12%  8645 11170s
 31202 14480  880.51754   69  879  899.00000  870.92576  3.12%  8645 11194s
 31203 14481  884.32083   33  864  899.00000  870.92576  3.12%  8644 11195s
 31204 14482  892.22307  113  874  899.00000  870.92576  3.12%  8644 11222s
 31206 14483  888.73402   65  884  899.00000  870.92576  3.12%  8643 11247s
 31207 14484  885.86296   42  906  899.00000  870.92576  3.12%  8643 11253s
 31208 14484  890.39821  118  905  899.00000  870.92576  3.12%  8643 11283s
 31209 14485  871.62118   35  879  899.00000  870.92576  3.12%  8643 11286s
 31210 14486  893.62205   89  859  899.00000  870.92576  3.12%  8642 11311s
 31211 14486  889.55072   61  850  899.00000  870.92576  3.12%  8642 11317s
 31212 14487  874.59375   42  869  899.00000  870.92576  3.12%  8642 11340s
 31214 14488  886.63661   59  894  899.00000  870.92576  3.12%  8641 11377s
 31215 14489  886.44082   92  881  899.00000  870.92576  3.12%  8641 11389s
 31216 14490  890.09062   46  883  899.00000  870.92576  3.12%  8641 11419s
 31217 14490  890.23762   57  901  899.00000  870.92576  3.12%  8640 11421s
 31218 14491  893.46677   63  923  899.00000  870.92576  3.12%  8640 11447s
 31219 14492  888.86243   46  900  899.00000  870.92576  3.12%  8640 11451s
 31220 14492  889.85944   64  909  899.00000  870.92576  3.12%  8640 11478s
 31221 14493  892.03216   67  919  899.00000  870.92576  3.12%  8639 11481s
 31222 14494  874.04319   35  941  899.00000  870.92576  3.12%  8639 11503s
 31223 14494  891.67391   58  926  899.00000  870.92576  3.12%  8639 11506s
 31224 14495  892.11784  120  921  899.00000  870.92576  3.12%  8638 11529s
 31225 14496  885.01461   40  924  899.00000  870.92576  3.12%  8638 11531s
 31226 14496  882.69830   39  929  899.00000  870.92576  3.12%  8638 11552s
 31228 14498  892.64887   86  925  899.00000  870.92576  3.12%  8637 11572s
 31230 14499  881.48704   53  930  899.00000  870.92576  3.12%  8637 11597s
 31232 14500  896.24464   75  940  899.00000  870.92576  3.12%  8636 11622s
 31233 14501  885.42230   55  874  899.00000  870.92576  3.12%  8636 11649s
 31234 14502  886.01508   42  944  899.00000  870.92576  3.12%  8636 11670s
 31235 14502  875.83998   38  954  899.00000  870.92576  3.12%  8635 11696s
 31236 14503  879.90079   38  954  899.00000  870.92576  3.12%  8635 11721s
 31238 14504  881.33537   59  920  899.00000  870.92576  3.12%  8635 11742s
 31239 14505  882.31949   34  911  899.00000  870.92576  3.12%  8634 11745s
 31240 14506  876.79694   52  935  899.00000  870.92576  3.12%  8634 11769s
 31241 14506  888.12589   55  939  899.00000  870.92576  3.12%  8634 11771s
 31242 14507  892.66521   78  940  899.00000  870.92576  3.12%  8633 11794s
 31243 14508  889.12977   92  940  899.00000  870.92576  3.12%  8633 11796s
 31244 14508  882.24842   64  940  899.00000  870.92576  3.12%  8633 11817s
 31245 14509  883.05344   65  880  899.00000  870.92576  3.12%  8633 11841s
 31246 14510  890.78345   47  938  899.00000  870.92576  3.12%  8632 11863s
 31247 14510  885.45616   47  940  899.00000  870.92576  3.12%  8632 11887s
 31248 14511  886.60682   46  954  899.00000  870.92576  3.12%  8632 11910s
 31249 14512  887.55681  109  952  899.00000  870.92576  3.12%  8632 11937s
 31250 14512  894.43747   81  952  899.00000  870.92576  3.12%  8631 11970s
 31251 14513  895.51786  115  952  899.00000  870.92576  3.12%  8631 11993s
 31252 14517  870.92576   36  840  899.00000  870.92576  3.12%  8652 12092s
 31254 14519  870.92576   37  805  899.00000  870.92576  3.12%  8652 12097s
 31258 14520  870.92576   38  772  899.00000  870.92576  3.12%  8652 12101s
 31262 14531  870.92576   39  781  899.00000  870.92576  3.12%  8652 12109s
 31277 14535  870.92576   41  826  899.00000  870.92576  3.12%  8659 12115s
 31295 14545  870.92576   42  786  899.00000  870.92576  3.12%  8656 12123s
 31304 14552  870.92576   42  774  899.00000  870.92576  3.12%  8655 12128s
 31315 14557  870.92576   43  781  899.00000  870.92576  3.12%  8653 12133s
 31324 14562  870.92576   44  788  899.00000  870.92576  3.12%  8651 12137s
 31334 14569  870.92576   44  679  899.00000  870.92576  3.12%  8649 12140s
 31353 14581  889.87075   58  543  899.00000  870.92576  3.12%  8646 12148s
 31366 14585  870.92576   46  736  899.00000  870.92576  3.12%  8643 12152s
 31377 14595  870.92576   46  688  899.00000  870.92576  3.12%  8641 12155s
 31411 14609  870.92576   48  722  899.00000  870.92576  3.12%  8634 12163s
 31429 14614  871.53502   48  667  899.00000  870.92576  3.12%  8630 12167s
 31450 14613  870.92576   49  700  899.00000  870.92576  3.12%  8625 12170s
 31473 14606  897.57014   92  408  899.00000  870.92576  3.12%  8620 12175s
 31489 14606  870.92576   50  710  899.00000  870.92576  3.12%  8616 12183s
 31498 14609  870.92576   51  712  899.00000  870.92576  3.12%  8614 12189s
 31505 14610  872.17873   51  675  899.00000  870.92576  3.12%  8614 12195s
 31509 14618  870.92576   52  712  899.00000  870.92576  3.12%  8613 12201s
 31519 14623  870.92576   53  707  899.00000  870.92576  3.12%  8611 12205s
 31528 14632  870.93432   54  705  899.00000  870.92576  3.12%  8610 12210s
 31540 14637  870.97139   55  690  899.00000  870.92576  3.12%  8609 12216s
 31553 14641  871.63858   56  748  899.00000  870.92576  3.12%  8607 12221s
 31566 14647  870.97139   56  690  899.00000  870.92576  3.12%  8605 12228s
 31581 14659  874.18217   57  706  899.00000  870.92576  3.12%  8603 12234s
 31599 14673  877.43052   58  685  899.00000  870.92576  3.12%  8600 12239s
 31620 14688  877.43052   59  672  899.00000  870.92576  3.12%  8596 12246s
 31645 14700  877.92111   60  684  899.00000  870.92576  3.12%  8592 12251s
 31681 14707  878.05484   61  684  899.00000  870.92576  3.12%  8584 12256s
 31718 14717  878.32376   62  711  899.00000  870.92576  3.12%  8577 12261s
 31767 14721  889.12647   63  578  899.00000  870.92576  3.12%  8566 12269s
 31799 14719  882.03928   64  615  899.00000  870.92576  3.12%  8560 12277s
 31818 14729  878.72914   66  661  899.00000  870.92576  3.12%  8557 12285s
 31834 14740  879.24300   68  623  899.00000  870.92576  3.12%  8555 12293s
 31850 14755  879.75637   70  622  899.00000  870.92576  3.12%  8553 12301s
 31871 14771  880.08763   72  637  899.00000  870.92576  3.12%  8550 12309s
 31894 14775  880.26421   75  594  899.00000  870.92576  3.12%  8547 12317s
 31907 14798  880.68304   76  627  899.00000  870.92576  3.12%  8545 12325s
 31936 14830  881.40092   78  602  899.00000  870.92576  3.12%  8540 12333s
 31978 14872  888.95298   80  550  899.00000  870.92576  3.12%  8532 12340s
 32041 14913  887.92530   83  580  899.00000  870.92576  3.12%  8519 12347s
 32130 14909  890.69611   86  490  899.00000  870.92576  3.12%  8499 12358s
 32202 14892  884.13854   90  554  899.00000  870.92576  3.12%  8482 12370s
 32211 14910  885.02033   92  573  899.00000  870.92576  3.12%  8481 12380s
 32234 14920  886.03456   98  553  899.00000  870.92576  3.12%  8477 12390s
 32254 14934  886.42841  103  583  899.00000  870.92576  3.12%  8475 12401s
 32280 14961  887.90613  110  545  899.00000  870.92576  3.12%  8471 12410s
 32318 14979  888.24694  117  533  899.00000  870.92576  3.12%  8465 12422s
 32365 15028  889.60627  130  515  899.00000  870.92576  3.12%  8455 12432s
 32447 15036  892.05005  146  498  899.00000  870.92576  3.12%  8438 12443s
 32519 15023  893.97246  158  419  899.00000  870.92576  3.12%  8422 12457s
 32578 15018  876.46142   48  582  899.00000  870.92576  3.12%  8409 12476s
 32592 15024  877.80442   52  589  899.00000  870.92576  3.12%  8409 12496s
 32603 15042  877.94061   52  469  899.00000  870.92576  3.12%  8407 12508s
 32625 15063  878.49621   58  442  899.00000  870.92576  3.12%  8405 12522s
 32653 15097  879.40604   64  469  899.00000  870.92576  3.12%  8403 12536s
 32696 15158  882.68617   71  423  899.00000  870.92576  3.12%  8397 12550s
 32776 15252  888.18774   87  397  899.00000  870.92576  3.12%  8381 12569s
 32942 15250  871.10005   46  748  899.00000  870.92576  3.12%  8346 12585s
 33006 15314  871.98158   49  700  899.00000  870.92576  3.12%  8334 12603s
 33145 15310  872.05409   48  613  899.00000  870.92576  3.12%  8305 12623s
 33216 15328  878.58565   50  539  899.00000  870.92576  3.12%  8291 12642s
 33259 15383  875.01294   53  497  899.00000  870.92576  3.12%  8286 12660s
 33369 15392  875.79243   55  476  899.00000  870.92576  3.12%  8265 12680s
 33424 15387  877.95752   58  468  899.00000  870.92576  3.12%  8258 12701s
H33428 14534                     896.0000000  870.92576  2.80%  8258 12701s
 33437 14654  880.00273   58  442  896.00000  870.92576  2.80%  8258 12721s
 33607 14697  882.98194   74  315  896.00000  870.92576  2.80%  8226 12740s
 33728 14708  890.15993  133  354  896.00000  870.93797  2.80%  8204 12762s
 33847 14730  877.39444   49  648  896.00000  870.97435  2.79%  8182 12784s
 33910 14819  891.57841   61  494  896.00000  871.09894  2.78%  8174 12809s
 34081 14812  873.53683   60  595  896.00000  871.09894  2.78%  8142 12833s
 34142 14866  890.48794   65  463  896.00000  871.09894  2.78%  8136 12860s
 34263 14873  874.85751   51  640  896.00000  871.09894  2.78%  8116 12888s
 34333 14917  881.76165   57  496  896.00000  871.24781  2.76%  8108 12914s
 34424 14969  875.83674   60  621  896.00000  871.43296  2.74%  8096 12944s
 34518 15102  878.21805   73  539  896.00000  871.52325  2.73%  8084 12973s
 34728 15070  875.36768   46  705  896.00000  871.53747  2.73%  8047 13005s
 34807 15129  878.92625   50  582  896.00000  871.53747  2.73%  8038 13039s
 34951 15233  877.53085   55  582  896.00000  871.71282  2.71%  8016 13073s
 35211 15225  877.74405   50  518  896.00000  871.98270  2.68%  7969 13105s
 35347 15222  873.07199   61  648  896.00000  872.06178  2.67%  7949 13144s
 35389 15243  876.50682   67  642  896.00000  872.06178  2.67%  7950 13177s
 35425 15377  881.34330   76  537  896.00000  872.06178  2.67%  7946 13213s
 35656 15390  881.01958   51  522  896.00000  872.17557  2.66%  7906 13255s
 35798 15495  874.30272   55  552  896.00000  872.17557  2.66%  7887 13296s
 36023 15513  887.45221   71  553  896.00000  872.17557  2.66%  7852 13337s
 36165 15600  873.75383   55  606  896.00000  872.26822  2.65%  7833 13380s
 36361 15642  878.43170   59  551  896.00000  872.26822  2.65%  7806 13426s
 36517 15730  885.18467   84  257  896.00000  872.37061  2.64%  7787 13476s
 36749 15807  886.23215   73  527  896.00000  872.44753  2.63%  7752 13525s
 36967 15860  885.59161   70  536  896.00000  872.47744  2.63%  7721 13576s
 37197 15922  876.22938   58  540  896.00000  872.54530  2.62%  7689 13631s
H37243 15124                     895.0000000  872.54530  2.51%  7683 13631s
 37420 15199  880.21976   62  577  895.00000  872.60425  2.50%  7661 13686s
 37665 15318  875.13715   60  642  895.00000  872.67381  2.49%  7626 13747s
 38017 15380  875.38162   57  647  895.00000  872.73786  2.49%  7576 13807s
 38270 15497  885.31680   83  622  895.00000  872.74778  2.49%  7544 13869s
 38636 15555  880.01163   67  661  895.00000  872.93078  2.47%  7493 13940s
H38843 14375                     893.0000000  872.93447  2.25%  7467 13940s
H38915 13613                     892.0000000  872.96216  2.13%  7457 14006s
 39227 13682  887.97224   92  602  892.00000  873.07485  2.12%  7418 14080s
 39579 13826  878.55765   62  640  892.00000  873.21535  2.11%  7376 14154s
 40103 13892  883.46086   56  505  892.00000  873.31570  2.09%  7304 14235s
 40541 14021  884.99383   69  646  892.00000  873.36979  2.09%  7250 14317s
 41007 14148  876.46768   60  580  892.00000  873.44511  2.08%  7191 14400s
 41507 13983  875.55988   64  517  892.00000  873.48491  2.08%  7131 14449s
 41509 13984  875.79886   57  501  892.00000  873.48491  2.08%  7130 14456s
 41510 13985  884.41197   55  557  892.00000  873.48491  2.08%  7130 14472s
 41511 13986  878.19819   63  600  892.00000  873.48491  2.08%  7130 14477s
 41512 13986  876.99857   58  594  892.00000  873.48491  2.08%  7130 14482s
 41513 13987  887.22056   71  641  892.00000  873.48491  2.08%  7130 14485s
 41514 13988  887.74720   68  629  892.00000  873.48491  2.08%  7129 14490s
 41516 13989  883.24769   77  697  892.00000  873.48491  2.08%  7129 14497s
 41517 13990  886.74786   93  716  892.00000  873.48491  2.08%  7129 14502s
 41518 13990  882.43650   73  728  892.00000  873.48491  2.08%  7129 14505s
 41520 13992  877.09632   66  753  892.00000  873.48491  2.08%  7128 14512s
 41521 13992  887.52055   82  744  892.00000  873.48491  2.08%  7128 14516s
 41523 13994  877.14962   46  777  892.00000  873.48491  2.08%  7128 14520s
 41525 13995  889.38831   95  816  892.00000  873.48491  2.08%  7127 14525s
 41528 13997  887.82913   84  807  892.00000  873.48491  2.08%  7127 14532s
 41529 13998  888.94441  109  813  892.00000  873.48491  2.08%  7127 14536s
 41530 13998  876.48480   66  813  892.00000  873.48491  2.08%  7127 14559s
 41531 13999  889.13278   81  810  892.00000  873.48491  2.08%  7126 14561s
 41532 14000  884.73428   65  790  892.00000  873.48491  2.08%  7126 14581s
 41534 14001  878.55581   51  830  892.00000  873.48491  2.08%  7126 14626s
 41535 14002  888.00215   91  824  892.00000  873.48491  2.08%  7126 14634s
 41536 14002  885.53787   85  816  892.00000  873.48491  2.08%  7126 14660s
 41537 14003  882.69641   51  841  892.00000  873.48491  2.08%  7125 14703s
 41538 14004  876.24662   67  840  892.00000  873.48491  2.08%  7125 14725s
 41539 14004  884.92450   64  841  892.00000  873.48491  2.08%  7125 14731s
 41540 14005  888.64852   67  864  892.00000  873.48491  2.08%  7125 14752s
 41542 14006  884.05023   80  901  892.00000  873.48491  2.08%  7125 14775s
 41543 14007  884.72923   62  878  892.00000  873.48491  2.08%  7124 14795s
 41544 14008  877.13113   51  893  892.00000  873.48491  2.08%  7124 14816s
 41546 14009  881.89275   67  924  892.00000  873.48491  2.08%  7124 14836s
 41548 14010  882.11559   67  918  892.00000  873.48491  2.08%  7124 14859s
 41549 14011  889.37823   94  918  892.00000  873.48491  2.08%  7123 14861s
 41550 14012  887.68851   56  923  892.00000  873.48491  2.08%  7123 14885s
 41551 14012  884.78341   68  827  892.00000  873.48491  2.08%  7123 14903s
 41552 14013  887.51055   87  903  892.00000  873.48491  2.08%  7123 14927s
 41554 14014  881.99074   59  888  892.00000  873.48491  2.08%  7122 14949s
 41555 14015  876.28404   53  877  892.00000  873.48491  2.08%  7122 14954s
 41556 14016  877.09448   51  888  892.00000  873.48491  2.08%  7122 14976s
 41558 14017  886.74848   79  933  892.00000  873.48491  2.08%  7122 15006s
 41559 14018  883.32277   66  901  892.00000  873.48491  2.08%  7122 15011s
 41560 14018  875.50211   51  919  892.00000  873.48491  2.08%  7121 15033s
 41561 14019  882.69704   73  882  892.00000  873.48491  2.08%  7121 15035s
 41562 14020  887.85377   65  916  892.00000  873.48491  2.08%  7121 15056s
 41563 14020  890.72076   88  937  892.00000  873.48491  2.08%  7121 15066s
 41564 14021  876.57580   63  960  892.00000  873.48491  2.08%  7121 15087s
 41566 14022  885.97838   64  992  892.00000  873.48491  2.08%  7120 15111s
 41567 14023  885.48190   76  972  892.00000  873.48491  2.08%  7120 15115s
 41568 14024  888.31101   81  985  892.00000  873.48491  2.08%  7120 15135s
 41570 14025  884.01780   65  968  892.00000  873.48491  2.08%  7120 15159s
 41571 14026  879.05715   55  995  892.00000  873.48491  2.08%  7120 15161s
 41572 14026  884.05023   80 1006  892.00000  873.48491  2.08%  7119 15175s
 41574 14028  888.99820   96 1001  892.00000  873.48491  2.08%  7119 15195s
 41575 14028  879.48942   50  884  892.00000  873.48491  2.08%  7119 15213s
 41576 14029  876.86857   63  971  892.00000  873.48491  2.08%  7119 15232s
 41577 14030  887.65526   81  977  892.00000  873.48491  2.08%  7119 15255s
 41578 14030  889.70963  102  969  892.00000  873.48491  2.08%  7118 15276s
 41579 14031  887.95842  123  967  892.00000  873.48491  2.08%  7118 15303s
 41580 14032  879.89811   56 1016  892.00000  873.48491  2.08%  7118 15323s
 41581 14032  881.76165   57 1004  892.00000  873.48491  2.08%  7118 15325s
 41582 14033  876.21495   58  955  892.00000  873.48491  2.08%  7118 15344s
 41583 14034  879.75162   55 1001  892.00000  873.48491  2.08%  7118 15346s
 41584 14034  883.60076   89  967  892.00000  873.48491  2.08%  7117 15375s
 41586 14036  889.19770  115  965  892.00000  873.48491  2.08%  7117 15397s
 41587 14036  885.75478   55  915  892.00000  873.48491  2.08%  7117 15400s
 41588 14037  888.71761   80  934  892.00000  873.48491  2.08%  7117 15422s
 41590 14038  886.64974   66  946  892.00000  873.48491  2.08%  7116 15444s
 41591 14039  879.75647   45  839  892.00000  873.48491  2.08%  7116 15465s
 41592 14040  883.63920   72  906  892.00000  873.48491  2.08%  7116 15485s
 41593 14040  876.86930   57  942  892.00000  873.48491  2.08%  7116 15505s
 41594 14041  889.33595   73  972  892.00000  873.48491  2.08%  7116 15526s
 41595 14042  887.38837   66  961  892.00000  873.48491  2.08%  7115 15550s
 41596 14042  883.84055   77  994  892.00000  873.48491  2.08%  7115 15583s
 41597 14043  886.67141   97  937  892.00000  873.48491  2.08%  7115 15586s
 41598 14044  888.13670   81  968  892.00000  873.48491  2.08%  7115 15601s
 41600 14045  881.20436   76  982  892.00000  873.48491  2.08%  7115 15625s
 41602 14046  886.62326   87  983  892.00000  873.48491  2.08%  7114 15645s
 41603 14047  876.79661   48  905  892.00000  873.48491  2.08%  7114 15663s
 41604 14048  889.75315   68  972  892.00000  873.48491  2.08%  7114 15685s
 41605 14048  881.61970   86  990  892.00000  873.48491  2.08%  7114 15707s
 41606 14049  875.16191   62  978  892.00000  873.48491  2.08%  7114 15727s
 41607 14050  875.55988   64  980  892.00000  873.48491  2.08%  7113 15730s
 41608 14050  877.41707   69  989  892.00000  873.48491  2.08%  7113 15749s
 41609 14051  875.79886   57  992  892.00000  873.48491  2.08%  7113 15751s
 41610 14052  884.41197   55 1010  892.00000  873.48491  2.08%  7113 15774s
 41611 14052  878.19819   63 1019  892.00000  873.48491  2.08%  7113 15777s
 41612 14053  876.99857   58 1020  892.00000  873.48491  2.08%  7113 15794s
 41613 14054  887.22056   71 1007  892.00000  873.48491  2.08%  7112 15796s
 41614 14054  887.74720   68 1022  892.00000  873.48491  2.08%  7112 15815s
 41615 14055  889.20000  132  912  892.00000  873.48491  2.08%  7112 15840s
 41616 14056  883.24769   77  987  892.00000  873.48491  2.08%  7112 15858s
 41617 14056  886.74786   93  984  892.00000  873.48491  2.08%  7112 15862s
 41618 14057  882.43650   73  980  892.00000  873.48491  2.08%  7112 15879s
 41619 14058  878.84546   69  974  892.00000  873.48491  2.08%  7111 15882s
 41620 14058  877.09632   66  986  892.00000  873.48491  2.08%  7111 15902s
 41621 14059  887.52055   82  959  892.00000  873.48491  2.08%  7111 15928s
 41622 14060  888.74297  100 1006  892.00000  873.48491  2.08%  7111 15944s
 41623 14060  877.14962   46  998  892.00000  873.48491  2.08%  7111 15947s
 41624 14061  885.51743   86  997  892.00000  873.48491  2.08%  7111 15966s
 41626 14062  882.51039   85  988  892.00000  873.48491  2.08%  7110 15986s
 41627 14063  882.17251   83 1000  892.00000  873.48491  2.08%  7110 15990s
 41628 14064  887.82913   84 1006  892.00000  873.48491  2.08%  7110 16007s
 41629 14064  888.94441  109  914  892.00000  873.48491  2.08%  7110 16029s
 41630 14065  876.48480   66  993  892.00000  873.48491  2.08%  7109 16051s
 41631 14066  889.13278   81  993  892.00000  873.48491  2.08%  7109 16073s
 41632 14066  884.73428   65  996  892.00000  873.48491  2.08%  7109 16096s
 41633 14067  879.17621   65  986  892.00000  873.48491  2.08%  7109 16154s
 41634 14068  878.55581   51  981  892.00000  873.48491  2.08%  7109 16174s
 41635 14068  888.00215   91  986  892.00000  873.48491  2.08%  7109 16176s
 41636 14069  885.53787   85  997  892.00000  873.48491  2.08%  7108 16197s
 41637 14070  882.69641   51  923  892.00000  873.48491  2.08%  7108 16220s
 41638 14070  876.24662   67  981  892.00000  873.48491  2.08%  7108 16237s
 41639 14071  884.92450   64 1007  892.00000  873.48491  2.08%  7108 16259s
 41640 14072  888.64852   67 1014  892.00000  873.48491  2.08%  7108 16279s
 41641 14072  881.03443   64 1007  892.00000  873.48491  2.08%  7108 16281s
 41642 14073  884.05023   80 1010  892.00000  873.48491  2.08%  7107 16301s
 41644 14074  877.13113   51 1011  892.00000  873.48491  2.08%  7107 16323s
 41645 14075  878.46054   58  930  892.00000  873.48491  2.08%  7107 16349s
 41646 14076  881.89275   67 1015  892.00000  873.48491  2.08%  7107 16387s
 41647 14076  887.52055   82 1022  892.00000  873.48491  2.08%  7107 16410s
 41648 14077  882.11559   67 1011  892.00000  873.48491  2.08%  7106 16429s
 41649 14078  889.37823   94  986  892.00000  873.48491  2.08%  7106 16449s
 41650 14078  887.68851   56  984  892.00000  873.48491  2.08%  7106 16468s
 41651 14079  884.78341   68  928  892.00000  873.48491  2.08%  7106 16470s
 41652 14080  887.51055   87  953  892.00000  873.48491  2.08%  7106 16491s
 41654 14081  881.99074   59  963  892.00000  873.48491  2.08%  7105 16575s
 41656 14082  877.09448   51  963  892.00000  873.48491  2.08%  7105 16597s
 41657 14083  873.97099   59  894  892.00000  873.48491  2.08%  7105 16611s
 41658 14084  886.74848   79  947  892.00000  873.48491  2.08%  7105 16633s
 41659 14084  883.32277   66  974  892.00000  873.48491  2.08%  7105 16659s
 41660 14085  875.50211   51  983  892.00000  873.48491  2.08%  7104 16684s
 41661 14086  882.69704   73  982  892.00000  873.48491  2.08%  7104 16686s
 41662 14086  887.85377   65  986  892.00000  873.48491  2.08%  7104 16705s
 41663 14087  890.72076   88  927  892.00000  873.48491  2.08%  7104 16724s
 41664 14088  876.57580   63  977  892.00000  873.48491  2.08%  7104 16750s
 41665 14088  890.61858   84  994  892.00000  873.48491  2.08%  7104 16774s
 41666 14089  885.97838   64 1000  892.00000  873.48491  2.08%  7103 16795s
 41667 14090  885.48190   76  983  892.00000  873.48491  2.08%  7103 16818s
 41668 14090  888.31101   81 1003  892.00000  873.48491  2.08%  7103 16838s
 41669 14091  882.09541   60  925  892.00000  873.48491  2.08%  7103 16840s
 41670 14092  884.01780   65  931  892.00000  873.48491  2.08%  7103 16860s
 41672 14093  884.05023   80  890  892.00000  873.48491  2.08%  7102 16886s
 41674 14094  888.99820   96  827  892.00000  873.48491  2.08%  7102 16909s
 41675 14095  879.48942   50  925  892.00000  873.48491  2.08%  7102 16911s
 41676 14096  876.86857   63  905  892.00000  873.48491  2.08%  7102 16932s
 41678 14097  889.70963  102  924  892.00000  873.48491  2.08%  7101 16952s
 41680 14098  879.89811   56  938  892.00000  873.48491  2.08%  7101 16978s
 41681 14099  881.76165   57  863  892.00000  873.48491  2.08%  7101 16999s
 41682 14100  876.21495   58  937  892.00000  873.48491  2.08%  7101 17020s
 41683 14100  879.75162   55  927  892.00000  873.48491  2.08%  7100 17045s
 41684 14101  883.60076   89  950  892.00000  873.48491  2.08%  7100 17067s
 41685 14102  889.11283   57  962  892.00000  873.48491  2.08%  7100 17090s
 41686 14102  889.19770  115  986  892.00000  873.48491  2.08%  7100 17108s
 41687 14103  885.75478   55  985  892.00000  873.48491  2.08%  7100 17112s
 41688 14104  888.71761   80  988  892.00000  873.48491  2.08%  7100 17129s
 41689 14104  887.30777   81  904  892.00000  873.48491  2.08%  7099 17131s
 41690 14105  886.64974   66  908  892.00000  873.48491  2.08%  7099 17153s
 41691 14106  879.75647   45  939  892.00000  873.48491  2.08%  7099 17155s
 41692 14106  883.63920   72  944  892.00000  873.48491  2.08%  7099 17174s
 41693 14107  876.86930   57  965  892.00000  873.48491  2.08%  7099 17176s
 41694 14108  889.33595   73  918  892.00000  873.48491  2.08%  7099 17197s
 41696 14109  883.84055   77  853  892.00000  873.48491  2.08%  7098 17220s
 41698 14110  888.13670   81  886  892.00000  873.48491  2.08%  7098 17241s
 41700 14112  881.20436   76  916  892.00000  873.48491  2.08%  7098 17259s
 41701 14112  881.41500   57  930  892.00000  873.48491  2.08%  7097 17262s
 41702 14113  886.62326   87  940  892.00000  873.48491  2.08%  7097 17277s
 41704 14114  889.75315   68  939  892.00000  873.48491  2.08%  7097 17295s
 41706 14116  875.16191   62  940  892.00000  873.48491  2.08%  7097 17317s
 41707 14116  875.55988   64  944  892.00000  873.48491  2.08%  7096 17320s
 41708 14117  877.41707   69  945  892.00000  873.48491  2.08%  7096 17339s
 41709 14118  875.79886   57  870  892.00000  873.48491  2.08%  7096 17356s
 41710 14118  884.41197   55  928  892.00000  873.48491  2.08%  7096 17372s
 41711 14119  878.19819   63  950  892.00000  873.48491  2.08%  7096 17390s
 41712 14120  876.99857   58  956  892.00000  873.48491  2.08%  7096 17405s
 41713 14120  887.22056   71  956  892.00000  873.48491  2.08%  7095 17425s
 41714 14121  887.74720   68  957  892.00000  873.48491  2.08%  7095 17443s
 41715 14122  889.20000  132  959  892.00000  873.48491  2.08%  7095 17461s
 41716 14122  883.24769   77  959  892.00000  873.48491  2.08%  7095 17483s
 41717 14123  886.74786   93  959  892.00000  873.48491  2.08%  7095 17505s
 41718 14127  873.48491   49  829  892.00000  873.48491  2.08%  7121 17510s
 41724 14133  873.48491   51  867  892.00000  873.48491  2.08%  7121 17516s
 41738 14140  873.48491   53  710  892.00000  873.48491  2.08%  7124 17522s
 41743 14147  873.48491   54  778  892.00000  873.48491  2.08%  7124 17527s
 41752 14152  873.48491   55  731  892.00000  873.48491  2.08%  7124 17531s
 41772 14163  873.48491   56  776  892.00000  873.48491  2.08%  7122 17536s
 41791 14168  873.48491   57  742  892.00000  873.48491  2.08%  7120 17542s
 41803 14172  873.48491   57  706  892.00000  873.48491  2.08%  7119 17545s
 41827 14175  873.48491   59  750  892.00000  873.48491  2.08%  7116 17551s
 41859 14174  873.48491   60  739  892.00000  873.48491  2.08%  7112 17557s
 41877 14173  873.48491   60  737  892.00000  873.48491  2.08%  7110 17562s
 41888 14174  873.48491   61  683  892.00000  873.48491  2.08%  7108 17565s
 41898 14181  873.48491   63  653  892.00000  873.48491  2.08%  7108 17574s
 41903 14184  873.48491   63  659  892.00000  873.48491  2.08%  7108 17577s
 41908 14189  873.48491   64  684  892.00000  873.48491  2.08%  7108 17580s
 41924 14200  873.48491   65  653  892.00000  873.48491  2.08%  7106 17588s
 41932 14204  873.48491   66  681  892.00000  873.48491  2.08%  7106 17591s
 41939 14212  873.48491   67  671  892.00000  873.48491  2.08%  7106 17595s
 41956 14217  873.48491   69  693  892.00000  873.48491  2.08%  7105 17602s
 41962 14224  873.48491   69  660  892.00000  873.48491  2.08%  7105 17605s
 41980 14238  873.48491   71  657  892.00000  873.48491  2.08%  7104 17612s
 41992 14246  873.48491   72  668  892.00000  873.48491  2.08%  7103 17617s
 42006 14256  873.48491   73  663  892.00000  873.48491  2.08%  7102 17622s
 42022 14264  873.48491   75  674  892.00000  873.48491  2.08%  7100 17626s
 42039 14273  875.84229   76  646  892.00000  873.48491  2.08%  7099 17631s
 42053 14278  873.48491   77  709  892.00000  873.48491  2.08%  7098 17636s
 42063 14293  874.56345   78  643  892.00000  873.48491  2.08%  7098 17642s
 42083 14302  873.48644   80  636  892.00000  873.48491  2.08%  7096 17646s
 42100 14314  880.31845   81  534  892.00000  873.48491  2.08%  7095 17652s
 42119 14322  873.81159   83  608  892.00000  873.48491  2.08%  7093 17657s
 42139 14331  873.83155   85  605  892.00000  873.48491  2.08%  7092 17663s
 42162 14343  874.12807   87  620  892.00000  873.48491  2.08%  7090 17670s
 42188 14358  874.96036   90  594  892.00000  873.48491  2.08%  7087 17676s
 42221 14385  875.84895   93  594  892.00000  873.48491  2.08%  7084 17682s
 42266 14413  875.85560   96  600  892.00000  873.48491  2.08%  7079 17687s
 42321 14425  876.67173  102  548  892.00000  873.48491  2.08%  7072 17693s
 42384 14426  878.30643  106  522  892.00000  873.48491  2.08%  7064 17701s
 42439 14457  879.86337  110  532  892.00000  873.48491  2.08%  7056 17707s
 42515 14458  883.62814  123  373  892.00000  873.48491  2.08%  7046 17714s
 42597 14460  888.84645  154  314  892.00000  873.48491  2.08%  7034 17723s
 42645 14480  873.48491   52  822  892.00000  873.48491  2.08%  7028 17731s
 42707 14490  873.48491   54  646  892.00000  873.48491  2.08%  7021 17738s
 42785 14480  873.48491   53  719  892.00000  873.48491  2.08%  7010 17748s
 42839 14475  873.48491   56  601  892.00000  873.48491  2.08%  7003 17757s
 42852 14484  874.69287   57  632  892.00000  873.48491  2.08%  7003 17764s
 42865 14501  874.49742   57  605  892.00000  873.48491  2.08%  7003 17774s
 42887 14531  875.80995   58  620  892.00000  873.48491  2.08%  7002 17782s
 42924 14599  878.69995   68  426  892.00000  873.48491  2.08%  6999 17791s
 43011 14601     cutoff   95       892.00000  873.48491  2.08%  6988 17803s
 43085 14623  888.68013   57  483  892.00000  873.48491  2.08%  6979 17815s
 43146 14641  873.48491   54  697  892.00000  873.48491  2.08%  6973 17826s
 43201 14663  873.62494   56  735  892.00000  873.48491  2.08%  6967 17836s
 43242 14691  875.64438   57  782  892.00000  873.48491  2.08%  6964 17848s
 43288 14705  876.10164   60  586  892.00000  873.48491  2.08%  6960 17860s
 43343 14737  875.70911   60  620  892.00000  873.48491  2.08%  6954 17874s
 43410 14768  878.51041   62  632  892.00000  873.48491  2.08%  6948 17888s
 43475 14790  878.99539   65  586  892.00000  873.48491  2.08%  6942 17901s
 43520 14850  882.99318   72  524  892.00000  873.48491  2.08%  6939 17919s
 43652 14827  873.58177   64  662  892.00000  873.48491  2.08%  6922 17936s
 43673 14867  875.88124   68  587  892.00000  873.48491  2.08%  6922 17953s
 43739 14920  878.42544   72  609  892.00000  873.48491  2.08%  6917 17971s
 43868 14900  875.74831   62  605  892.00000  873.48491  2.08%  6902 17988s
 43907 14944  877.95680   67  579  892.00000  873.48491  2.08%  6899 18008s
 44000 14996  880.62504   62  554  892.00000  873.48491  2.08%  6891 18026s
 44108 15013  886.79565   71  490  892.00000  873.48491  2.08%  6879 18043s
 44181 15077  873.49119   57  530  892.00000  873.48491  2.08%  6873 18062s
 44280 15111  875.21795   60  552  892.00000  873.48491  2.08%  6863 18082s
 44384 15147  881.51417   73  487  892.00000  873.48491  2.08%  6852 18105s
 44535 15155  875.67302   63  678  892.00000  873.48491  2.08%  6835 18126s
 44612 15193  880.51370   68  576  892.00000  873.48491  2.08%  6829 18151s
 44715 15225  873.89136   60  634  892.00000  873.48491  2.08%  6819 18174s
 44799 15338  882.29030   77  523  892.00000  873.48491  2.08%  6812 18199s
 45001 15353  874.95488   58  661  892.00000  873.48491  2.08%  6790 18225s
 45143 15384  881.09553   57  563  892.00000  873.48491  2.08%  6776 18250s
 45260 15448  876.08174   58  595  892.00000  873.48491  2.08%  6766 18279s
 45387 15533  888.16245   89  538  892.00000  873.48491  2.08%  6755 18310s
 45557 15599  877.59056   69  565  892.00000  873.48491  2.08%  6739 18340s
 45723 15664  874.66899   67  688  892.00000  873.48491  2.08%  6724 18370s
 45894 15744  874.68832   65  626  892.00000  873.48491  2.08%  6708 18400s
 46084 15835  885.19764   91  458  892.00000  873.48491  2.08%  6690 18431s
 46305 15871  876.05425   74  598  892.00000  873.48491  2.08%  6669 18467s
 46510 15944  878.01475   66  560  892.00000  873.48491  2.08%  6650 18501s
 46781 15981  885.57642   73  425  892.00000  873.48491  2.08%  6622 18539s
 46981 16064  886.12941   75  483  892.00000  873.48491  2.08%  6604 18576s
 47269 16149  883.97444   68  501  892.00000  873.48491  2.08%  6576 18616s
 47569 16198  874.86620   61  740  892.00000  873.48491  2.08%  6547 18657s
 47769 16347  887.14962  101  423  892.00000  873.48491  2.08%  6530 18703s
 48169 16406  874.89670   67  664  892.00000  873.48491  2.08%  6489 18750s
 48470 16396  875.62598   68  498  892.00000  873.48491  2.08%  6461 18802s
 48631 16494  876.91978   56  746  892.00000  873.48491  2.08%  6451 18860s
 48889 16580  877.09089   67  713  892.00000  873.48491  2.08%  6431 18912s
 49202 16586  876.27350   59  727  892.00000  873.48491  2.08%  6405 18970s
 49432 16715  876.98618   74  598  892.00000  873.49727  2.07%  6389 19029s
 49776 16813  876.79881   76  660  892.00000  873.56203  2.07%  6361 19092s
 50156 16845  876.08445   63  602  892.00000  873.60059  2.06%  6329 19155s
 50423 16996  878.47305   62  643  892.00000  873.65546  2.06%  6309 19221s
 50883 17081  881.33010   85  545  892.00000  873.76747  2.04%  6270 19292s
 51334 17179  880.62211   74  642  892.00000  873.91632  2.03%  6234 19368s
 51724 17140  881.11743   60  735  892.00000  873.95765  2.02%  6205 19453s
 51882 17713  876.69669   62  639  892.00000  873.99200  2.02%  6191 19641s
 52971 17592  889.97016   73  580  892.00000  874.12503  2.00%  6111 19724s
 53445 17639  876.41316   76  594  892.00000  874.20205  2.00%  6076 19800s
 53795 17893  882.92221   78  561  892.00000  874.29162  1.99%  6053 19880s
 54309 17992  890.19300   92  592  892.00000  874.36875  1.98%  6017 19960s
 54782 18167  881.85326   83  608  892.00000  874.45912  1.97%  5986 20036s
 55289 18379  879.95332   73  497  892.00000  874.52949  1.96%  5953 20111s
 55878 18563  880.84734   71  587  892.00000  874.57113  1.95%  5911 20185s
 56514 18713  877.64981   60  751  892.00000  874.61318  1.95%  5864 20246s
 57071 18867  885.44598   86  471  892.00000  874.62802  1.95%  5826 20313s
 57651 18891  876.64067   60  609  892.00000  874.69282  1.94%  5785 20373s
 58003 19018  877.53176   73  654  892.00000  874.72746  1.94%  5767 20436s
 58367 19051  877.70856   73  598  892.00000  874.75221  1.93%  5747 20496s
 58684 19168  877.21406   60  739  892.00000  874.77805  1.93%  5727 20564s
 59000 19350  877.23871   66  644  892.00000  874.83061  1.92%  5710 20628s
 59456 19459  877.12156   70  551  892.00000  874.86699  1.92%  5684 20695s
 59871 19553  883.27513   66  583  892.00000  874.92184  1.91%  5660 20761s
 60250 19720  881.59030   74  672  892.00000  874.96834  1.91%  5640 20828s
 60773 19888  876.85151   71  665  892.00000  875.04458  1.90%  5608 20891s
 61260 20077  885.82467  102  522  892.00000  875.07291  1.90%  5581 20957s
 61788 20215  879.90887   67  580  892.00000  875.11984  1.89%  5551 21025s
 62224 20355  883.78847   80  535  892.00000  875.13320  1.89%  5527 21094s
 62721 20440  880.30047   71  589  892.00000  875.18392  1.89%  5501 21152s
 63081 20636  877.43759   68  721  892.00000  875.19773  1.88%  5484 21213s
 63547 20750  879.81508   64  546  892.00000  875.22848  1.88%  5459 21274s
 63963 20909  881.42172   83  532  892.00000  875.24831  1.88%  5438 21335s
 64415 20960  878.55946   65  592  892.00000  875.29203  1.87%  5415 21396s
 64765 21137  879.50429   65  574  892.00000  875.32574  1.87%  5399 21455s
 65184 21260  877.15296   68  629  892.00000  875.33719  1.87%  5379 21516s
 65651 21407  880.80259   74  543  892.00000  875.39198  1.86%  5356 21574s
 66126 21532  876.58240   66  621  892.00000  875.44521  1.86%  5332 21634s
 66574 21675  886.12398   94  496  892.00000  875.47583  1.85%  5310 21694s
 67010 21839  881.43517   74  577  892.00000  875.48854  1.85%  5290 21752s
 67458 21970  883.98727   70  629  892.00000  875.50405  1.85%  5269 21805s
 67927 22019  890.45457  110  421  892.00000  875.53400  1.85%  5247 21860s
 68264 22144  882.36873   69  651  892.00000  875.56164  1.84%  5234 21915s
 68641 22313     cutoff   74       892.00000  875.57860  1.84%  5218 21972s
 69105 22458  879.64870   79  557  892.00000  875.60758  1.84%  5197 22030s
 69505 22594  880.50489   74  587  892.00000  875.62109  1.84%  5180 22087s
 69974 22769  881.91595   77  542  892.00000  875.64528  1.83%  5159 22144s
 70461 22845     cutoff   64       892.00000  875.67528  1.83%  5137 22204s
 70834 23065  880.70124   73  591  892.00000  875.68074  1.83%  5121 22260s
 71375 23203  883.60532   85  518  892.00000  875.71716  1.83%  5096 22317s
 71901 23328  884.00622   80  499  892.00000  875.73113  1.82%  5072 22371s
 72355 23527  882.86284   62  702  892.00000  875.76637  1.82%  5053 22421s
 72847 23708  885.31558   80  570  892.00000  875.79055  1.82%  5032 22491s
 73435 23704  876.87601   66  700  892.00000  875.83304  1.81%  5007 22542s
 73739 23853  883.21827   67  452  892.00000  875.84552  1.81%  4996 22594s
 74152 23976  886.39995   74  619  892.00000  875.86278  1.81%  4980 22645s
 74553 24132  879.68436   65  593  892.00000  875.89010  1.81%  4965 22697s
 74986 24200  882.17357   75  637  892.00000  875.90554  1.80%  4948 22748s
 75303 24393  885.44706   98  584  892.00000  875.93500  1.80%  4937 22802s
 75747 24600  881.60995   84  506  892.00000  875.95834  1.80%  4920 22855s
 76338 24619  881.23631   76  615  892.00000  875.97928  1.80%  4894 22903s
 76694 24758  885.53328   94  477  892.00000  876.00178  1.79%  4882 22956s
 77074 24928  878.38479   79  591  892.00000  876.01353  1.79%  4868 23006s
 77491 25058  885.54229  110  519  892.00000  876.03223  1.79%  4853 23056s
 78012 25153  881.27857   71  628  892.00000  876.06211  1.79%  4831 23104s
 78453 25291  876.92139   68  745  892.00000  876.08214  1.78%  4814 23155s
 78889 25410  886.11038   80  455  892.00000  876.08834  1.78%  4799 23206s
 79325 25472  890.46972   67  588  892.00000  876.10035  1.78%  4783 23258s
 79608 25649  881.96419   73  522  892.00000  876.11624  1.78%  4777 23310s
 80029 25823  879.93151   62  726  892.00000  876.13237  1.78%  4762 23359s
 80515 25965  890.33362   89  425  892.00000  876.13837  1.78%  4744 23408s
 80997 26028  879.38163   68  706  892.00000  876.15674  1.78%  4726 23458s
 81348 26175  877.27989   63  645  892.00000  876.17149  1.77%  4715 23508s
 81743 26335  878.78535   64  465  892.00000  876.19325  1.77%  4703 23560s
 82168 26368  879.93021   76  567  892.00000  876.21293  1.77%  4689 23612s
 82463 26541  877.72245   71  673  892.00000  876.22357  1.77%  4678 23660s
 82854 26708  878.06056   70  547  892.00000  876.23374  1.77%  4666 23709s
 83304 26888  876.83409   63  640  892.00000  876.25073  1.77%  4652 23770s
 83850 27025  879.76424   69  712  892.00000  876.27205  1.76%  4635 23817s
 84305 27200  878.27768   69  694  892.00000  876.29518  1.76%  4620 23861s
 84662 27445  879.87921   80  629  892.00000  876.31051  1.76%  4609 23908s
 85048 27753  878.70788   68  661  892.00000  876.32914  1.76%  4597 23957s
 85581 28031  885.65099   70  672  892.00000  876.34872  1.75%  4579 24003s
 86024 28289  883.58498   85  575  892.00000  876.35220  1.75%  4564 24050s
 86461 28413  879.01967   63  852  892.00000  876.37388  1.75%  4551 24092s
 86648 28563     cutoff   80       892.00000  876.38413  1.75%  4547 24138s
 86927 28814  889.47462   82  442  892.00000  876.38514  1.75%  4538 24188s
 87338 29066  881.20369   74  559  892.00000  876.40180  1.75%  4526 24239s
 87845 29282  884.10636   79  600  892.00000  876.42332  1.75%  4510 24284s
 88198 29625  882.59752   72  537  892.00000  876.43808  1.74%  4501 24331s
 88711 29904  883.76474   83  555  892.00000  876.44950  1.74%  4484 24377s
 89114 30112  887.52250   70  529  892.00000  876.46360  1.74%  4473 24423s
 89485 30407  878.33611   73  597  892.00000  876.47403  1.74%  4463 24473s
 89978 30714  878.76005   72  775  892.00000  876.48888  1.74%  4448 24520s
 90477 30995  881.69590   76  601  892.00000  876.50106  1.74%  4433 24564s
 90583 30995  881.75140   73  560  892.00000  876.50106  1.74%  4430 24565s
 90889 31236  877.75381   70  433  892.00000  876.51547  1.74%  4422 24613s
 91311 31412  881.01012   60  638  892.00000  876.53069  1.73%  4411 24658s
 91626 31663  880.86457   79  566  892.00000  876.54437  1.73%  4404 24704s
 92036 31797  881.75038   72  580  892.00000  876.55519  1.73%  4393 24748s
 92269 32033  879.76894   73  580  892.00000  876.56699  1.73%  4387 24797s
 92674 32280     cutoff   68       892.00000  876.59041  1.73%  4376 24847s
 93131 32538  879.87835   78  641  892.00000  876.59718  1.73%  4365 24895s
 93500 32842  883.66078   82  554  892.00000  876.61577  1.72%  4356 24940s
 93973 33209  883.40932   80  539  892.00000  876.62842  1.72%  4343 25000s
 94552 33452  878.88716   69  524  892.00000  876.64191  1.72%  4328 25044s
 94990 33690  881.94558   69  558  892.00000  876.65437  1.72%  4316 25089s
 95477 33871  877.42418   63  683  892.00000  876.66704  1.72%  4303 25132s
 95763 34068  880.71265   73  606  892.00000  876.66919  1.72%  4297 25177s
 96080 34334  877.82660   76  610  892.00000  876.68544  1.72%  4291 25227s
 96489 34596  889.89212  123  429  892.00000  876.69288  1.72%  4282 25271s
 96862 34863  882.07966   80  545  892.00000  876.70038  1.72%  4273 25316s
 97290 35073  882.58200   70  655  892.00000  876.71399  1.71%  4263 25365s
 97647 35297  877.96929   72  516  892.00000  876.72092  1.71%  4255 25414s
 98021 35587  880.04917   65  567  892.00000  876.72682  1.71%  4247 25461s
 98483 35905  882.18343   73  606  892.00000  876.73883  1.71%  4236 25511s
 98964 36227     cutoff   81       892.00000  876.75127  1.71%  4225 25557s
 99462 36509  883.37950   92  459  892.00000  876.76962  1.71%  4212 25600s
 99925 36762  887.20167  110  453  892.00000  876.78027  1.71%  4201 25645s
 100353 37001  887.88382   75  583  892.00000  876.79627  1.70%  4191 25690s
 100808 37273  882.15442   67  656  892.00000  876.81747  1.70%  4181 25735s
 101299 37572  884.40976   69  557  892.00000  876.83186  1.70%  4169 25777s
 101761 37855  885.79095   73  536  892.00000  876.84663  1.70%  4158 25824s
 102221 37929  879.31520   65  667  892.00000  876.86129  1.70%  4147 25865s
 102305 38123  890.39626   86  452  892.00000  876.86129  1.70%  4145 25908s
 102664 38414  878.77195   77  654  892.00000  876.87317  1.70%  4137 25952s
 103131 38694  886.38480   79  519  892.00000  876.88271  1.69%  4126 25996s
 103569 38698  883.62873   87  606  892.00000  876.89528  1.69%  4117 26033s
 103573 38702  883.92487   88  566  892.00000  876.89528  1.69%  4117 26071s
 103577 38701  884.33108   89  564  892.00000  876.89528  1.69%  4117 26111s
 103586 38762  884.55414   90  576  892.00000  876.89528  1.69%  4117 26152s
 103682 38956  884.98906   91  580  892.00000  876.90150  1.69%  4115 26199s
 103998 39246  881.70438   77  562  892.00000  876.91877  1.69%  4109 26243s
 104422 39613  880.65266   65  536  892.00000  876.92978  1.69%  4101 26301s
 105068 39873  878.17320   74  753  892.00000  876.94213  1.69%  4086 26342s
 105478 40063  878.51386   63  762  892.00000  876.95273  1.69%  4077 26381s
 105776 40272  879.12201   63  449  892.00000  876.95685  1.69%  4072 26424s
 106143 40571  883.03165   78  491  892.00000  876.96336  1.69%  4065 26468s
 106641 40726  878.02759   67  608  892.00000  876.97477  1.68%  4053 26509s
 106976 40948  884.65234   64  511  892.00000  876.98947  1.68%  4047 26554s
 107466 41247  880.04835   69  675  892.00000  877.00681  1.68%  4036 26596s
 107904 41479  879.98772   69  637  892.00000  877.01368  1.68%  4027 26636s
 108290 41761  888.34728   87  522  892.00000  877.02544  1.68%  4020 26677s
 108753 41997  886.85023   74  443  892.00000  877.03981  1.68%  4011 26724s
 109150 42283  879.64855   66  654  892.00000  877.04846  1.68%  4003 26764s
 109615 42578  881.82496   89  502  892.00000  877.06589  1.67%  3993 26808s
 110037 42807  879.11478   75  615  892.00000  877.07565  1.67%  3985 26848s
 110365 43019  882.59169   65  531  892.00000  877.08159  1.67%  3979 26892s
 110715 43250  886.69416   77  509  892.00000  877.08809  1.67%  3973 26936s
 111143 43508  888.54809   72  352  892.00000  877.09465  1.67%  3965 26978s
 111684 43775  882.48157   64  558  892.00000  877.10580  1.67%  3953 27019s
 112061 43968  880.96153   76  566  892.00000  877.11207  1.67%  3947 27060s
 112470 44202  885.57620   82  393  892.00000  877.11799  1.67%  3938 27104s
 112849 44432  881.33269   78  588  892.00000  877.13519  1.67%  3931 27148s
 113273 44658  883.86538   79  605  892.00000  877.14610  1.67%  3923 27187s
 113621 44987  879.98688   69  529  892.00000  877.15768  1.66%  3918 27228s
 114124 45276  887.61616   65  633  892.00000  877.16485  1.66%  3908 27273s
 114577 45502  879.89264   70  684  892.00000  877.17508  1.66%  3899 27318s
 114975 45825  878.64680   69  759  892.00000  877.18501  1.66%  3892 27371s
 115446 46108  880.42099   71  541  892.00000  877.19908  1.66%  3884 27416s
 115972 46368  880.57698   80  564  892.00000  877.20779  1.66%  3874 27456s
 116391 46644  882.49736   67  508  892.00000  877.21640  1.66%  3866 27498s
 116833 46898  882.32272   70  534  892.00000  877.22506  1.66%  3859 27538s
 117281 47131     cutoff   70       892.00000  877.23155  1.66%  3851 27580s
 117702 47395  878.51992   62  630  892.00000  877.24517  1.65%  3844 27623s
 118123 47693  882.18233   74  558  892.00000  877.25316  1.65%  3836 27663s
 118568 47949  878.82220   75  576  892.00000  877.26952  1.65%  3828 27704s
 118999 48217  886.48889   96  594  892.00000  877.27657  1.65%  3820 27747s
 119382 48492  882.40667   87  537  892.00000  877.28203  1.65%  3814 27788s
 119767 48759  881.31618   80  597  892.00000  877.29282  1.65%  3808 27830s
 120208 48954  888.87896   88  504  892.00000  877.30151  1.65%  3801 27870s
 120505 49197  886.42302   99  562  892.00000  877.31190  1.65%  3797 27911s
 120963 49470  881.85210   71  545  892.00000  877.31919  1.65%  3789 27954s
 121346 49693  884.20691   67  599  892.00000  877.32390  1.65%  3783 27995s
 121743 49940  879.27200   75  583  892.00000  877.32764  1.64%  3777 28037s
 122125 50214  879.89277   67  538  892.00000  877.33564  1.64%  3771 28079s
 122547 50459  877.56427   67  530  892.00000  877.34294  1.64%  3765 28121s
 122924 50713  878.27612   65  590  892.00000  877.35470  1.64%  3759 28162s
 123338 50911  880.77422   62  655  892.00000  877.36271  1.64%  3753 28202s
 123676 51169  884.42006   83  542  892.00000  877.36453  1.64%  3748 28243s
 124098 51483  882.20727   74  626  892.00000  877.37554  1.64%  3742 28287s
 124539 51765  881.25090   75  532  892.00000  877.38311  1.64%  3735 28328s
 124986 52089  879.74114   83  589  892.00000  877.39757  1.64%  3727 28369s
 125499 52396  879.63224   71  651  892.00000  877.40247  1.64%  3719 28422s
 126050 52660  879.85214   62  607  892.00000  877.41503  1.64%  3711 28462s
 126493 52908  888.33626   76  495  892.00000  877.42350  1.63%  3703 28500s
 126861 53119  882.64369   77  594  892.00000  877.43144  1.63%  3698 28540s
 127181 53424  885.16849   80  506  892.00000  877.43792  1.63%  3694 28584s
 127691 53681  878.07401   63  717  892.00000  877.44816  1.63%  3685 28623s
 128134 53735  880.72801   70  670  892.00000  877.45152  1.63%  3678 28661s
 128222 53943  882.59917   73  516  892.00000  877.45152  1.63%  3677 28708s
 128562 54188  879.49009   70  614  892.00000  877.46177  1.63%  3672 28750s
 128899 54472     cutoff  103       892.00000  877.46705  1.63%  3669 28793s
 129307 54796  879.40336   66  596  892.00000  877.47609  1.63%  3663 28835s
 129786 55073  882.57105   84  572  892.00000  877.48277  1.63%  3656 28879s
 130249 55284  884.10721   77  610  892.00000  877.49259  1.63%  3649 28927s
 130564 55598  880.97292   82  633  892.00000  877.49399  1.63%  3645 28969s
 131063 55827  888.97165   90  532  892.00000  877.50928  1.62%  3638 29010s
 131465 56139  883.45363   74  614  892.00000  877.51352  1.62%  3632 29050s
 131952 56422  880.52961   76  543  892.00000  877.52534  1.62%  3625 29092s
 132417 56642  878.63683   72  585  892.00000  877.53781  1.62%  3618 29133s
 132802 56923  878.58591   70  571  892.00000  877.54581  1.62%  3613 29179s
 133231 57135  880.15279   71  639  892.00000  877.55715  1.62%  3608 29221s
 133660 57465  879.33577   75  553  892.00000  877.55971  1.62%  3602 29260s
 134216 57709  880.73080   70  621  892.00000  877.56892  1.62%  3594 29303s
 134591 58090  879.59556   75  586  892.00000  877.57374  1.62%  3588 29343s
 135207 58344  878.58183   76  613  892.00000  877.58640  1.62%  3578 29383s
 135622 58583  879.69692   83  674  892.00000  877.59181  1.62%  3573 29423s
 136052 58977  881.03819   80  605  892.00000  877.59914  1.61%  3567 29476s
 136649 59278  878.93113   70  614  892.00000  877.61128  1.61%  3559 29512s
 137071 59534  879.29314   76  597  892.00000  877.61682  1.61%  3553 29550s
 137514 59763  879.56129   74  620  892.00000  877.62302  1.61%  3546 29584s
 137875 60022  886.07551   85  505  892.00000  877.63305  1.61%  3542 29619s
 138300 60310  887.32715   75  653  892.00000  877.64050  1.61%  3536 29655s
 138709 60536  880.30201   86  676  892.00000  877.64593  1.61%  3531 29692s
 139069 60791  881.60287   69  641  892.00000  877.64981  1.61%  3527 29730s
 139483 61047  885.74524   72  632  892.00000  877.65691  1.61%  3521 29768s
 139864 61312  890.00598   72  427  892.00000  877.66042  1.61%  3517 29805s
 140294 61488  882.09138   73  650  892.00000  877.66733  1.61%  3511 29841s
 140645 61805  879.34335   73  657  892.00000  877.67264  1.61%  3507 29879s
 141236 61982  880.11873   73  609  892.00000  877.68138  1.61%  3498 29920s
 141551 62015  884.81237   74  591  892.00000  877.68714  1.60%  3494 29956s
 141595 62102  889.85140   85  531  892.00000  877.68756  1.60%  3494 29993s
 141733 62287  881.64781   68  551  892.00000  877.68993  1.60%  3492 30032s
 142097 62518  887.66343   84  573  892.00000  877.69765  1.60%  3489 30070s
 142475 62783  879.07918   75  553  892.00000  877.70489  1.60%  3485 30114s
 142910 63035     cutoff   65       892.00000  877.70734  1.60%  3479 30155s
 143391 63287  881.01651   70  593  892.00000  877.71409  1.60%  3473 30197s
 143906 63510  881.50753   82  468  892.00000  877.71998  1.60%  3466 30235s
 144292 63798  881.53076   73  509  892.00000  877.72487  1.60%  3462 30274s
 144710 64048  879.71185   67  619  892.00000  877.72957  1.60%  3457 30311s
 145098 64290  884.44918   79  467  892.00000  877.73503  1.60%  3453 30351s
 145537 64563  878.95083   69  663  892.00000  877.74287  1.60%  3447 30391s
 145935 64789  881.12141   77  609  892.00000  877.74598  1.60%  3443 30429s
 146312 65181  885.05627   65  600  892.00000  877.75295  1.60%  3439 30479s
 146899 65468  882.15809   77  513  892.00000  877.76348  1.60%  3432 30513s
 147333 65685     cutoff   98       892.00000  877.76724  1.60%  3426 30546s
 147664 65942  889.42160   79  507  892.00000  877.77940  1.59%  3423 30583s
 148054 66179  882.81500   71  529  892.00000  877.78491  1.59%  3418 30621s
 148438 66398  882.27152   75  546  892.00000  877.79393  1.59%  3415 30660s
 148829 66654  882.59441   76  581  892.00000  877.80106  1.59%  3410 30700s
 149204 66970  879.61906   76  609  892.00000  877.80628  1.59%  3407 30738s
 149656 67238  887.31239   73  560  892.00000  877.81250  1.59%  3401 30777s
 150134 67522  882.02323   78  613  892.00000  877.82091  1.59%  3396 30822s
 150566 67762  884.18276   79  468  892.00000  877.82641  1.59%  3391 30859s
 150903 68064  882.41860   73  606  892.00000  877.83325  1.59%  3388 30895s
 151394 68356  879.75701   63  624  892.00000  877.84113  1.59%  3381 30932s
 151828 68617  880.61645   80  594  892.00000  877.84572  1.59%  3376 30969s
 152244 68879  881.85044   68  614  892.00000  877.85148  1.59%  3372 31008s
 152653 69176  885.74013   77  476  892.00000  877.85900  1.59%  3368 31045s
 153133 69425  878.46627   70  624  892.00000  877.86778  1.58%  3362 31083s
 153532 69691  879.89304   77  638  892.00000  877.87484  1.58%  3358 31122s
 154012 70002  884.40970   85  589  892.00000  877.88028  1.58%  3352 31157s
 154476 70267  881.37254   74  468  892.00000  877.88921  1.58%  3346 31194s
 154897 70534  888.64079   64  586  892.00000  877.89847  1.58%  3342 31228s
 155251 70799  886.39731   83  503  892.00000  877.90285  1.58%  3338 31263s
 155662 71083     cutoff   94       892.00000  877.90648  1.58%  3334 31302s
 156149 71393  887.50158   95  469  892.00000  877.91636  1.58%  3328 31337s
 156645 71831     cutoff   84       892.00000  877.92632  1.58%  3322 31386s
 157315 72012  878.74424   65  641  892.00000  877.93246  1.58%  3314 31416s
 157630 72177  887.67175   86  561  892.00000  877.93442  1.58%  3311 31448s
 158077 72372  888.31588   78  376  892.00000  877.94113  1.58%  3306 31479s
 158510 72549  880.91374   69  624  892.00000  877.94642  1.58%  3301 31509s
 158803 72815  880.76391   79  573  892.00000  877.94801  1.58%  3298 31542s
 159235 72994  880.84870   75  593  892.00000  877.95273  1.57%  3294 31573s
 159538 73260  880.62285   85  639  892.00000  877.95667  1.57%  3291 31608s
 159947 73565  880.18305   73  683  892.00000  877.96189  1.57%  3287 31644s
 160441 73823  880.86179   79  629  892.00000  877.96750  1.57%  3281 31676s
 160855 74066  880.84550   71  661  892.00000  877.97273  1.57%  3277 31711s
 161281 74267  879.74901   72  652  892.00000  877.97912  1.57%  3273 31748s
 161632 74482  881.83193   74  569  892.00000  877.98155  1.57%  3269 31782s
 162027 74766  880.66376   75  664  892.00000  877.98544  1.57%  3265 31816s
 162473 75048  882.89177   76  582  892.00000  877.99055  1.57%  3260 31849s
 162906 75295  886.76689   75  555  892.00000  877.99558  1.57%  3256 31882s
 163323 75519  879.50474   70  597  892.00000  878.00458  1.57%  3251 31918s
 163669 75769  882.23439   72  573  892.00000  878.00958  1.57%  3248 31953s
 164106 75932  884.24005   89  575  892.00000  878.01496  1.57%  3244 31986s
 164358 76009  888.61570   98  565  892.00000  878.02184  1.57%  3242 32021s
 164486 76122  889.09729   99  534  892.00000  878.02184  1.57%  3240 32054s
 164703 76377  883.78648   78  522  892.00000  878.02367  1.57%  3239 32092s
 165152 76614  886.58298   76  518  892.00000  878.03112  1.57%  3234 32128s
 165549 76877  878.55256   66  625  892.00000  878.03504  1.57%  3231 32168s
 165976 77032  883.42468   73  514  892.00000  878.04137  1.56%  3227 32203s
 166265 77345  881.78671   79  526  892.00000  878.04137  1.56%  3224 32240s
 166727 77666  880.43954   78  655  892.00000  878.05025  1.56%  3220 32277s
 167226 78020  884.65926   78  553  892.00000  878.05460  1.56%  3214 32323s
 167783 78234  885.96763   71  460  892.00000  878.06382  1.56%  3209 32360s
 168138 78451  881.48237   66  667  892.00000  878.06706  1.56%  3207 32398s
 168539 78738  887.28661   83  569  892.00000  878.07057  1.56%  3203 32437s
 169004 78975  886.52779   67  431  892.00000  878.07635  1.56%  3199 32472s
 169460 79231     cutoff   76       892.00000  878.08232  1.56%  3195 32509s
 169936 79457  883.76847   76  653  892.00000  878.08665  1.56%  3191 32545s
 170313 79764  881.18912   77  577  892.00000  878.09040  1.56%  3187 32582s
 170822 80050  889.15631   75  647  892.00000  878.09732  1.56%  3182 32616s
 171287 80226     cutoff   76       892.00000  878.10161  1.56%  3178 32651s
 171627 80472  884.79355   81  618  892.00000  878.10675  1.56%  3175 32687s
 172020 80769  882.96843   79  573  892.00000  878.11205  1.56%  3172 32723s
 172487 80968  881.70262   71  573  892.00000  878.11998  1.56%  3167 32759s
 172821 81135  880.82182   76  607  892.00000  878.12153  1.56%  3165 32795s
 173164 81350  882.65748   62  586  892.00000  878.12625  1.56%  3163 32829s
 173536 81631  889.98046   70  634  892.00000  878.13289  1.55%  3160 32864s
 173978 81872  883.25834   70  647  892.00000  878.14184  1.55%  3157 32903s
 174373 82142  887.73275   80  504  892.00000  878.14696  1.55%  3154 32941s
 174850 82370  889.14330   68  590  892.00000  878.15152  1.55%  3149 32980s
 175286 82669  881.46965   82  657  892.00000  878.15788  1.55%  3145 33016s
 175759 82892  880.71927   72  619  892.00000  878.16147  1.55%  3141 33051s
 176165 83226  887.84743   83  478  892.00000  878.16772  1.55%  3138 33086s
 176677 83509  885.30580   74  462  892.00000  878.17318  1.55%  3133 33123s
 177108 83775  882.41187   68  598  892.00000  878.17884  1.55%  3129 33158s
 177599 84100  882.57926   71  543  892.00000  878.18557  1.55%  3125 33206s
 178188 84316  883.94534   67  672  892.00000  878.18985  1.55%  3120 33242s
 178556 84615  881.95097   73  564  892.00000  878.19778  1.55%  3117 33275s
 179028 84895  882.34670   72  575  892.00000  878.20500  1.55%  3112 33312s
 179460 85089  885.64994   72  686  892.00000  878.20852  1.55%  3109 33347s
 179790 85311  879.79733   76  601  892.00000  878.21238  1.55%  3106 33380s
 180156 85511  885.94624  100  414  892.00000  878.21990  1.54%  3104 33414s
 180542 85782  882.54780   60  670  892.00000  878.22514  1.54%  3101 33449s
 180999 86003  890.80391   82  339  892.00000  878.23051  1.54%  3097 33481s
 181375 86196  887.31175   88  505  892.00000  878.23706  1.54%  3094 33515s
 181711 86369  881.87024   67  568  892.00000  878.23980  1.54%  3092 33552s
 181970 86637  886.68476   96  493  892.00000  878.24280  1.54%  3090 33590s
 182528 86943  886.10160   71  510  892.00000  878.24748  1.54%  3085 33624s
 183012 87222  879.45649   75  556  892.00000  878.25108  1.54%  3081 33659s
 183449 87528  883.19176   74  663  892.00000  878.25663  1.54%  3078 33694s
 183919 87768  880.06724   83  495  892.00000  878.25875  1.54%  3073 33731s
 184318 88010  882.18619   80  486  892.00000  878.26837  1.54%  3071 33765s
 184701 88271  879.82037   64  500  892.00000  878.27341  1.54%  3068 33801s
 185111 88507  885.84815   69  494  892.00000  878.27690  1.54%  3065 33836s
 185463 88802  879.57295   74  540  892.00000  878.27690  1.54%  3062 33872s
 185924 89083  887.05230   76  571  892.00000  878.28262  1.54%  3058 33907s
 186400 89287  887.13278   72  574  892.00000  878.28760  1.54%  3054 33941s
 186726 89548  882.69533   88  494  892.00000  878.28868  1.54%  3052 33977s
 187168 89799     cutoff   74       892.00000  878.29530  1.54%  3048 34010s
 187608 90023  881.91158   70  594  892.00000  878.30350  1.54%  3045 34044s
 188007 90348  889.69836   84  493  892.00000  878.30642  1.54%  3042 34092s
 188566 90624  883.07158   83  520  892.00000  878.31261  1.53%  3038 34128s
 189025 90879  880.19491   66  661  892.00000  878.31902  1.53%  3034 34161s
 189407 91137  882.41563   91  534  892.00000  878.32154  1.53%  3032 34193s
 189799 91388  887.96861   89  396  892.00000  878.32742  1.53%  3029 34231s
 190259 91607  880.26053   73  645  892.00000  878.33371  1.53%  3025 34265s
 190671 91854  880.48189   70  559  892.00000  878.34265  1.53%  3022 34297s
 191100 92071  881.06519   81  555  892.00000  878.34710  1.53%  3019 34331s
 191614 92279  878.95198   73  560  892.00000  878.35199  1.53%  3014 34362s
 191955 92550  883.25110   67  577  892.00000  878.35622  1.53%  3012 34396s
 192377 92815  880.26834   81  672  892.00000  878.36111  1.53%  3009 34428s
 192767 93085  889.64289  109  403  892.00000  878.36240  1.53%  3006 34462s
 193222 93337  882.12827   75  519  892.00000  878.36686  1.53%  3003 34498s
 193619 93479     cutoff   78       892.00000  878.37237  1.53%  3000 34532s
 193958 93794  884.19564   82  596  892.00000  878.37803  1.53%  2998 34567s
 194445 94046  880.41315   82  567  892.00000  878.38198  1.53%  2994 34601s
 194827 94287  882.06441   74  533  892.00000  878.38504  1.53%  2992 34633s
 195176 94589  885.93707   72  509  892.00000  878.38629  1.53%  2989 34668s
 195654 94763  885.13054   72  653  892.00000  878.39357  1.53%  2986 34702s
 195913 94993  881.00433   63  598  892.00000  878.39640  1.53%  2984 34735s
 196320 95195     cutoff   92       892.00000  878.40122  1.52%  2981 34769s
 196674 95460  887.61877   82  485  892.00000  878.40461  1.52%  2979 34805s
 197171 95697  885.27741   82  532  892.00000  878.40928  1.52%  2976 34839s
 197570 95940  883.70899   83  432  892.00000  878.41261  1.52%  2973 34872s
 198040 96196  885.77453   96  566  892.00000  878.41602  1.52%  2969 34904s
 198485 96487  883.93134   76  511  892.00000  878.42045  1.52%  2966 34949s
 199043 96749  883.74305   76  570  892.00000  878.42886  1.52%  2962 34982s
 199435 96960  879.21939   69  784  892.00000  878.43515  1.52%  2959 35016s
 199820 97201  889.85639   89  482  892.00000  878.43702  1.52%  2957 35051s
 200208 97511  881.71514   86  559  892.00000  878.44117  1.52%  2955 35087s
 200732 97713  885.49514   78  531  892.00000  878.44603  1.52%  2951 35125s
 201125 97975  880.85723   76  516  892.00000  878.45033  1.52%  2948 35161s
 201495 98187  880.85352   70  627  892.00000  878.45587  1.52%  2946 35198s
 201819 98438  881.24921   73  653  892.00000  878.46129  1.52%  2944 35233s
 202240 98653  884.15217   71  542  892.00000  878.46399  1.52%  2942 35270s
 202694 98900  880.90777   73  565  892.00000  878.46718  1.52%  2939 35308s
 203111 99189  887.50664   72  675  892.00000  878.47560  1.52%  2936 35343s
 203673 99433  884.96136   73  669  892.00000  878.47961  1.52%  2932 35378s
 204077 99697  882.52417   78  582  892.00000  878.48394  1.52%  2929 35412s
 204550 99875  885.99749   87  355  892.00000  878.48728  1.51%  2926 35448s
 204894 100053  886.60581   70  578  892.00000  878.49083  1.51%  2924 35485s
 205287 100331  881.58471   75  565  892.00000  878.49839  1.51%  2922 35522s
 205673 100634  883.83981   70  532  892.00000  878.50132  1.51%  2920 35555s
 206124 100850  889.72757   82  534  892.00000  878.50613  1.51%  2917 35589s
 206547 101085  880.97632   77  556  892.00000  878.51041  1.51%  2914 35624s
 207073 101349  880.98773   83  605  892.00000  878.51591  1.51%  2910 35659s
 207464 101563  882.97893   72  637  892.00000  878.51818  1.51%  2908 35696s
 207875 101791  880.28309   78  531  892.00000  878.52101  1.51%  2905 35728s
 208258 102029     cutoff   80       892.00000  878.52546  1.51%  2903 35760s
 208682 102297  884.16898   85  635  892.00000  878.53201  1.51%  2901 35796s
 209190 102645  879.35680   77  585  892.00000  878.53672  1.51%  2897 35841s
 209787 102862  882.33747   68  614  892.00000  878.54386  1.51%  2893 35874s
 210226 103100  880.23722   81  564  892.00000  878.54693  1.51%  2890 35906s
 210621 103399  882.73813   88  548  892.00000  878.54908  1.51%  2888 35938s
 211071 103539  885.27989   75  638  892.00000  878.55247  1.51%  2885 35971s
 211310 103746  884.47193   77  616  892.00000  878.55526  1.51%  2884 36005s
 211646 103995  884.30609   68  621  892.00000  878.55832  1.51%  2882 36041s
 212112 104175  888.35947   76  537  892.00000  878.56070  1.51%  2879 36078s
 212466 104465  881.00636   70  699  892.00000  878.56449  1.51%  2878 36111s
 212906 104653  888.89007   90  452  892.00000  878.56878  1.51%  2875 36147s
 213317 104844  881.18716   71  610  892.00000  878.57579  1.50%  2873 36182s
 213615 105165  880.97020   72  633  892.00000  878.57835  1.50%  2871 36222s
 214141 105387  883.73066   67  674  892.00000  878.58117  1.50%  2868 36256s
 214491 105664  884.88576   76  578  892.00000  878.58599  1.50%  2866 36289s
 214921 105909  881.20570   75  607  892.00000  878.58969  1.50%  2864 36323s
 215349 106178  883.63879   69  628  892.00000  878.59346  1.50%  2861 36357s
 215791 106425  881.09980   72  622  892.00000  878.59699  1.50%  2859 36393s
 216220 106632  879.90471   70  680  892.00000  878.60022  1.50%  2856 36427s
 216510 106873  883.85416   89  549  892.00000  878.60345  1.50%  2855 36461s
 216911 107063  879.88410   78  686  892.00000  878.60851  1.50%  2853 36495s
 217383 107207  880.00496   69  553  892.00000  878.61206  1.50%  2850 36531s
 217653 107429  879.18686   84  577  892.00000  878.61471  1.50%  2849 36569s
 218028 107689  886.08498   77  562  892.00000  878.61725  1.50%  2847 36603s
 218455 107927  885.76044   88  641  892.00000  878.62171  1.50%  2845 36638s
 218912 108163  882.33856   66  606  892.00000  878.62687  1.50%  2842 36674s
 219396 108479  888.05207   95  510  892.00000  878.63082  1.50%  2839 36717s
 219969 108715  878.84690   76  770  892.00000  878.63822  1.50%  2836 36748s
 220379 108920  889.84704   92  514  892.00000  878.64034  1.50%  2833 36780s
 220743 109130     cutoff   70       892.00000  878.64523  1.50%  2832 36812s
 221120 109334  887.54359   83  531  892.00000  878.65104  1.50%  2830 36844s
 221507 109559  885.36831   77  595  892.00000  878.65603  1.50%  2828 36880s
 221938 109813  880.78932   75  795  892.00000  878.65793  1.50%  2825 36912s
 222409 110047  883.83933   90  562  892.00000  878.66197  1.50%  2822 36945s
 222876 110234  881.20508   79  601  892.00000  878.66610  1.49%  2819 36978s
 223167 110507  889.94472   93  480  892.00000  878.66691  1.49%  2818 37012s
 223593 110758  885.22314   79  512  892.00000  878.67142  1.49%  2816 37047s
 224055 110981  881.67619   76  543  892.00000  878.67406  1.49%  2813 37079s
 224414 111193  881.01496   73  546  892.00000  878.67662  1.49%  2811 37111s
 224762 111427  888.74163   88  406  892.00000  878.68019  1.49%  2810 37145s
 225209 111633     cutoff   82       892.00000  878.68491  1.49%  2807 37177s
 225599 111912  883.74095   90  566  892.00000  878.69202  1.49%  2805 37211s
 226076 112029  886.79638   77  502  892.00000  878.69612  1.49%  2802 37246s
 226261 112126  884.06189   66  527  892.00000  878.69712  1.49%  2801 37276s
 226403 112425  886.22461   71  527  892.00000  878.69752  1.49%  2800 37311s
 226905 112628  882.93863   80  560  892.00000  878.70323  1.49%  2797 37346s
 227270 112874  879.84404   67  651  892.00000  878.70844  1.49%  2796 37380s
 227698 113108     cutoff   78       892.00000  878.71337  1.49%  2794 37414s
 228166 113302  880.75856   77  716  892.00000  878.71658  1.49%  2791 37447s
 228480 113576  886.70349   85  499  892.00000  878.71773  1.49%  2790 37481s
 228967 113838  882.79504   77  588  892.00000  878.72207  1.49%  2787 37514s
 229347 114077  884.41127   70  663  892.00000  878.72431  1.49%  2785 37549s
 229754 114422  882.02035   78  576  892.00000  878.72825  1.49%  2783 37592s
 230356 114607  887.23197   60  616  892.00000  878.73335  1.49%  2780 37625s
 230678 114840  882.47763   71  696  892.00000  878.73732  1.49%  2779 37659s
 231092 115073  883.50259   76  589  892.00000  878.74090  1.49%  2777 37692s
 231462 115292  883.26253   70  496  892.00000  878.74793  1.49%  2775 37725s
 231826 115547  886.77281   94  563  892.00000  878.75073  1.49%  2774 37760s
 232301 115749  886.10567   80  589  892.00000  878.75606  1.48%  2771 37794s
 232686 115996  887.58177   72  508  892.00000  878.76290  1.48%  2769 37828s
 233136 116299  883.14163   77  539  892.00000  878.76636  1.48%  2767 37862s
 233595 116592  882.37692   67  496  892.00000  878.76956  1.48%  2764 37897s
 234158 116800  885.33522   70  571  892.00000  878.77550  1.48%  2761 37931s
 234508 117019  886.50656   71  639  892.00000  878.77715  1.48%  2759 37966s
 234886 117241  888.03160   89  351  892.00000  878.77965  1.48%  2757 37999s
 235275 117524  880.18110   75  545  892.00000  878.78298  1.48%  2756 38031s
 235788 117741  885.04582   68  649  892.00000  878.78714  1.48%  2753 38063s
 236195 117999  884.85833   79  587  892.00000  878.79025  1.48%  2751 38095s
 236639 118194  880.98308   72  506  892.00000  878.79313  1.48%  2749 38127s
 236981 118482  883.98496   92  608  892.00000  878.79619  1.48%  2747 38160s
 237471 118529  881.51278   75  645  892.00000  878.79854  1.48%  2744 38194s
 237554 118766  881.93383   76  627  892.00000  878.79938  1.48%  2744 38230s
 237927 119032  882.65135   67  541  892.00000  878.80171  1.48%  2742 38264s
 238340 119233  886.67759   78  613  892.00000  878.80637  1.48%  2740 38295s
 238761 119494  882.45121   70  610  892.00000  878.80885  1.48%  2738 38327s
 239219 119796  886.41699   71  531  892.00000  878.81425  1.48%  2736 38361s
 239759 120040     cutoff  101       892.00000  878.81850  1.48%  2733 38391s
 240122 120375  884.14934   84  539  892.00000  878.82165  1.48%  2732 38434s
 240709 120628  881.01882   71  524  892.00000  878.82738  1.48%  2729 38465s
 241169 120845  889.44130   76  445  892.00000  878.82868  1.48%  2726 38495s
 241521 121053  884.06652   72  575  892.00000  878.83300  1.48%  2725 38527s
 241885 121292  882.87090   79  633  892.00000  878.83678  1.48%  2723 38561s
 242262 121626  882.89611   83  546  892.00000  878.83939  1.48%  2721 38594s
 242800 121807  886.71601   72  459  892.00000  878.84286  1.48%  2718 38624s
 243112 121976  886.19868   78  617  892.00000  878.84507  1.47%  2717 38656s
 243535 122249  887.83396   86  461  892.00000  878.85052  1.47%  2715 38688s
 243973 122476  883.72360   67  543  892.00000  878.85369  1.47%  2713 38720s
 244331 122778  882.17702   74  659  892.00000  878.85588  1.47%  2712 38752s
 244862 122999  884.85046   72  456  892.00000  878.85766  1.47%  2709 38785s
 245274 123267  880.58895   73  627  892.00000  878.86279  1.47%  2707 38816s
 245807 123512  887.08888   69  581  892.00000  878.86994  1.47%  2704 38847s
 246195 123752  884.01619   63  511  892.00000  878.87260  1.47%  2702 38878s
 246600 124017  883.85586   74  632  892.00000  878.87401  1.47%  2700 38909s
 247065 124234  890.24647   70  295  892.00000  878.87878  1.47%  2697 38939s
 247438 124505  885.43073   80  559  892.00000  878.88178  1.47%  2696 38973s
 247875 124716  880.77435   75  730  892.00000  878.88642  1.47%  2694 39004s
 248260 124887  881.84006   73  618  892.00000  878.88814  1.47%  2692 39035s
 248592 125122  885.34254   74  534  892.00000  878.89189  1.47%  2691 39065s
 249011 125360  886.29284   88  489  892.00000  878.89373  1.47%  2689 39094s
 249469 125602  882.92369   85  519  892.00000  878.89797  1.47%  2687 39124s
 249912 125865  886.25654   90  608  892.00000  878.89962  1.47%  2684 39154s
 250335 126258  882.26359   59  667  892.00000  878.90505  1.47%  2683 39196s
 250960 126472  887.82966   78  483  892.00000  878.90996  1.47%  2679 39225s
 251349 126735  881.09331   75  633  892.00000  878.91389  1.47%  2678 39254s
 251765 126977  886.75745   73  664  892.00000  878.91765  1.47%  2675 39283s
 252154 127182  883.78733   70  592  892.00000  878.92220  1.47%  2674 39312s
 252495 127438  883.86670   86  407  892.00000  878.92650  1.47%  2672 39344s
 252888 127676  880.17623   69  660  892.00000  878.92902  1.47%  2670 39374s
 253293 127938     cutoff   79       892.00000  878.93337  1.46%  2669 39403s
 253841 128134     cutoff   72       892.00000  878.93698  1.46%  2666 39434s
 254188 128313  881.61745   76  569  892.00000  878.93884  1.46%  2664 39465s
 254493 128563  880.03545   82  728  892.00000  878.94238  1.46%  2664 39494s
 254939 128751  882.97620   93  527  892.00000  878.94613  1.46%  2661 39524s
 255321 129063  882.07887   94  499  892.00000  878.94925  1.46%  2660 39552s
 255772 129380     cutoff  115       892.00000  878.95126  1.46%  2657 39586s
 256298 129562  884.47123   82  665  892.00000  878.95552  1.46%  2654 39614s
 256621 129777  880.24622   77  665  892.00000  878.95773  1.46%  2653 39646s
 257056 129965  880.49140   81  597  892.00000  878.96143  1.46%  2651 39676s
 257417 130162  882.62720   76  588  892.00000  878.96602  1.46%  2650 39705s
 257764 130401  884.15117   75  470  892.00000  878.96959  1.46%  2649 39736s
 258154 130618  886.49166   76  541  892.00000  878.97356  1.46%  2647 39769s
 258583 130825  881.46712   81  466  892.00000  878.97625  1.46%  2645 39801s
 258959 131031  879.83324   64  664  892.00000  878.98158  1.46%  2644 39835s
 259336 131266  883.20278   79  730  892.00000  878.98330  1.46%  2643 39864s
 259721 131532  881.95844   79  491  892.00000  878.98709  1.46%  2641 39895s
 260111 131803  880.99162   76  500  892.00000  878.98998  1.46%  2639 39928s
 260564 132031  881.27342   75  562  892.00000  878.99268  1.46%  2637 39970s
 261129 132314  883.73477   86  635  892.00000  878.99982  1.46%  2635 40000s
 261575 132483  887.42616   78  484  892.00000  879.00389  1.46%  2633 40028s
 261964 132686  881.73841   75  603  892.00000  879.00581  1.46%  2631 40057s
 262344 132941  881.91194   83  631  892.00000  879.00964  1.46%  2630 40088s
 262772 133144  882.78190   75  508  892.00000  879.01312  1.46%  2628 40118s
 263214 133374  885.69890   70  690  892.00000  879.01802  1.46%  2626 40147s
 263592 133565  880.34647   72  664  892.00000  879.01992  1.46%  2624 40177s
 263945 133818  883.11724   91  547  892.00000  879.02199  1.45%  2623 40207s
 264382 134016  880.09849   69  622  892.00000  879.02537  1.45%  2621 40239s
 264584 134016  889.93279   70  407  892.00000  879.02769  1.45%  2620 40240s
 264759 134239  890.01179   71  416  892.00000  879.02977  1.45%  2620 40269s
 265158 134433  881.13049   74  531  892.00000  879.03173  1.45%  2618 40300s
 265516 134643  879.97445   94  618  892.00000  879.03546  1.45%  2617 40330s
 265923 134893  887.15626   85  525  892.00000  879.03772  1.45%  2615 40361s
 266360 135167  881.58908   78  636  892.00000  879.04099  1.45%  2613 40391s
 266792 135429  883.56418   64  604  892.00000  879.04364  1.45%  2611 40420s
 267182 135641  885.81004   86  600  892.00000  879.04628  1.45%  2609 40450s
 267520 135881  884.87980   70  609  892.00000  879.05167  1.45%  2608 40480s
 267940 136123  884.11584   84  525  892.00000  879.05479  1.45%  2606 40510s
 268389 136284  879.69955   74  657  892.00000  879.05910  1.45%  2605 40541s
 268712 136535  880.65344   73  484  892.00000  879.06268  1.45%  2604 40570s
 269120 136724  883.25214   66  705  892.00000  879.06588  1.45%  2602 40602s
 269503 136981  879.58365   67  677  892.00000  879.06972  1.45%  2601 40633s
 269913 137181  890.12045   94  455  892.00000  879.07193  1.45%  2599 40663s
 270297 137375  882.03048   79  554  892.00000  879.07557  1.45%  2598 40693s
 270674 137619  880.73899   70  641  892.00000  879.08093  1.45%  2597 40723s
 271044 137936  883.41333   69  690  892.00000  879.08210  1.45%  2595 40763s
 271550 138180  886.65661   68  629  892.00000  879.08716  1.45%  2594 40796s
 272017 138406  882.98072   80  610  892.00000  879.09150  1.45%  2592 40830s
 272415 138644  883.80692   77  572  892.00000  879.09424  1.45%  2590 40862s
 272876 138894  885.58189   77  623  892.00000  879.09693  1.45%  2588 40892s
 273286 139092  881.73051   70  613  892.00000  879.10090  1.45%  2587 40926s
 273680 139379  883.63303   73  572  892.00000  879.10515  1.45%  2585 40957s
 274165 139639  880.15722   82  590  892.00000  879.10795  1.45%  2583 40989s
 274609 139827  884.13117   72  461  892.00000  879.11228  1.44%  2581 41024s
 274993 140003  883.74714   77  726  892.00000  879.11422  1.44%  2580 41057s
 275368 140286  884.25953   74  629  892.00000  879.11866  1.44%  2579 41088s
 275833 140551  882.12029   74  602  892.00000  879.12161  1.44%  2577 41119s
 276352 140833  887.00732   83  652  892.00000  879.12359  1.44%  2575 41153s
 276798 141134  881.22616   63  426  892.00000  879.12832  1.44%  2573 41183s
 277232 141343  885.39093   68  625  892.00000  879.13241  1.44%  2571 41215s
 277599 141592  880.79576   72  656  892.00000  879.13504  1.44%  2570 41246s
 278015 141852  882.01738   82  625  892.00000  879.14023  1.44%  2568 41275s
 278423 142042  888.95130   69  482  892.00000  879.14204  1.44%  2567 41306s
 278933 142270  881.50347   66  570  892.00000  879.14330  1.44%  2564 41339s
 279303 142539  884.15679   88  408  892.00000  879.14688  1.44%  2563 41369s
 279760 142752  880.53524   80  552  892.00000  879.15157  1.44%  2561 41398s
 280173 142955  890.90992   96  447  892.00000  879.15534  1.44%  2560 41427s
 280496 143179  880.19521   80  639  892.00000  879.15990  1.44%  2559 41461s
 280901 143237     cutoff   74       892.00000  879.16452  1.44%  2558 41492s
 281022 143464  883.41569   83  605  892.00000  879.16543  1.44%  2557 41526s
 281463 143800  884.25373   65  338  892.00000  879.16853  1.44%  2556 41568s
 282087 144046  889.05489   63  499  892.00000  879.17221  1.44%  2553 41594s
 282462 144218  886.04924   70  660  892.00000  879.17590  1.44%  2552 41623s
 282854 144421  890.95439  104  462  892.00000  879.17925  1.44%  2550 41653s
 283174 144721  881.54175   78  646  892.00000  879.18403  1.44%  2549 41681s
 283625 144940  882.56157   78  630  892.00000  879.18851  1.44%  2548 41712s
 284045 145101  882.30078   71  651  892.00000  879.19264  1.44%  2546 41741s
 284412 145303  882.56958   84  440  892.00000  879.19397  1.44%  2545 41770s
 284774 145487  886.75150   89  573  892.00000  879.19691  1.44%  2544 41801s
 285131 145706  883.10199   97  628  892.00000  879.19900  1.44%  2543 41831s
 285503 145908  882.70448   84  606  892.00000  879.20251  1.43%  2542 41861s
 285856 146124     cutoff  100       892.00000  879.20512  1.43%  2541 41892s
 286258 146379  881.33279   71  729  892.00000  879.21008  1.43%  2539 41924s
 286684 146642  889.08496  100  537  892.00000  879.21119  1.43%  2538 41955s
 287148 146867  882.01073   77  571  892.00000  879.21494  1.43%  2536 41987s
 287559 147116  880.15996   69  523  892.00000  879.21858  1.43%  2535 42018s
 287958 147316  881.43485   76  498  892.00000  879.22262  1.43%  2534 42050s
 288311 147576  884.61562   79  600  892.00000  879.22603  1.43%  2533 42082s
 288776 147806  882.49617   73  707  892.00000  879.23108  1.43%  2531 42114s
 289196 148093  881.59615   78  577  892.00000  879.23313  1.43%  2529 42143s
 289669 148305  882.82379   81  577  892.00000  879.23633  1.43%  2528 42177s
 290082 148518  884.84070   67  536  892.00000  879.24036  1.43%  2526 42210s
 290437 148704  886.40899   76  644  892.00000  879.24445  1.43%  2526 42241s
 290806 148919  883.63270   73  671  892.00000  879.24631  1.43%  2525 42275s
 291222 149177  880.72435   73  670  892.00000  879.24981  1.43%  2523 42306s
 291608 149385  884.37451   80  647  892.00000  879.25157  1.43%  2522 42337s
 291978 149659  882.10709   74  689  892.00000  879.25452  1.43%  2521 42377s
 292565 149891  884.05084   80  553  892.00000  879.25838  1.43%  2519 42405s
 292963 150085  887.55661   69  542  892.00000  879.25976  1.43%  2518 42435s
 293328 150298     cutoff   77       892.00000  879.26153  1.43%  2516 42465s
 293755 150473  881.84948   80  583  892.00000  879.26448  1.43%  2515 42493s
 294065 150703  880.90437   84  660  892.00000  879.26788  1.43%  2514 42523s
 294449 150902  884.63717   77  619  892.00000  879.27009  1.43%  2513 42555s
 294865 151101  882.09978   76  542  892.00000  879.27292  1.43%  2512 42587s
 295210 151319  884.99710   68  549  892.00000  879.27762  1.43%  2511 42617s
 295667 151567  881.85197   89  620  892.00000  879.28029  1.43%  2509 42649s
 296076 151776  887.08573   72  558  892.00000  879.28217  1.43%  2508 42682s
 296469 152061  883.79662   74  483  892.00000  879.28545  1.43%  2507 42713s
 296972 152387  884.02691   72  680  892.00000  879.28830  1.43%  2505 42745s
 297466 152589  880.93255   76  541  892.00000  879.29037  1.42%  2503 42776s
 297917 152790  884.94058   75  493  892.00000  879.29258  1.42%  2501 42809s
 298282 153000  881.97639   73  761  892.00000  879.29504  1.42%  2500 42841s
 298647 153226  882.38978   76  586  892.00000  879.29799  1.42%  2499 42871s
 299044 153432  882.06119   78  673  892.00000  879.29946  1.42%  2498 42900s
 299387 153682  886.85375   92  636  892.00000  879.30152  1.42%  2497 42934s
 299917 153928  884.22811   79  624  892.00000  879.30509  1.42%  2495 42966s
 300386 154189  888.18117   72  448  892.00000  879.31017  1.42%  2493 42996s
 300931 154401  885.90856   86  578  892.00000  879.31284  1.42%  2491 43031s
 301326 154605     cutoff   61       892.00000  879.31618  1.42%  2490 43061s
 301634 154847  881.63595   75  609  892.00000  879.31873  1.42%  2489 43093s
 302149 155164  883.44953   87  514  892.00000  879.32207  1.42%  2487 43125s
 302618 155474  888.91784   68  493  892.00000  879.32576  1.42%  2486 43164s
 303216 155645  889.59187   92  453  892.00000  879.32988  1.42%  2483 43194s
 303593 155682  884.06897   87  522  892.00000  879.33399  1.42%  2482 43200s

Cutting planes:
  Learned: 1
  Gomory: 8
  Cover: 181
  Implied bound: 322
  Projected implied bound: 21
  Clique: 1
  MIR: 353
  Mixing: 2
  Flow cover: 3800
  GUB cover: 8
  Inf proof: 2
  Zero half: 118
  Mod-K: 3
  Network: 11
  RLT: 2
  Relax-and-lift: 44

Explored 303667 nodes (754097428 simplex iterations) in 43200.06 seconds (191020.83 work units)
Thread count was 4 (of 32 available processors)

Solution count 10: 892 893 895 ... 906

Time limit reached
Best objective 8.920000000000e+02, best bound 8.800000000000e+02, gap 1.3453%

Wrote result file './sol/E150_1000.5_R50.sol'

