
Gurobi 13.0.2 (mac64[arm], gurobi_cl) logging started Wed Jul  1 18:45:51 2026

Set parameter TokenServer to value "10.8.80.200"
Set parameter TimeLimit to value 43200
Set parameter LogFile to value "./log/E150_1000.9_R100.log"
Set parameter Threads to value 4
Using license file /Library/gurobi1302/gurobi.lic

Gurobi Optimizer version 13.0.2 build v13.0.2rc1 (mac64[arm] - Darwin 24.6.0 24G517)
Copyright (c) 2026, Gurobi Optimization, LLC

Read LP format model from file ./lp/E150_1000.9_R100.lp
Reading time = 0.19 seconds
root: 46208 rows, 45753 columns, 657632 nonzeros

Using Gurobi shared library /Library/gurobi1302/macos_universal2/lib/libgurobi130.dylib

CPU model: Apple M3 Ultra
Thread count: 32 physical cores, 32 logical processors, using up to 4 threads

Non-default parameters:
TimeLimit  43200
Threads  4

Optimize a model with 46208 rows, 45753 columns and 657632 nonzeros (Min)
Model fingerprint: 0xe63e9e27
Model has 22650 linear objective coefficients
Variable types: 0 continuous, 45753 integer (0 binary)
Coefficient statistics:
  Matrix range     [1e+00, 2e+02]
  Objective range  [1e+00, 1e+02]
  Bounds range     [1e+00, 1e+00]
  RHS range        [1e+00, 1e+00]

Presolve removed 23116 rows and 303 columns
Presolve time: 4.75s
Presolved: 23092 rows, 45450 columns, 362526 nonzeros
Variable types: 0 continuous, 45450 integer (22950 binary)
Found heuristic solution: objective 11652.000000
Deterministic concurrent LP optimizer: primal and dual simplex
Showing primal log only...


Root simplex log...

Iteration    Objective       Primal Inf.    Dual Inf.      Time
       0    4.9000000e+02   3.075000e+01   3.411951e+09      5s
   59063    2.6965916e+01   0.000000e+00   0.000000e+00      9s
Concurrent spin time: 0.28s

Solved with primal simplex

Root relaxation: objective 2.696592e+01, 59063 iterations, 4.67 seconds (11.03 work units)

    Nodes    |    Current Node    |     Objective Bounds      |     Work
 Expl Unexpl |  Obj  Depth IntInf | Incumbent    BestBd   Gap | It/Node Time

     0     0   26.96592    0  165 11652.0000   26.96592   100%     -    9s
     0     0  106.65836    0  223 11652.0000  106.65836  99.1%     -   11s
H    0     0                    1916.0000000  106.65836  94.4%     -   11s
H    0     0                    1813.0000000  106.65836  94.1%     -   11s
H    0     0                    1182.0000000  106.65836  91.0%     -   11s
H    0     0                    1118.0000000  106.65836  90.5%     -   11s
H    0     0                     950.0000000  106.65836  88.8%     -   12s
H    0     0                     896.0000000  106.65836  88.1%     -   12s
H    0     0                     893.0000000  106.65836  88.1%     -   12s
H    0     0                     887.0000000  106.65836  88.0%     -   13s
H    0     0                     878.0000000  106.65836  87.9%     -   13s
H    0     0                     855.0000000  106.65836  87.5%     -   14s
H    0     0                     841.0000000  106.65836  87.3%     -   18s
H    0     0                     838.0000000  106.65836  87.3%     -   18s
H    0     0                     836.0000000  106.65836  87.2%     -   18s
H    0     0                     834.0000000  106.65836  87.2%     -   18s
H    0     0                     819.0000000  106.65836  87.0%     -   18s
H    0     0                     818.0000000  106.65836  87.0%     -   18s
     0     0  252.83237    0  415  818.00000  252.83237  69.1%     -   21s
     0     0  293.76855    0  459  818.00000  293.76855  64.1%     -   35s
H    0     0                     806.0000000  293.76855  63.6%     -   36s
H    0     0                     765.0000000  293.76855  61.6%     -   36s
H    0     0                     744.0000000  293.76855  60.5%     -   37s
H    0     0                     736.0000000  293.76855  60.1%     -   37s
H    0     0                     674.0000000  293.76855  56.4%     -   39s
H    0     0                     669.0000000  293.76855  56.1%     -   40s
H    0     0                     664.0000000  293.76855  55.8%     -   41s
H    0     0                     661.0000000  293.76855  55.6%     -   46s
H    0     0                     635.0000000  293.76855  53.7%     -   50s
H    0     0                     629.0000000  293.76855  53.3%     -   50s
H    0     0                     625.0000000  293.76855  53.0%     -   50s
H    0     0                     621.0000000  293.76855  52.7%     -   50s
H    0     0                     619.0000000  293.76855  52.5%     -   50s
H    0     0                     607.0000000  293.76855  51.6%     -   50s
H    0     0                     606.0000000  293.76855  51.5%     -   50s
H    0     0                     600.0000000  293.76855  51.0%     -   50s
H    0     0                     598.0000000  293.76855  50.9%     -   50s
H    0     0                     593.0000000  293.76855  50.5%     -   50s
H    0     0                     592.0000000  293.76855  50.4%     -   50s
H    0     0                     590.0000000  293.76855  50.2%     -   50s
     0     0  324.05850    0  553  590.00000  324.05850  45.1%     -   57s
H    0     0                     587.0000000  324.08563  44.8%     -   59s
H    0     0                     586.0000000  324.08563  44.7%     -   60s
H    0     0                     585.0000000  324.08563  44.6%     -   61s
H    0     0                     581.0000000  324.08563  44.2%     -   61s
H    0     0                     580.0000000  324.08563  44.1%     -   63s
H    0     0                     578.0000000  324.08563  43.9%     -   77s
H    0     0                     577.0000000  328.78808  43.0%     -   80s
H    0     0                     573.0000000  328.78808  42.6%     -   80s
H    0     0                     572.0000000  328.78808  42.5%     -   80s
     0     0  328.78808    0  543  572.00000  328.78808  42.5%     -   80s
H    0     0                     571.0000000  328.84817  42.4%     -   80s
     0     0  328.84817    0  552  571.00000  328.84817  42.4%     -   80s
     0     0  329.75952    0  535  571.00000  329.75952  42.2%     -   81s
     0     0  329.78119    0  546  571.00000  329.78119  42.2%     -   81s
     0     0  329.78121    0  548  571.00000  329.78121  42.2%     -   81s
     0     0  353.66303    0  565  571.00000  353.66303  38.1%     -   86s
     0     0  357.06018    0  569  571.00000  357.06018  37.5%     -   90s
     0     0  357.39432    0  574  571.00000  357.39432  37.4%     -   92s
     0     0  357.46024    0  578  571.00000  357.46024  37.4%     -   93s
     0     0  357.46039    0  580  571.00000  357.46039  37.4%     -   93s
     0     0  369.14847    0  638  571.00000  369.14847  35.4%     -  101s
H    0     0                     568.0000000  374.58600  34.1%     -  105s
     0     0  374.58600    0  664  568.00000  374.58600  34.1%     -  105s
     0     0  376.62030    0  660  568.00000  376.62030  33.7%     -  111s
     0     0  377.34089    0  667  568.00000  377.34089  33.6%     -  113s
     0     0  377.51907    0  669  568.00000  377.51907  33.5%     -  115s
     0     0  377.54259    0  682  568.00000  377.54259  33.5%     -  115s
     0     0  377.54476    0  693  568.00000  377.54476  33.5%     -  115s
     0     0  385.97103    0  613  568.00000  385.97103  32.0%     -  132s
     0     0  392.68894    0  638  568.00000  392.68894  30.9%     -  140s
     0     0  393.82471    0  676  568.00000  393.82471  30.7%     -  143s
     0     0  394.21123    0  673  568.00000  394.21123  30.6%     -  146s
     0     0  394.30825    0  698  568.00000  394.30825  30.6%     -  149s
     0     0  394.31589    0  705  568.00000  394.31589  30.6%     -  149s
     0     0  396.91405    0  715  568.00000  396.91405  30.1%     -  152s
     0     0  397.08612    0  741  568.00000  397.08612  30.1%     -  154s
     0     0  397.17637    0  742  568.00000  397.17637  30.1%     -  155s
     0     0  397.21730    0  763  568.00000  397.21730  30.1%     -  155s
     0     0  397.22871    0  768  568.00000  397.22871  30.1%     -  155s
     0     0  398.29148    0  734  568.00000  398.29148  29.9%     -  160s
     0     0  398.49987    0  716  568.00000  398.49987  29.8%     -  163s
     0     0  398.66771    0  749  568.00000  398.66771  29.8%     -  166s
     0     0  398.69544    0  764  568.00000  398.69544  29.8%     -  167s
     0     0  399.30909    0  767  568.00000  399.30909  29.7%     -  170s
     0     0  399.56722    0  769  568.00000  399.56722  29.7%     -  172s
     0     0  399.59812    0  776  568.00000  399.59812  29.6%     -  174s
     0     0  399.60188    0  787  568.00000  399.60188  29.6%     -  174s
     0     0  401.08718    0  752  568.00000  401.08718  29.4%     -  182s
     0     0  401.57210    0  783  568.00000  401.57210  29.3%     -  190s
     0     0  401.62457    0  797  568.00000  401.62457  29.3%     -  194s
     0     0  401.63835    0  802  568.00000  401.63835  29.3%     -  196s
     0     0  402.95836    0  754  568.00000  402.95836  29.1%     -  200s
H    0     0                     567.0000000  403.26417  28.9%     -  206s
     0     0  403.26417    0  764  567.00000  403.26417  28.9%     -  206s
     0     0  403.27585    0  785  567.00000  403.27585  28.9%     -  206s
H    0     0                     566.0000000  404.96490  28.5%     -  216s
H    0     0                     563.0000000  404.96490  28.1%     -  216s
H    0     0                     552.0000000  404.96490  26.6%     -  216s
     0     0  404.96490    0  751  552.00000  404.96490  26.6%     -  216s
     0     0  405.32774    0  742  552.00000  405.32774  26.6%     -  227s
     0     0  405.34616    0  752  552.00000  405.34616  26.6%     -  229s
     0     0  405.98867    0  771  552.00000  405.98867  26.5%     -  234s
     0     0  406.09154    0  778  552.00000  406.09154  26.4%     -  237s
     0     0  406.16485    0  792  552.00000  406.16485  26.4%     -  238s
     0     0  406.21691    0  805  552.00000  406.21691  26.4%     -  240s
     0     0  406.22099    0  806  552.00000  406.22099  26.4%     -  240s
     0     0  406.39451    0  810  552.00000  406.39451  26.4%     -  243s
     0     0  406.57819    0  791  552.00000  406.57819  26.3%     -  245s
     0     0  406.59755    0  796  552.00000  406.59755  26.3%     -  246s
     0     0  407.20032    0  772  552.00000  407.20032  26.2%     -  250s
H    0     0                     551.0000000  407.34093  26.1%     -  251s
H    0     0                     549.0000000  407.34093  25.8%     -  251s
     0     0  407.34093    0  806  549.00000  407.34093  25.8%     -  251s
     0     0  407.40387    0  807  549.00000  407.40387  25.8%     -  251s
     0     0  407.41925    0  811  549.00000  407.41925  25.8%     -  253s
     0     0  407.71209    0  805  549.00000  407.71209  25.7%     -  257s
     0     0  407.88035    0  800  549.00000  407.88035  25.7%     -  260s
     0     0  407.88035    0  813  549.00000  407.88035  25.7%     -  261s
     0     0  408.35078    0  788  549.00000  408.35078  25.6%     -  266s
     0     0  408.72876    0  786  549.00000  408.72876  25.6%     -  271s
     0     0  408.78147    0  800  549.00000  408.78147  25.5%     -  274s
H    0     0                     547.0000000  408.78842  25.3%     -  276s
     0     0  408.78842    0  832  547.00000  408.78842  25.3%     -  276s
     0     0  409.13416    0  785  547.00000  409.13416  25.2%     -  278s
     0     0  409.19841    0  811  547.00000  409.19841  25.2%     -  282s
     0     0  409.20540    0  817  547.00000  409.20540  25.2%     -  286s
     0     0  409.46517    0  796  547.00000  409.46517  25.1%     -  292s
     0     0  409.90428    0  792  547.00000  409.90428  25.1%     -  294s
     0     0  409.92960    0  796  547.00000  409.92960  25.1%     -  295s
     0     0  409.94265    0  816  547.00000  409.94265  25.1%     -  296s
     0     0  409.95764    0  814  547.00000  409.95764  25.1%     -  297s
     0     0  409.98171    0  807  547.00000  409.98171  25.0%     -  298s
     0     0  409.98620    0  821  547.00000  409.98620  25.0%     -  299s
     0     0  410.07774    0  806  547.00000  410.07774  25.0%     -  300s
     0     0  410.07847    0  806  547.00000  410.07847  25.0%     -  300s
     0     0  410.07847    0  760  547.00000  410.07847  25.0%     -  306s
     0     2  410.09150    0  751  547.00000  410.09150  25.0%     -  329s
     1     3  417.30501    1  675  547.00000  410.32940  25.0%  9523  333s
     2     4  412.12005    1  786  547.00000  412.12005  24.7%  7428  339s
     3     8  421.35010    2  739  547.00000  412.31759  24.6%  7606  344s
     7    12  425.24912    3  706  547.00000  413.47268  24.4%  5869  350s
    11    14  422.28733    4  704  547.00000  413.47710  24.4%  6854  358s
    13    18  433.02411    5  603  547.00000  413.47710  24.4% 12827  364s
H   14    18                     545.0000000  413.47710  24.1% 11910  364s
    17    26  439.88995    6  482  545.00000  413.47710  24.1% 15215  372s
H   21    26                     544.0000000  413.47710  24.0% 18705  372s
    25    28  423.98608    7  659  544.00000  413.47710  24.0% 21243  379s
H   27    31                     542.0000000  413.47710  23.7% 19735  387s
    30    34  444.12532    8  482  542.00000  413.47710  23.7% 19007  396s
    33    37  449.04272    8  464  542.00000  413.47710  23.7% 18335  403s
H   35    37                     541.0000000  413.47710  23.6% 17787  403s
H   36    41                     535.0000000  413.47710  22.7% 17476  412s
H   39    41                     534.0000000  413.47710  22.6% 18452  412s
    40    45  445.17426   10  487  534.00000  413.47710  22.6% 18210  422s
    44    48  430.99428    9  602  534.00000  413.47710  22.6% 17568  431s
    47    51  461.99704   11  436  534.00000  413.47710  22.6% 17534  442s
    50    54  465.03327   12  400  534.00000  413.47710  22.6% 17547  453s
    53    57  469.52918   12  433  534.00000  413.47710  22.6% 16842  465s
    56    60  465.04437   13  398  534.00000  413.47710  22.6% 16331  479s
    59    64  465.52599   14  423  534.00000  413.47710  22.6% 16349  487s
H   60    64                     533.0000000  413.47710  22.4% 16077  487s
    63    75  466.73866   15  416  533.00000  413.47710  22.4% 15641  497s
    74    87  468.33023   20  413  533.00000  413.47710  22.4% 13990  505s
    86    99  469.50505   24  399  533.00000  413.47710  22.4% 12696  515s
    98   109  480.56452   26  397  533.00000  413.47710  22.4% 11956  524s
   108   117  474.78125   29  387  533.00000  413.47710  22.4% 11381  534s
   116   130  475.86144   33  384  533.00000  413.47710  22.4% 11076  543s
   129   141  476.41371   35  374  533.00000  413.47710  22.4% 11112  554s
   140   164  479.27938   39  393  533.00000  413.47710  22.4% 10888  564s
   163   190  482.91072   46  378  533.00000  413.47710  22.4% 10843  573s
   189   213  484.78241   53  360  533.00000  413.47710  22.4% 10590  579s
   212   237  489.47301   57  361  533.00000  413.47710  22.4%  9964  587s
   236   276  492.87406   67  364  533.00000  413.47710  22.4%  9248  595s
   275   308  496.22423   77  357  533.00000  413.47710  22.4%  8420  607s
   307   350  501.45363   90  319  533.00000  413.47710  22.4%  7827  617s
H  332   350                     532.0000000  413.47710  22.3%  7429  617s
   349   400  503.94398  104  338  532.00000  413.47710  22.3%  7144  626s
   399   443  510.45701  119  336  532.00000  413.47710  22.3%  6472  637s
   444   490  513.79456  137  326  532.00000  413.47710  22.3%  5953  646s
   492   494  517.95397  156  304  532.00000  413.47710  22.3%  5460  655s
   496   537  519.26355  157  286  532.00000  413.47710  22.3%  5437  663s
   550   556 infeasible  177       532.00000  415.89577  21.8%  4989  671s
   583   579  422.21981    6  646  532.00000  417.36417  21.5%  5317  680s
   606   616  425.72931    8  637  532.00000  417.36417  21.5%  5889  690s
   643   654  478.90721   44  453  532.00000  417.36417  21.5%  6433  701s
   684   663  480.28228   48  451  532.00000  417.36417  21.5%  6423  712s
   693   670  429.84013   10  595  532.00000  417.36417  21.5%  6418  723s
   700   677  483.50064   53  453  532.00000  417.36417  21.5%  6407  733s
   707   688  435.86132   10  577  532.00000  417.36417  21.5%  6420  741s
   718   695  438.01003   10  589  532.00000  417.36417  21.5%  6423  752s
   727   748  438.35636   11  588  532.00000  417.36417  21.5%  6416  759s
   780   809  440.46935   13  566  532.00000  417.36417  21.5%  6144  766s
   846   897  440.82701   13  544  532.00000  417.36417  21.5%  5799  777s
   952   996  441.37638   14  569  532.00000  417.36417  21.5%  5612  790s
  1052  1077  441.60123   15  559  532.00000  417.36417  21.5%  5463  802s
  1148  1078  508.29805  120  415  532.00000  417.36417  21.5%  5296  823s
  1150  1079  516.35844  140  451  532.00000  417.36417  21.5%  5287  843s
  1151  1080  483.51320   54  481  532.00000  417.36417  21.5%  5283  876s
  1152  1081  515.38704  126  549  532.00000  417.36417  21.5%  5278  887s
  1153  1081  449.05242    9  596  532.00000  417.36417  21.5%  5273  902s
  1154  1082  509.80586   63  648  532.00000  417.36417  21.5%  5269  915s
  1155  1083  516.94166  124  696  532.00000  417.42006  21.5%  5264  931s
  1156  1083  528.71274  169  718  532.00000  419.35498  21.2%  5260  947s
H 1156  1028                     531.0000000  421.61198  20.6%  5260  956s
  1158  1030  508.67097   74  726  531.00000  422.84797  20.4%  5251  966s
  1159  1030  438.87928   15  710  531.00000  423.49284  20.2%  5246  973s
  1160  1031  434.69797    7  747  531.00000  424.56982  20.0%  5242  983s
  1161  1032  500.32859   82  737  531.00000  424.85903  20.0%  5237  990s
  1163  1033  439.49926   16  789  531.00000  425.04353  20.0%  5228  995s
  1166  1035  468.05153   20  814  531.00000  425.07138  19.9%  5215 1001s
  1167  1036  516.04866  137  720  531.00000  434.44721  18.2%  5210 1017s
  1168  1036  516.88583  125  731  531.00000  436.36086  17.8%  5206 1026s
  1169  1037  509.52213  133  739  531.00000  437.27733  17.7%  5201 1032s
  1170  1038  465.37215   25  744  531.00000  438.06655  17.5%  5197 1035s
  1171  1038  496.85865   72  760  531.00000  438.53137  17.4%  5192 1040s
  1174  1040  527.80808  201  797  531.00000  438.92692  17.3%  5179 1045s
  1179  1044  493.80690   79  792  531.00000  439.07544  17.3%  5157 1050s
  1181  1045  527.74549  204  758  531.00000  444.09066  16.4%  5148 1069s
  1182  1046  476.72921   49  746  531.00000  445.48873  16.1%  5144 1079s
  1183  1046  504.37663  102  815  531.00000  445.97635  16.0%  5140 1091s
  1184  1047  518.57363  171  815  531.00000  446.15421  16.0%  5135 1100s
  1186  1048  509.25206  113  828  531.00000  446.27507  16.0%  5127 1105s
  1190  1051  474.78685   46  771  531.00000  449.09890  15.4%  5110 1114s
  1191  1052  449.32479    8  776  531.00000  449.32479  15.4%  5105 1117s
  1195  1054  522.48540  155  836  531.00000  449.47010  15.4%  5088 1121s
  1196  1055  501.92610   58  806  531.00000  450.58598  15.1%  5084 1201s
  1197  1056  499.37645   66  811  531.00000  450.68571  15.1%  5080 1206s
  1198  1056  491.45525   68  838  531.00000  450.79109  15.1%  5075 1210s
  1203  1060  494.18821   44  875  531.00000  451.36049  15.0%  5054 1223s
  1204  1060  480.50058   41  847  531.00000  451.60562  15.0%  5050 1226s
  1206  1062  451.98791   19  882  531.00000  451.98791  14.9%  5042 1231s
  1208  1063  528.12876  167  891  531.00000  452.19618  14.8%  5033 1236s
  1211  1065  502.04587   99  923  531.00000  452.24765  14.8%  5021 1240s
  1215  1068  485.35217   35  818  531.00000  454.65537  14.4%  5004 1249s
  1216  1068  524.21377  163  856  531.00000  455.01124  14.3%  5000 1252s
  1218  1070  522.84791  154  845  531.00000  455.62034  14.2%  4992 1257s
  1219  1070  455.76466    8  817  531.00000  455.76466  14.2%  4988 1263s
  1220  1071  496.90092   76  870  531.00000  455.84200  14.2%  4984 1266s
  1223  1073  514.10490  110  880  531.00000  455.98229  14.1%  4972 1270s
  1230  1078  471.83415   29  918  531.00000  456.02387  14.1%  4943 1275s
  1231  1078  513.06094  107  803  531.00000  457.78379  13.8%  4939 1317s
  1232  1079  481.70709   44  858  531.00000  457.78379  13.8%  4935 1320s
  1234  1080  464.33539   21  861  531.00000  458.23535  13.7%  4927 1326s
  1237  1082  522.53796  160  904  531.00000  458.27345  13.7%  4915 1331s
  1238  1083  477.82818   51  793  531.00000  460.73594  13.2%  4911 1336s
  1239  1084  522.75312  164  803  531.00000  460.73594  13.2%  4907 1341s
  1240  1084  515.95516   88  836  531.00000  460.73594  13.2%  4903 1345s
  1242  1086  483.51320   54  841  531.00000  460.73594  13.2%  4896 1351s
  1246  1088  521.52708  151  887  531.00000  460.73594  13.2%  4880 1355s
  1252  1092  515.38704  126  903  531.00000  461.11857  13.2%  4856 1361s
  1254  1094  509.80586   63  832  531.00000  461.57801  13.1%  4849 1366s
  1258  1096  508.67097   74  840  531.00000  462.52470  12.9%  4833 1372s
  1259  1097  462.52470   15  848  531.00000  462.52470  12.9%  4829 1376s
  1262  1099  463.21900   17  791  531.00000  463.21900  12.8%  4818 1388s
  1263  1100  463.28574   16  835  531.00000  463.28574  12.8%  4814 1395s
  1268  1103  516.88583  125  896  531.00000  463.37728  12.7%  4795 1402s
  1269  1104  509.52213  133  859  531.00000  463.89664  12.6%  4791 1407s
  1271  1105  496.85865   72  900  531.00000  463.89664  12.6%  4784 1411s
  1272  1106  523.08790  152  919  531.00000  463.89664  12.6%  4780 1415s
  1273  1106  523.79767  171  874  531.00000  464.06312  12.6%  4776 1421s
  1275  1108  501.51534   90  903  531.00000  464.06312  12.6%  4769 1425s
  1277  1109  464.38214   17  843  531.00000  464.38214  12.5%  4761 1432s
  1278  1110  517.31505  164  845  531.00000  464.38214  12.5%  4758 1435s
  1280  1111  473.12733   37  887  531.00000  464.38214  12.5%  4750 1442s
  1281  1112  527.74549  204  892  531.00000  464.55984  12.5%  4747 1447s
  1284  1114  518.57363  171  950  531.00000  464.55984  12.5%  4735 1451s
  1285  1114  502.08192   94  925  531.00000  464.78459  12.5%  4732 1455s
  1287  1116  492.05457   69  905  531.00000  464.78459  12.5%  4724 1460s
  1291  1118  464.78459    8  930  531.00000  464.78459  12.5%  4710 1465s
  1292  1119  464.92793   11  861  531.00000  464.92793  12.4%  4706 1472s
  1294  1120  513.51236  120  880  531.00000  464.92793  12.4%  4699 1476s
  1296  1122  501.92610   58  911  531.00000  464.93466  12.4%  4692 1480s
  1297  1122  499.37645   66  890  531.00000  465.26976  12.4%  4688 1487s
  1298  1123  491.45525   68  886  531.00000  465.26976  12.4%  4684 1491s
  1302  1126  494.80145   84  924  531.00000  465.26976  12.4%  4670 1496s
  1304  1127  480.50058   41  933  531.00000  465.29880  12.4%  4663 1500s
  1308  1130  528.12876  167  868  531.00000  465.71037  12.3%  4649 1507s
  1310  1131  492.64076   66  911  531.00000  465.71037  12.3%  4641 1510s
  1315  1134  485.35217   35  862  531.00000  466.26644  12.2%  4624 1520s
  1319  1137  466.33672    8  894  531.00000  466.33672  12.2%  4610 1525s
  1324  1140  512.70698  121  887  531.00000  466.70625  12.1%  4592 1532s
  1328  1143  471.99881   47  853  531.00000  466.96847  12.1%  4579 1537s
  1329  1144  480.47317   38  860  531.00000  467.06617  12.0%  4575 1541s
  1331  1145  513.06094  107  880  531.00000  467.13067  12.0%  4568 1546s
  1336  1148  501.30473   91  903  531.00000  467.14526  12.0%  4551 1550s
  1339  1150  522.75312  164  922  531.00000  467.17923  12.0%  4541 1555s
  1343  1153  509.47678  107  882  531.00000  467.50171  12.0%  4527 1560s
  1345  1154  492.05457   69  859  531.00000  467.50171  12.0%  4521 1568s
  1347  1156  515.38704  126  909  531.00000  467.50171  12.0%  4514 1570s
  1349  1157  524.26948  163  826  531.00000  468.15788  11.8%  4507 1575s
  1350  1158  516.35844  140  857  531.00000  468.15788  11.8%  4504 1581s
  1352  1159  515.38704  126  873  531.00000  468.15788  11.8%  4497 1586s
  1355  1161  516.94166  124  849  531.00000  468.15788  11.8%  4487 1594s
  1356  1162  528.71274  169  829  531.00000  468.15788  11.8%  4484 1598s
  1359  1164  468.15788   15  895  531.00000  468.15788  11.8%  4474 1600s
  1363  1166  468.45997   16  886  531.00000  468.45997  11.8%  4461 1614s
  1364  1167  475.04000   53  893  531.00000  468.45997  11.8%  4458 1620s
  1365  1168  497.37132   75  909  531.00000  468.45997  11.8%  4454 1625s
  1368  1170  516.88583  125  925  531.00000  468.63069  11.7%  4445 1632s
  1370  1171  468.63069   25  950  531.00000  468.63069  11.7%  4438 1635s
  1372  1172  523.08790  152  876  531.00000  469.02563  11.7%  4432 1643s
  1373  1173  523.79767  171  885  531.00000  469.09749  11.7%  4428 1646s
  1375  1174  501.51534   90  923  531.00000  469.18624  11.6%  4422 1653s
  1377  1176  469.19912   17  949  531.00000  469.19912  11.6%  4416 1655s
  1378  1176  517.31505  164  874  531.00000  469.97454  11.5%  4412 1660s
  1380  1178  473.12733   37  923  531.00000  470.07167  11.5%  4406 1666s
  1386  1182  509.25206  113  950  531.00000  470.10597  11.5%  4387 1670s
  1394  1187  513.51236  120  913  531.00000  470.35597  11.4%  4362 1676s
  1399  1190  514.26096  117  889  531.00000  470.68027  11.4%  4346 1680s
  1404  1194  480.50058   41  962  531.00000  470.68027  11.4%  4331 1685s
  1409  1197  491.73379   64  968  531.00000  470.73370  11.3%  4315 1690s
  1412  1199  508.06274  121  945  531.00000  470.73370  11.3%  4306 1695s
  1415  1201  485.35217   35  916  531.00000  470.83787  11.3%  4297 1700s
  1420  1204  496.90092   76  966  531.00000  470.91644  11.3%  4282 1705s
  1422  1206  514.51346  116  921  531.00000  470.98921  11.3%  4276 1710s
  1426  1208  471.15746    5  984  531.00000  471.15746  11.3%  4264 1718s
  1428  1210  471.99881   47 1007  531.00000  471.15746  11.3%  4258 1721s
  1430  1211  471.83415   29  928  531.00000  471.15746  11.3%  4252 1725s
  1435  1214  471.15746   11  933  531.00000  471.15746  11.3%  4237 1732s
  1437  1216  522.53796  160  978  531.00000  471.15746  11.3%  4231 1735s
  1438  1216  477.82818   51  903  531.00000  471.40982  11.2%  4228 1743s
  1439  1217  522.75312  164  910  531.00000  471.41373  11.2%  4225 1746s
  1441  1218  501.44657   91  888  531.00000  471.46590  11.2%  4220 1751s
  1445  1221  492.05457   69  915  531.00000  471.67551  11.2%  4208 1756s
  1448  1223  508.29805  120  909  531.00000  472.06380  11.1%  4199 1764s
  1449  1224  524.26948  163  941  531.00000  472.06380  11.1%  4196 1765s
  1453  1226  472.06380    9  992  531.00000  472.06380  11.1%  4185 1771s
  1454  1227  509.80586   63  934  531.00000  472.15833  11.1%  4182 1775s
  1457  1229  501.57338   95  976  531.00000  472.15833  11.1%  4173 1780s
  1460  1231  472.22982    7  941  531.00000  472.22982  11.1%  4165 1785s
  1462  1232  472.29462   17  962  531.00000  472.29462  11.1%  4159 1791s
  1465  1234  497.37132   75  972  531.00000  472.29462  11.1%  4150 1795s
  1468  1236  516.88583  125  996  531.00000  472.29462  11.1%  4142 1800s
  1470  1238  472.35269   25  985  531.00000  472.35269  11.0%  4136 1805s
  1472  1239  523.08790  152  996  531.00000  472.43818  11.0%  4131 1810s
  1480  1245  473.12733   37  452  531.00000  472.43818  11.0%  4753 1831s
  1481  1246  527.74549  204  546  531.00000  472.43818  11.0%  4750 1853s
  1482  1247  476.72921   49  544  531.00000  472.43818  11.0%  4746 1861s
  1483  1247  504.37663  102  559  531.00000  472.43818  11.0%  4743 1870s
  1484  1248  518.57363  171  567  531.00000  472.43818  11.0%  4740 1882s
  1485  1249  502.08192   94  598  531.00000  472.43818  11.0%  4737 1895s
  1486  1249  509.25206  113  568  531.00000  472.43818  11.0%  4734 1905s
  1487  1250  492.05457   69  649  531.00000  472.43818  11.0%  4730 1918s
  1488  1251  507.02595  114  610  531.00000  472.52039  11.0%  4727 1929s
  1489  1251  514.67171  116  673  531.00000  472.52039  11.0%  4724 1934s
  1490  1252  474.78685   46  678  531.00000  472.52039  11.0%  4721 1948s
  1491  1253  472.52039    8  643  531.00000  472.52039  11.0%  4718 1956s
  1492  1253  472.52039   11  676  531.00000  472.52039  11.0%  4715 1969s
  1493  1254  512.24337   94  704  531.00000  472.52039  11.0%  4711 1977s
  1494  1255  513.51236  120  706  531.00000  472.52039  11.0%  4708 1986s
  1495  1255  522.48540  155  699  531.00000  472.52039  11.0%  4705 1993s
  1496  1256  501.92610   58  738  531.00000  472.52039  11.0%  4702 1999s
  1497  1257  499.37645   66  739  531.00000  472.52039  11.0%  4699 2001s
  1498  1257  491.45525   68  742  531.00000  472.52039  11.0%  4696 2005s
  1502  1260  494.80145   84  849  531.00000  472.52039  11.0%  4683 2010s
  1507  1263  508.75212  126  866  531.00000  472.83670  11.0%  4668 2017s
  1510  1265  492.64076   66  927  531.00000  472.83670  11.0%  4658 2020s
  1513  1267  522.78474  155  920  531.00000  473.00431  10.9%  4649 2025s
  1517  1270  509.26703  132  958  531.00000  473.20325  10.9%  4637 2031s
  1521  1273  496.80391   50  951  531.00000  473.41604  10.8%  4625 2059s
  1522  1273  514.51346  116  944  531.00000  473.41604  10.8%  4622 2060s
  1525  1275  526.83159   92  957  531.00000  473.41604  10.8%  4613 2065s
  1530  1279  473.48675   29  974  531.00000  473.48675  10.8%  4598 2071s
  1532  1280  481.70709   44  981  531.00000  473.59586  10.8%  4592 2076s
  1534  1281  473.59586   21  891  531.00000  473.59586  10.8%  4586 2096s
H 1534  1216                     530.0000000  473.59586  10.6%  4586 2110s
  1536  1220  473.59586   28  819  530.00000  473.59586  10.6%  4830 2126s
  1537  1222  476.84205   29  774  530.00000  473.59586  10.6%  4834 2143s
  1540  1225  478.16948   30  768  530.00000  474.39177  10.5%  4842 2157s
  1544  1229  480.04959   31  767  530.00000  475.23599  10.3%  4896 2168s
  1549  1230  478.45023   32  672  530.00000  475.42076  10.3%  4992 2177s
  1552  1240  479.06165   33  751  530.00000  475.42076  10.3%  5035 2192s
  1563  1246  480.77592   35  659  530.00000  475.42076  10.3%  5323 2205s
  1572  1246  483.82557   36  545  530.00000  475.42076  10.3%  5342 2216s
  1575  1251  484.70101   36  521  530.00000  475.42076  10.3%  5355 2228s
  1581  1256  486.28435   37  494  530.00000  475.42076  10.3%  5381 2241s
  1588  1267  487.77925   39  449  530.00000  475.42076  10.3%  5421 2259s
  1602  1280  489.81378   41  483  530.00000  475.42076  10.3%  5619 2270s
  1619  1278  492.78192   43  382  530.00000  475.42076  10.3%  5813 2278s
  1623  1282  494.21275   44  351  530.00000  475.42076  10.3%  5856 2286s
  1628  1294  498.59183   45  319  530.00000  475.42076  10.3%  5937 2294s
  1642  1303  500.40797   47  389  530.00000  475.42076  10.3%  6012 2303s
  1656  1303  506.99946   50  355  530.00000  475.42076  10.3%  6138 2309s
  1660  1306  512.51951   50  365  530.00000  475.42076  10.3%  6174 2316s
  1665  1314  512.52982   51  420  530.00000  475.42076  10.3%  6233 2321s
  1674  1321  513.51277   51  365  530.00000  475.42076  10.3%  6274 2327s
  1684  1325  512.76953   52  343  530.00000  475.42076  10.3%  6358 2332s
  1692  1337  514.08426   53  338  530.00000  475.42076  10.3%  6414 2340s
  1708  1351  514.93980   57  302  530.00000  475.42076  10.3%  6471 2350s
  1730  1362  524.28228   61  235  530.00000  475.42076  10.3%  6494 2360s
  1756  1366  524.07797   66  244  530.00000  475.42076  10.3%  6478 2366s
  1782  1367     cutoff   73       530.00000  475.42076  10.3%  6429 2374s
  1814  1366     cutoff   83       530.00000  475.51265  10.3%  6346 2386s
  1837  1370  480.34110   32  765  530.00000  475.51265  10.3%  6388 2395s
  1869  1384  477.63817   33  759  530.00000  475.51265  10.3%  6434 2408s
  1911  1396  483.22256   34  610  530.00000  475.51265  10.3%  6492 2417s
  1961  1394  492.77499   35  570  530.00000  475.51265  10.3%  6487 2427s
  2002  1393  485.88454   36  620  530.00000  475.51265  10.3%  6462 2439s
  2044  1399  487.86569   38  544  530.00000  475.92675  10.2%  6499 2451s
  2071  1414  490.94740   39  396  530.00000  475.94029  10.2%  6599 2462s
  2109  1409  496.86649   42  344  530.00000  475.94029  10.2%  6679 2473s
  2135  1418  497.96052   43  327  530.00000  475.94029  10.2%  6657 2483s
  2167  1429  500.33492   48  321  530.00000  475.94029  10.2%  6740 2492s
  2189  1465  505.24607   51  257  530.00000  475.94029  10.2%  6912 2499s
  2234  1493  508.36914   62  266  530.00000  475.94029  10.2%  7007 2506s
  2277  1525  509.36831   67  252  530.00000  475.94029  10.2%  7074 2514s
  2325  1561  511.13618   71  206  530.00000  475.94029  10.2%  7092 2521s
  2397  1565  516.77300   74  238  530.00000  475.94029  10.2%  6993 2532s
  2466  1585  515.75522   80  250  530.00000  477.42325  9.92%  6916 2545s
  2556  1569  517.61247  113  166  530.00000  477.42325  9.92%  6898 2557s
  2595  1576  499.64048   54  330  530.00000  477.42325  9.92%  7015 2568s
  2615  1621  504.63914   59  319  530.00000  477.42325  9.92%  7200 2578s
  2681  1635  522.52235   92  165  530.00000  477.51044  9.90%  7243 2589s
  2727  1681  488.96636   39  440  530.00000  477.51044  9.90%  7382 2599s
  2804  1711  503.43927   56  353  530.00000  477.51044  9.90%  7431 2613s
  2888  1735  521.57483   83  281  530.00000  477.84031  9.84%  7455 2626s
  2953  1757  489.51077   36  652  530.00000  477.84031  9.84%  7577 2637s
  3029  1773  487.20187   38  419  530.00000  477.84031  9.84%  7549 2650s
  3117  1777  492.86783   43  344  530.00000  478.08066  9.80%  7577 2664s
  3152  1815  507.19726   50  272  530.00000  478.08066  9.80%  7737 2677s
  3219  1844  512.44011   66  217  530.00000  478.08066  9.80%  7842 2691s
  3322  1873  520.41366  111  188  530.00000  478.48663  9.72%  7894 2706s
  3394  1892  488.15605   33  707  530.00000  478.48663  9.72%  8015 2727s
  3497  1886  493.46063   38  605  530.00000  478.48663  9.72%  7984 2742s
  3525  1937  506.18068   45  587  530.00000  478.48663  9.72%  8155 2761s
  3622  1943  515.73993   58  495  530.00000  478.48663  9.72%  8209 2782s
  3696  1977  483.70776   32  753  530.00000  478.48663  9.72%  8364 2801s
  3769  2033  495.77113   41  512  530.00000  478.48663  9.72%  8474 2822s
  3890  2028     cutoff   81       530.00000  480.05175  9.42%  8463 2858s
  3927  2053  516.99256   53  474  530.00000  480.05175  9.42%  8525 2880s
  3976  2040  492.41162   42  685  530.00000  480.05175  9.42%  8637 2897s
  3980  2043  492.41274   43  686  530.00000  480.05175  9.42%  8637 2915s
  3984  2064  492.41274   44  682  530.00000  480.05175  9.42%  8636 2935s
  4007  2113  493.98577   45  661  530.00000  480.05175  9.42%  8662 2974s
  4125  2111  494.50587   46  634  530.00000  480.48886  9.34%  8590 2995s
  4177  2130  497.97687   47  649  530.00000  480.48886  9.34%  8742 3018s
  4224  2194  498.30030   48  632  530.00000  480.48886  9.34%  8852 3046s
  4307  2250  500.62535   49  609  530.00000  480.48886  9.34%  8965 3082s
  4522  2245  502.04961   50  546  530.00000  480.48886  9.34%  8789 3118s
  4629  2261  503.45569   51  558  530.00000  480.48886  9.34%  8840 3150s
  4694  2327  508.69185   56  442  530.00000  480.95423  9.25%  8904 3188s
  4816  2364  486.27855   38  670  530.00000  481.07776  9.23%  8915 3217s
  4913  2397  504.46905   50  551  530.00000  481.07776  9.23%  9034 3244s
  5004  2431  517.23174   80  503  530.00000  481.24223  9.20%  9077 3272s
  5131  2460  490.37560   42  613  530.00000  481.24223  9.20%  9107 3306s
  5231  2561  506.59483   46  487  530.00000  481.25299  9.20%  9256 3344s
  5431  2689  488.96306   40  662  530.00000  481.25299  9.20%  9267 3383s
  5635  2817  524.63285   90  331  530.00000  481.76889  9.10%  9310 3420s
  5801  2953  518.36364   56  289  530.00000  481.80810  9.09%  9450 3457s
  6009  3064  484.24716   40  678  530.00000  481.80810  9.09%  9430 3495s
  6194  3182  498.24216   60  478  530.00000  481.80810  9.09%  9493 3534s
  6353  3323  497.08230   45  617  530.00000  481.98322  9.06%  9492 3574s
  6537  3506  484.11450   36  681  530.00000  482.03254  9.05%  9568 3619s
  6858  3649  495.62955   39  572  530.00000  482.33601  8.99%  9531 3665s
  7053  3834  497.17190   40  445  530.00000  482.52667  8.96%  9597 3713s
  7405  4036  505.89133   49  396  530.00000  482.71214  8.92%  9442 3760s
  7759  4218  504.46437   47  572  530.00000  482.82227  8.90%  9346 3810s
  8111  4355  500.89028   52  518  530.00000  483.04305  8.86%  9307 3862s
  8331  4629  513.16070   77  288  530.00000  483.22806  8.82%  9267 3915s
  8772  4860  523.68649   62  243  530.00000  483.38721  8.79%  9144 3971s
  9097  5102  526.23994   94  444  530.00000  483.41447  8.79%  9147 4030s
  9477  5329  502.84483   42  512  530.00000  483.55578  8.76%  9138 4094s
  9859  5548  491.70314   46  619  530.00000  483.59918  8.75%  9056 4162s
 10289  5687  488.89213   39  665  530.00000  483.77210  8.72%  9009 4245s
 10492  6177  501.94229   64  502  530.00000  483.77210  8.72%  9058 4393s
 11372  6547  502.81303   43  418  530.00000  483.99099  8.68%  8951 4470s
 11907  6875  489.74176   44  627  530.00000  484.10401  8.66%  8932 4546s
 12346  7372  509.77265   71  393  530.00000  484.27282  8.63%  8871 4612s
 13003  7649  517.39566   65  445  530.00000  484.44960  8.59%  8735 4673s
 13428  7890  497.91622   39  598  530.00000  484.60027  8.57%  8748 4743s
 13810  8195  502.82869   38  568  530.00000  484.60629  8.56%  8720 4809s
 14253  8589  511.98529   49  434  530.00000  484.77099  8.53%  8701 4881s
 14835  8900  489.99827   44  520  530.00000  484.94743  8.50%  8614 4950s
 15314  8973  498.47903   42  512  530.00000  485.13527  8.47%  8576 5024s
 15422  9204  498.36106   44  573  530.00000  485.16617  8.46%  8590 5090s
 15723  9547  511.67972   63  503  530.00000  485.20786  8.45%  8592 5152s
 16246  9854  491.51741   33  635  530.00000  485.41208  8.41%  8540 5219s
 16748 10055  519.86371   49  241  530.00000  485.45238  8.41%  8518 5288s
 17037 10326  501.20017   41  518  530.00000  485.52796  8.39%  8544 5364s
 17533 10563  489.63541   38  740  530.00000  485.58091  8.38%  8526 5440s
 17848 10872  523.55626   84  311  530.00000  485.62777  8.37%  8574 5523s
 18337 11103  491.41419   44  653  530.00000  485.65507  8.37%  8535 5599s
 18621 11390  516.46984   90  476  530.00000  485.74098  8.35%  8615 5673s
 19040 11689  510.34433   65  459  530.00000  485.87635  8.33%  8601 5751s
 19443 12005  525.72030   66  386  530.00000  485.93331  8.31%  8598 5819s
 19892 12250  502.62538   46  638  530.00000  486.08974  8.28%  8578 5901s
 20256 12524  504.42287   37  516  530.00000  486.22603  8.26%  8604 5982s
 20648 12525  523.83946   66  415  530.00000  486.34752  8.24%  8614 6951s
 20650 12526  514.16904   60  453  530.00000  486.34752  8.24%  8614 6970s
 20651 12527  513.63947   56  517  530.00000  486.34752  8.24%  8613 6999s
 20652 12528  520.09290   85  561  530.00000  486.34752  8.24%  8613 7013s
 20653 12528  515.38673   58  571  530.00000  486.34752  8.24%  8612 7029s
 20654 12529  516.93248   47  569  530.00000  486.34752  8.24%  8612 7041s
 20655 12530  490.21922   40  602  530.00000  486.34752  8.24%  8612 7050s
 20656 12530  497.04570   43  617  530.00000  486.34752  8.24%  8611 7059s
 20657 12531  491.15581   42  661  530.00000  486.34752  8.24%  8611 7067s
 20658 12532  515.60937   53  668  530.00000  486.34752  8.24%  8610 7073s
 20659 12532  510.65581   78  687  530.00000  486.34752  8.24%  8610 7083s
 20660 12533  515.93161   88  676  530.00000  486.34752  8.24%  8609 7093s
 20661 12534  499.26332   49  690  530.00000  486.34752  8.24%  8609 7101s
 20662 12534  510.50019   56  731  530.00000  486.34752  8.24%  8609 7112s
 20663 12535  522.34620   68  731  530.00000  486.34752  8.24%  8608 7116s
 20664 12536  495.27131   45  719  530.00000  486.34752  8.24%  8608 7127s
 20665 12536  519.82451   71  730  530.00000  486.34752  8.24%  8607 7134s
 20666 12537  520.79994   55  744  530.00000  486.34752  8.24%  8607 7145s
 20667 12538  505.52286   56  728  530.00000  486.34752  8.24%  8607 7150s
 20668 12538  491.89272   41  762  530.00000  486.34752  8.24%  8606 7155s
 20670 12540  494.86484   38  732  530.00000  486.34752  8.24%  8605 7161s
 20672 12541  521.00752   57  760  530.00000  486.34752  8.24%  8604 7171s
 20673 12542  518.88372   92  836  530.00000  486.34752  8.24%  8604 7176s
 20674 12542  501.56713   43  842  530.00000  486.34752  8.24%  8604 7181s
 20675 12543  487.20692   40  820  530.00000  486.34752  8.24%  8603 7185s
 20677 12544  495.38341   49  884  530.00000  486.34752  8.24%  8602 7192s
 20678 12545  504.64672   50  873  530.00000  486.34752  8.24%  8602 7196s
 20681 12547  515.12097   59  877  530.00000  486.34752  8.24%  8601 7204s
 20682 12548  495.48814   46  834  530.00000  486.34752  8.24%  8600 7206s
 20684 12549  502.64566   65  829  530.00000  486.34752  8.24%  8599 7211s
 20688 12552  521.92016   66  923  530.00000  486.34752  8.24%  8598 7246s
 20689 12552  488.38029   34  843  530.00000  486.34752  8.24%  8597 7251s
 20691 12554  501.21799   43  819  530.00000  486.34752  8.24%  8597 7255s
 20695 12556  498.47830   51  876  530.00000  486.34752  8.24%  8595 7260s
 20696 12557  504.44648   50  881  530.00000  486.34752  8.24%  8594 7288s
 20697 12558  506.20583   48  813  530.00000  486.34752  8.24%  8594 7293s
 20698 12558  511.15599   59  838  530.00000  486.34752  8.24%  8594 7295s
 20702 12561  492.78466   35  866  530.00000  486.34752  8.24%  8592 7332s
 20703 12562  514.55010   55  850  530.00000  486.34752  8.24%  8592 7338s
 20704 12562  500.02668   45  833  530.00000  486.34752  8.24%  8591 7340s
 20707 12564  504.09247   56  868  530.00000  486.34752  8.24%  8590 7345s
 20714 12569  503.89816   42  900  530.00000  486.34752  8.24%  8587 7385s
 20715 12570  523.47215   78  864  530.00000  486.34752  8.24%  8587 7409s
 20716 12570  497.44415   48  884  530.00000  486.34752  8.24%  8586 7410s
 20720 12573  515.37379   60  917  530.00000  486.34752  8.24%  8584 7448s
 20721 12574  519.87316   72  861  530.00000  486.34752  8.24%  8584 7454s
 20722 12574  517.80979   49  848  530.00000  486.34752  8.24%  8584 7455s
 20728 12578  495.52944   45  922  530.00000  486.34752  8.24%  8581 7486s
 20731 12580  513.10689   45  861  530.00000  486.34752  8.24%  8580 7490s
 20738 12585  486.85727   42  878  530.00000  486.34752  8.24%  8577 7526s
 20739 12586  519.87316   64  870  530.00000  486.34752  8.24%  8577 7545s
 20744 12589  517.58483   73  889  530.00000  486.34752  8.24%  8575 7550s
 20745 12590  506.22304   52  898  530.00000  486.34752  8.24%  8574 7581s
 20747 12591  521.83961   83  923  530.00000  486.34752  8.24%  8573 7605s
 20749 12592  525.30284   81  851  530.00000  486.34752  8.24%  8572 7611s
 20751 12594  513.63947   56  861  530.00000  486.34752  8.24%  8572 7618s
 20753 12595  515.38673   58  915  530.00000  486.34752  8.24%  8571 7620s
 20757 12598  491.15581   42  930  530.00000  486.34752  8.24%  8569 7639s
 20758 12598  515.60937   53  895  530.00000  486.34752  8.24%  8569 7641s
 20763 12602  522.34620   68  931  530.00000  486.34752  8.24%  8567 7676s
 20764 12602  495.27131   45  910  530.00000  486.34752  8.24%  8566 7682s
 20769 12606  523.74486   99  894  530.00000  486.34752  8.24%  8564 7720s
 20772 12608  521.00752   57  942  530.00000  486.34752  8.24%  8563 7754s
 20773 12608  518.88372   92  917  530.00000  486.34752  8.24%  8563 7759s
 20774 12609  501.56713   43  887  530.00000  486.34752  8.24%  8562 7795s
 20776 12610  515.28356   61  854  530.00000  486.34752  8.24%  8561 7800s
 20779 12612  504.09971   58  866  530.00000  486.34752  8.24%  8560 7833s
 20780 12613  518.80483   58  848  530.00000  486.34752  8.24%  8560 7838s
 20782 12614  495.48814   46  896  530.00000  486.34752  8.24%  8559 7840s
 20784 12616  502.64566   65  947  530.00000  486.34752  8.24%  8558 7876s
 20787 12618  492.90129   45  941  530.00000  486.34752  8.24%  8557 7880s
 20788 12618  521.92016   66  952  530.00000  486.34752  8.24%  8556 7907s
 20789 12619  488.38029   34  891  530.00000  486.34752  8.24%  8556 7913s
 20791 12620  501.21799   43  832  530.00000  486.34752  8.24%  8555 7915s
 20792 12621  492.11105   40  863  530.00000  486.34752  8.24%  8555 7943s
 20793 12622  492.76647   44  853  530.00000  486.61416  8.19%  8554 7953s
 20796 12624  504.44648   50  914  530.00000  486.61416  8.19%  8553 7984s
 20797 12624  506.20583   48  913  530.00000  486.61416  8.19%  8553 7989s
 20799 12626  515.69525   86  948  530.00000  486.61416  8.19%  8552 7990s
 20804 12629  500.02668   45  966  530.00000  486.61416  8.19%  8550 8023s
 20807 12631  504.09247   56  938  530.00000  486.78135  8.15%  8549 8025s
 20808 12632  513.27535   58  940  530.00000  486.78135  8.15%  8548 8051s
 20812 12634  507.34797   65  922  530.00000  486.78135  8.15%  8547 8056s
 20814 12636  503.89816   42  961  530.00000  486.78135  8.15%  8546 8095s
 20815 12636  523.47215   78  902  530.00000  486.83794  8.14%  8545 8135s
 20819 12639  507.23460   55  974  530.00000  486.88168  8.14%  8544 8175s
 20821 12640  519.87316   72  950  530.00000  487.12522  8.09%  8543 8203s
 20822 12641  517.80979   49  928  530.00000  487.15863  8.08%  8542 8205s
 20823 12642  492.05820   41  938  530.00000  487.15863  8.08%  8542 8223s
 20824 12642  518.78503   88  950  530.00000  487.15863  8.08%  8542 8225s
 20825 12643  505.98022   56  952  530.00000  487.15863  8.08%  8541 8244s
 20826 12644  524.07167   44  942  530.00000  487.15863  8.08%  8541 8246s
 20827 12644  521.65202   73  949  530.00000  487.15863  8.08%  8540 8263s
 20828 12645  495.52944   45  935  530.00000  487.16626  8.08%  8540 8265s
 20829 12646  510.53196   56  943  530.00000  487.16626  8.08%  8540 8287s
 20832 12648  510.49638   56  936  530.00000  487.16626  8.08%  8538 8316s
 20833 12648  523.69145   75  880  530.00000  487.16626  8.08%  8538 8320s
 20837 12651  514.16946   75  942  530.00000  487.16626  8.08%  8536 8347s
 20839 12652  519.87316   64  947  530.00000  487.35491  8.05%  8535 8350s
 20840 12653  516.22808   52  976  530.00000  487.35491  8.05%  8535 8384s
 20841 12654  501.53004   40  968  530.00000  487.35491  8.05%  8535 8386s
 20843 12655  512.28428   83  967  530.00000  487.35491  8.05%  8534 8414s
 20844 12656  517.58483   73  956  530.00000  487.35491  8.05%  8533 8417s
 20846 12657  509.62037   54  938  530.00000  487.35491  8.05%  8533 8453s
 20847 12658  521.83961   83  934  530.00000  487.35491  8.05%  8532 8456s
 20849 12659  525.30284   81  949  530.00000  487.35491  8.05%  8531 8482s
 20854 12662  516.93248   47  960  530.00000  487.47902  8.02%  8529 8485s
 20859 12666  510.65581   78  939  530.00000  487.47902  8.02%  8527 8512s
 20862 12668  510.50019   56  934  530.00000  487.68463  7.98%  8526 8544s
 20863 12668  522.34620   68  931  530.00000  487.68463  7.98%  8526 8547s
 20866 12670  520.79994   55  941  530.00000  487.68463  7.98%  8524 8573s
 20867 12671  505.52286   56  932  530.00000  487.78390  7.97%  8524 8575s
 20869 12672  523.74486   99  938  530.00000  487.78390  7.97%  8523 8604s
 20870 12673  494.86484   38  928  530.00000  487.78390  7.97%  8523 8606s
 20873 12675  518.88372   92  934  530.00000  487.78390  7.97%  8522 8628s
 20874 12676  501.56713   43  944  530.00000  487.78390  7.97%  8521 8631s
 20875 12676  487.78390   40  940  530.00000  487.78390  7.97%  8521 8657s
 20876 12677  515.28356   61  937  530.00000  487.78390  7.97%  8520 8660s
 20878 12678  504.64672   50  957  530.00000  487.78390  7.97%  8520 8690s
 20880 12680  518.80483   58  962  530.00000  487.78390  7.97%  8519 8721s
 20884 12682  502.64566   65  946  530.00000  487.78390  7.97%  8517 8751s
 20886 12684  520.99927  114  940  530.00000  487.80121  7.96%  8516 8780s
 20888 12685  521.92016   66  938  530.00000  487.92372  7.94%  8515 8815s
 20891 12687  501.21799   43  950  530.00000  487.92372  7.94%  8514 8843s
 20893 12688  492.76647   44  963  530.00000  487.92372  7.94%  8513 8845s
 20894 12689  512.44532   71  955  530.00000  487.92372  7.94%  8513 8870s
 20896 12690  504.44648   50  954  530.00000  487.94864  7.93%  8512 8905s
 20898 12692  511.15599   59  948  530.00000  488.05065  7.91%  8511 8935s
 20900 12693  521.99467   85  973  530.00000  488.05776  7.91%  8511 8962s
 20902 12694  492.78466   35  953  530.00000  488.05776  7.91%  8510 8965s
 20904 12696  500.02668   45  957  530.00000  488.05776  7.91%  8509 8995s
 20908 12698  513.27535   58  948  530.00000  488.05776  7.91%  8507 9015s
 20911 12700  502.86356   44  946  530.00000  488.05776  7.91%  8506 9047s
 20913 12702  515.31489   79  944  530.00000  488.06108  7.91%  8505 9074s
 20914 12702  503.89816   42  898  530.00000  488.06459  7.91%  8505 9076s
 20915 12703  523.47215   78  897  530.00000  488.06459  7.91%  8504 9100s
 20919 12706  507.23460   55  948  530.00000  488.07581  7.91%  8503 9131s
 20921 12707  519.87316   72  934  530.00000  488.07581  7.91%  8502 9159s
 20922 12708  517.80979   49  931  530.00000  488.12826  7.90%  8502 9162s
 20923 12708  492.05820   41  897  530.00000  488.12826  7.90%  8501 9186s
 20925 12710  505.98022   56  949  530.00000  488.12826  7.90%  8500 9220s
 20928 12712  495.52944   45  933  530.00000  488.12826  7.90%  8499 9244s
 20929 12712  510.53196   56  934  530.00000  488.12826  7.90%  8499 9246s
 20930 12713  523.02404   66  946  530.00000  488.12826  7.90%  8498 9274s
 20931 12714  513.10689   45  928  530.00000  488.12826  7.90%  8498 9276s
 20932 12714  510.49638   56  931  530.00000  488.12826  7.90%  8498 9304s
 20933 12715  523.69145   75  935  530.00000  488.12826  7.90%  8497 9307s
 20934 12716  512.10295   59  935  530.00000  488.12826  7.90%  8497 9336s
 20936 12717  501.36339   41  934  530.00000  488.12826  7.90%  8496 9368s
 20937 12718  514.16946   75  895  530.00000  488.12826  7.90%  8496 9370s
 20940 12720  516.22808   52  931  530.00000  488.12826  7.90%  8494 9398s
 20941 12720  501.53004   40  906  530.00000  488.12826  7.90%  8494 9400s
 20944 12722  517.58483   73  946  530.00000  488.12826  7.90%  8493 9439s
 20945 12723  506.22304   52  883  530.00000  488.25687  7.88%  8492 9442s
 20951 12727  513.63947   56  947  530.00000  488.37363  7.85%  8490 9474s
 20952 12728  520.09290   85  940  530.00000  488.43134  7.84%  8489 9477s
 20953 12728  515.38673   58  931  530.00000  488.43134  7.84%  8489 9506s
 20955 12730  490.21922   40  937  530.00000  488.44590  7.84%  8488 9531s
 20957 12731  491.15581   42  950  530.00000  488.44590  7.84%  8487 9535s
 20958 12732  515.60937   53  946  530.00000  488.44590  7.84%  8487 9559s
 20959 12732  510.65581   78  951  530.00000  488.46375  7.84%  8487 9619s
 20960 12733  515.93161   88  942  530.00000  488.46375  7.84%  8486 9642s
 20962 12734  510.50019   56  951  530.00000  488.48825  7.83%  8485 9679s
 20963 12735  522.34620   68  915  530.00000  488.48825  7.83%  8485 9681s
 20964 12736  495.27131   45  936  530.00000  488.48825  7.83%  8485 9706s
 20968 12738  491.89272   41  925  530.00000  488.50350  7.83%  8483 9710s
 20969 12739  523.74486   99  938  530.00000  488.50350  7.83%  8483 9738s
 20970 12740  494.86484   38  873  530.00000  488.91613  7.75%  8482 9740s
 20972 12741  521.00752   57  880  530.00000  488.91613  7.75%  8481 9746s
 20974 12742  501.56713   43  898  530.00000  489.02027  7.73%  8481 9750s
 20978 12745  504.64672   50  941  530.00000  489.07196  7.72%  8479 9784s
 20979 12746  504.09971   58  907  530.00000  489.11498  7.71%  8479 9787s
 20981 12747  515.12097   59  943  530.00000  489.11498  7.71%  8478 9816s
 20984 12749  502.64566   65  935  530.00000  489.13825  7.71%  8476 9843s
 20985 12750  521.61773   69  909  530.00000  489.16953  7.70%  8476 9845s
 20988 12752  521.92016   66  930  530.00000  489.17304  7.70%  8475 9865s
 20990 12753  525.99296  106  927  530.00000  489.20310  7.70%  8474 9892s
 20991 12754  501.21799   43  900  530.00000  489.23897  7.69%  8474 9895s
 20994 12756  512.44532   71  951  530.00000  489.25149  7.69%  8472 9917s
 20995 12756  498.47830   51  942  530.00000  489.28482  7.68%  8472 9920s
 20996 12757  504.44648   50  943  530.00000  489.28482  7.68%  8472 9946s
 20998 12758  511.15599   59  961  530.00000  489.29364  7.68%  8471 9974s
 20999 12759  515.69525   86  949  530.00000  489.29364  7.68%  8470 9976s
 21000 12760  521.99467   85  961  530.00000  489.29364  7.68%  8470 10015s
 21002 12761  492.78466   35  958  530.00000  489.29364  7.68%  8469 10036s
 21004 12762  500.02668   45  958  530.00000  489.29364  7.68%  8468 10064s
 21005 12763  518.33764   72  949  530.00000  489.30051  7.68%  8468 10067s
 21006 12764  501.97930   60  948  530.00000  489.30051  7.68%  8468 10100s
 21008 12765  513.27535   58  961  530.00000  489.32801  7.67%  8467 10130s
 21010 12766  512.29875   47  963  530.00000  489.32801  7.67%  8466 10160s
 21012 12768  507.34797   65  963  530.00000  489.32801  7.67%  8465 10198s
 21013 12768  515.31489   79  950  530.00000  489.32801  7.67%  8465 10200s
 21015 12770  523.47215   78  960  530.00000  489.32801  7.67%  8464 10232s
 21017 12771  523.73246   59  960  530.00000  489.34308  7.67%  8463 10260s
 21020 12773  515.37379   60  968  530.00000  489.34308  7.67%  8462 10280s
 21024 12776  518.78503   88  926  530.00000  489.36754  7.67%  8460 10315s
 21028 12778  495.52944   45  913  530.00000  489.47396  7.65%  8459 10340s
 21030 12780  523.02404   66  956  530.00000  489.50077  7.64%  8458 10363s
 21032 12781  510.49638   56  940  530.00000  489.50440  7.64%  8457 10389s
 21033 12782  523.69145   75  946  530.00000  489.50440  7.64%  8457 10391s
 21034 12782  512.10295   59  948  530.00000  489.50440  7.64%  8456 10413s
 21035 12783  489.51534   38  948  530.00000  489.51534  7.64%  8456 10415s
 21036 12784  501.36339   41  948  530.00000  489.51534  7.64%  8456 10441s
 21037 12784  514.16946   75  856  530.00000  489.51534  7.64%  8455 10457s
 21038 12785  493.07047   42  856  530.00000  493.07047  6.97%  8455 10510s
 21041 12788  501.53004   40  452  530.00000  493.07047  6.97%  8486 10525s
 21042 12789  509.85481   63  491  530.00000  493.07047  6.97%  8486 10547s
 21043 12790  512.28428   83  562  530.00000  493.07047  6.97%  8486 10554s
 21044 12790  517.58483   73  522  530.00000  493.07047  6.97%  8485 10561s
 21045 12791  506.22304   52  565  530.00000  493.07047  6.97%  8485 10567s
 21046 12792  509.62037   54  553  530.00000  493.07047  6.97%  8484 10576s
 21047 12792  521.83961   83  582  530.00000  493.07047  6.97%  8484 10582s
 21048 12793  523.83946   66  587  530.00000  493.07047  6.97%  8484 10597s
 21049 12794  525.30284   81  630  530.00000  493.07047  6.97%  8483 10603s
 21050 12794  514.16904   60  664  530.00000  493.07047  6.97%  8483 10610s
 21051 12795  513.63947   56  627  530.00000  493.07047  6.97%  8482 10615s
 21052 12796  520.09290   85  650  530.00000  493.07047  6.97%  8482 10620s
 21053 12796  515.38673   58  651  530.00000  493.07047  6.97%  8482 10626s
 21054 12797  516.93248   47  734  530.00000  493.07047  6.97%  8481 10630s
 21055 12798  493.07047   40  723  530.00000  493.07047  6.97%  8481 10635s
 21056 12798  497.04570   43  704  530.00000  493.07047  6.97%  8480 10641s
 21057 12799  493.07047   42  711  530.00000  493.07047  6.97%  8480 10645s
 21059 12800  510.65581   78  745  530.00000  493.07047  6.97%  8479 10651s
 21060 12801  515.93161   88  768  530.00000  493.07047  6.97%  8479 10655s
 21062 12802  510.50019   56  792  530.00000  493.07047  6.97%  8478 10661s
 21068 12806  493.07047   41  852  530.00000  493.07047  6.97%  8476 10668s
 21069 12807  523.74486   99  822  530.00000  493.07047  6.97%  8475 10670s
 21072 12809  521.00752   57  888  530.00000  493.07047  6.97%  8474 10695s
 21075 12811  493.07047   40  934  530.00000  493.07047  6.97%  8473 10718s
 21076 12812  515.28356   61  875  530.00000  493.07047  6.97%  8472 10720s
 21078 12813  504.64672   50  934  530.00000  493.07047  6.97%  8472 10742s
 21079 12814  504.09971   58  938  530.00000  493.07047  6.97%  8471 10749s
 21081 12815  515.12097   59  947  530.00000  493.07047  6.97%  8470 10767s
 21082 12816  495.48814   46  896  530.00000  493.07047  6.97%  8470 10789s
 21084 12817  502.64566   65  947  530.00000  493.07047  6.97%  8469 10809s
 21085 12818  521.61773   69  857  530.00000  493.07047  6.97%  8469 10815s
 21088 12820  521.92016   66  898  530.00000  493.07047  6.97%  8468 10833s
 21090 12821  525.99296  106  897  530.00000  493.07047  6.97%  8467 10857s
 21091 12822  501.21799   43  865  530.00000  493.07047  6.97%  8466 10875s
 21092 12822  493.07047   40  891  530.00000  493.07047  6.97%  8466 10897s
 21093 12823  493.07047   44  866  530.00000  493.07047  6.97%  8466 10900s
 21098 12826  511.15599   59  884  530.00000  493.07047  6.97%  8464 10920s
 21100 12828  521.99467   85  922  530.00000  493.07047  6.97%  8463 10946s
 21102 12829  493.07047   35  929  530.00000  493.07047  6.97%  8462 10974s
 21103 12830  514.55010   55  916  530.00000  493.07047  6.97%  8462 10975s
 21105 12831  518.33764   72  943  530.00000  493.07047  6.97%  8461 11002s
 21107 12832  504.09247   56  865  530.00000  493.07047  6.97%  8460 11005s
 21108 12833  513.27535   58  905  530.00000  493.07047  6.97%  8460 11032s
 21111 12835  502.86356   44  870  530.00000  493.07047  6.97%  8458 11056s
 21114 12837  503.89816   42  900  530.00000  493.07047  6.97%  8457 11078s
 21115 12838  523.47215   78  868  530.00000  493.07047  6.97%  8457 11080s
 21120 12841  515.37379   60  898  530.00000  493.07047  6.97%  8455 11102s
 21124 12844  518.78503   88  884  530.00000  493.07047  6.97%  8453 11132s
 21126 12845  524.07167   44  857  530.00000  493.07047  6.97%  8452 11149s
 21127 12846  521.65202   73  901  530.00000  493.07047  6.97%  8452 11151s
 21130 12848  523.02404   66  927  530.00000  493.07047  6.97%  8451 11177s
 21131 12848  513.10689   45  926  530.00000  493.07047  6.97%  8450 11182s
 21132 12849  510.49638   56  929  530.00000  493.07047  6.97%  8450 11209s
 21133 12850  523.69145   75  914  530.00000  493.07047  6.97%  8450 11210s
 21137 12852  514.16946   75  900  530.00000  493.07047  6.97%  8448 11230s
 21139 12854  519.87316   64  869  530.00000  493.07047  6.97%  8447 11235s
 21140 12854  516.22808   52  884  530.00000  493.07047  6.97%  8447 11254s
 21141 12855  501.53004   40  863  530.00000  493.07047  6.97%  8446 11256s
 21144 12857  517.58483   73  876  530.00000  493.07047  6.97%  8445 11276s
 21145 12858  506.22304   52  881  530.00000  493.07047  6.97%  8445 11280s
 21146 12858  509.62037   54  881  530.00000  493.07047  6.97%  8444 11303s
 21147 12859  521.83961   83  884  530.00000  493.07047  6.97%  8444 11305s
 21148 12860  523.83946   66  888  530.00000  493.07047  6.97%  8444 11326s
 21151 12862  513.63947   56  883  530.00000  493.07047  6.97%  8442 11353s
 21152 12862  520.09290   85  882  530.00000  493.07047  6.97%  8442 11355s
 21153 12863  515.38673   58  885  530.00000  493.07047  6.97%  8442 11381s
 21154 12864  516.93248   47  882  530.00000  493.07047  6.97%  8441 11386s
 21158 12866  515.60937   53  880  530.00000  493.07047  6.97%  8440 11413s
 21159 12867  510.65581   78  879  530.00000  493.07047  6.97%  8439 11422s
 21161 12868  499.26332   49  895  530.00000  493.07047  6.97%  8438 11441s
 21163 12870  522.34620   68  905  530.00000  493.07047  6.97%  8438 11464s
 21164 12870  495.27131   45  887  530.00000  493.07047  6.97%  8437 11465s
 21165 12871  519.82451   71  892  530.00000  493.07047  6.97%  8437 11491s
 21167 12872  505.52286   56  881  530.00000  493.07047  6.97%  8436 11495s
 21168 12873  493.07047   41  891  530.00000  493.07047  6.97%  8436 11517s
 21170 12874  494.86484   38  907  530.00000  493.07047  6.97%  8435 11552s
 21172 12876  521.00752   57  908  530.00000  493.07047  6.97%  8434 11577s
 21174 12877  501.56713   43  917  530.00000  493.07047  6.97%  8433 11601s
 21175 12878  493.07047   40  917  530.00000  493.07047  6.97%  8433 11626s
 21176 12878  515.28356   61  833  530.00000  493.07047  6.97%  8432 11653s
 21177 12879  495.38341   49  910  530.00000  493.07047  6.97%  8432 11673s
 21178 12880  504.64672   50  922  530.00000  493.07047  6.97%  8432 11676s
 21179 12880  504.09971   58  923  530.00000  493.07047  6.97%  8431 11700s
 21180 12881  518.80483   58  923  530.00000  493.07047  6.97%  8431 11709s
 21181 12882  515.12097   59  923  530.00000  493.07047  6.97%  8430 11737s
 21182 12882  495.48814   46  868  530.00000  493.07047  6.97%  8430 11759s
 21183 12883  498.53724   44  918  530.00000  493.07047  6.97%  8430 11783s
 21184 12884  502.64566   65  902  530.00000  493.07047  6.97%  8429 11808s
 21185 12884  521.61773   69  896  530.00000  493.07047  6.97%  8429 11833s
 21186 12885  520.99927  114  896  530.00000  493.07047  6.97%  8428 11848s
 21187 12888  494.01190   54  624  530.00000  493.07047  6.97%  8450 11856s
 21188 12890  495.27282   55  613  530.00000  493.07047  6.97%  8450 11881s
 21191 12893  495.94222   56  600  530.00000  493.07047  6.97%  8450 11892s
 21195 12898  496.33226   57  605  530.00000  493.07047  6.97%  8451 11903s
 21201 12900  502.26170   58  512  530.00000  493.07047  6.97%  8456 11912s
 21205 12909  497.27020   59  566  530.00000  493.07047  6.97%  8457 11924s
 21215 12914  504.59197   60  545  530.00000  493.07047  6.97%  8464 11932s
 21224 12925  509.44180   62  417  530.00000  493.07047  6.97%  8462 11937s
 21238 12925  516.69025   64  388  530.00000  493.07047  6.97%  8459 11943s
 21242 12931  517.81804   65  347  530.00000  493.07047  6.97%  8458 11948s
 21250 12934  522.36425   67  218  530.00000  493.07047  6.97%  8456 11953s
 21258 12934  525.56851   71  118  530.00000  493.07047  6.97%  8454 11957s
 21266 12934 infeasible   76       530.00000  493.41552  6.90%  8451 11967s
 21271 12938  494.26184   57  671  530.00000  493.41552  6.90%  8450 11973s
 21276 12941  495.27338   58  630  530.00000  493.41552  6.90%  8450 11978s
 21281 12944  498.11986   59  580  530.00000  493.41552  6.90%  8449 11983s
 21286 12947  502.96184   60  563  530.00000  493.41552  6.90%  8448 11987s
 21290 12949  498.49011   60  567  530.00000  493.41552  6.90%  8447 11994s
 21294 12956  499.83573   61  548  530.00000  493.41552  6.90%  8447 12000s
 21302 12965  500.51095   63  522  530.00000  493.41552  6.90%  8445 12006s
 21314 12972  502.83475   65  489  530.00000  493.41552  6.90%  8442 12010s
 21325 12979  504.03320   67  418  530.00000  493.41552  6.90%  8439 12015s
 21338 12986  506.22777   69  439  530.00000  493.41552  6.90%  8436 12020s
 21354 12993  521.27097   72  342  530.00000  493.41552  6.90%  8431 12026s
 21376 12993  521.94337   76  277  530.00000  493.41552  6.90%  8424 12032s
 21399 12993  505.64676   60  544  530.00000  493.41552  6.90%  8417 12037s
 21409 13005  503.65047   61  572  530.00000  494.47990  6.70%  8415 12044s
 21426 13013  498.53330   63  578  530.00000  494.51836  6.69%  8410 12050s
 21447 13020  499.43024   64  531  530.00000  494.69921  6.66%  8404 12057s
 21476 13020  508.75646   66  472  530.00000  494.69921  6.66%  8395 12064s
 21500 13022  506.67370   68  449  530.00000  494.69921  6.66%  8388 12070s
 21526 13024  513.05626   70  412  530.00000  494.69921  6.66%  8380 12078s
 21551 13027  523.12770   78  362  530.00000  494.69922  6.66%  8373 12087s
 21581 13026     cutoff   92       530.00000  494.73618  6.65%  8364 12101s
 21607 13035  494.83579   60  831  530.00000  494.73618  6.65%  8356 12112s
 21624 13044  497.29211   62  706  530.00000  494.73618  6.65%  8352 12122s
 21639 13058  509.37608   61  556  530.00000  494.73618  6.65%  8350 12131s
 21660 13081  510.42117   62  543  530.00000  494.73618  6.65%  8345 12140s
 21703 13107  512.62638   67  546  530.00000  494.73618  6.65%  8333 12148s
 21767 13092  515.28519   76  539  530.00000  494.73618  6.65%  8313 12161s
 21793 13099     cutoff   80       530.00000  495.28020  6.55%  8305 12171s
 21823 13103  505.25258   58  708  530.00000  495.28020  6.55%  8298 12182s
 21837 13117  505.99018   60  680  530.00000  495.28020  6.55%  8297 12194s
 21857 13133  511.97639   63  600  530.00000  495.28020  6.55%  8293 12206s
 21900 13134  520.26807   65  588  530.00000  495.28020  6.55%  8281 12216s
 21927 13138     cutoff   73       530.00000  496.30314  6.36%  8275 12226s
 21944 13161  499.16776   58  525  530.00000  496.30314  6.36%  8273 12244s
 21983 13177  501.88142   62  475  530.00000  496.30314  6.36%  8263 12256s
 22012 13204  503.41267   68  468  530.00000  496.30314  6.36%  8258 12268s
 22057 13216  505.84287   72  448  530.00000  496.30314  6.36%  8246 12281s
 22098 13233  508.26768   78  435  530.00000  496.99570  6.23%  8236 12298s
 22145 13272  512.64825   87  404  530.00000  496.99571  6.23%  8224 12319s
 22250 13255  498.64033   66  740  530.00000  496.99571  6.23%  8192 12335s
 22271 13291  499.76231   70  690  530.00000  497.29211  6.17%  8189 12356s
 22336 13328  503.48109   71  650  530.00000  497.29211  6.17%  8171 12374s
 22429 13327  524.20948   73  371  530.00000  497.29211  6.17%  8144 12390s
 22468 13350  510.87030   76  606  530.00000  497.29211  6.17%  8137 12413s
 22527 13358  507.32047   78  665  530.00000  497.68064  6.10%  8123 12437s
 22600 13361  521.90141   89  351  530.00000  498.09940  6.02%  8103 12464s
 22636 13386  501.94159   61  558  530.00000  498.09940  6.02%  8096 12487s
 22699 13435  505.78168   65  475  530.00000  498.15762  6.01%  8080 12510s
 22801 13443  520.30010   90  292  530.00000  498.38880  5.96%  8051 12531s
 22878 13426  499.16796   60  728  530.00000  498.38880  5.96%  8031 12553s
 22896 13459  500.18154   61  682  530.00000  498.38880  5.96%  8028 12575s
 22935 13521  502.13044   63  726  530.00000  498.38880  5.96%  8023 12600s
 23081 13517  503.38822   66  698  530.00000  498.38880  5.96%  7981 12625s
 23157 13557  506.62279   71  693  530.00000  498.38880  5.96%  7963 12647s
 23244 13578  509.80011   78  635  530.00000  498.55324  5.93%  7943 12673s
 23328 13624  514.71394   91  589  530.00000  499.11541  5.83%  7924 12700s
 23450 13675  503.68030   68  514  530.00000  499.11541  5.83%  7894 12726s
 23589 13710  526.80309   99  387  530.00000  499.37132  5.78%  7859 12757s
 23712 13797  525.25909   96  388  530.00000  499.44790  5.76%  7827 12785s
 23933 13841  513.45448   73  542  530.00000  499.57743  5.74%  7767 12814s
 24177 13842  521.21391   89  396  530.00000  499.83129  5.69%  7701 12844s
 24314 13861  505.31466   69  628  530.00000  499.85884  5.69%  7669 12873s
 24411 13904  512.18928   64  484  530.00000  499.99159  5.66%  7651 12907s
 24520 13937  506.13467   70  649  530.00000  499.99159  5.66%  7627 12940s
 24630 13967  505.87053   64  571  530.00000  500.04053  5.65%  7605 12979s
 24747 14027  511.79164   78  481  530.00000  500.04053  5.65%  7581 13013s
 24934 14076  512.17072   68  625  530.00000  500.20447  5.62%  7537 13044s
 25094 14223  508.78043   70  593  530.00000  500.42088  5.58%  7505 13084s
 25409 14274  520.97299   96  576  530.00000  500.42088  5.58%  7428 13122s
 25651 14321  513.47867   73  537  530.00000  500.67165  5.53%  7374 13162s
 25913 14330  506.82368   77  706  530.00000  500.79264  5.51%  7315 13203s
 26076 14401  516.71936   69  615  530.00000  500.91325  5.49%  7283 13249s
 26270 14492  507.77111   68  605  530.00000  501.09775  5.45%  7243 13294s
 26519 14583  513.88128   65  415  530.00000  501.12039  5.45%  7192 13339s
 26827 14623  518.14219   80  447  530.00000  501.38802  5.40%  7127 13389s
 27095 14699  519.26068   75  629  530.00000  501.64390  5.35%  7074 13436s
 27358 14734  505.98827   74  542  530.00000  501.79861  5.32%  7026 13489s
 27655 14814  515.04044   79  543  530.00000  501.92676  5.30%  6969 13543s
 27952 14940  521.36867   97  437  530.00000  502.09850  5.26%  6916 13607s
 28402 15043  527.64363   81  475  530.00000  502.19644  5.25%  6827 13662s
 28781 15253  514.25890   82  583  530.00000  502.28239  5.23%  6761 13720s
 29419 15256  513.17793   82  523  530.00000  502.38898  5.21%  6639 13780s
 29758 15487  511.51892   92  623  530.00000  502.55475  5.18%  6583 13841s
 30387 15695  517.12903   82  399  530.00000  502.68800  5.15%  6472 13904s
 31000 15998  517.24735   85  435  530.00000  502.95068  5.10%  6369 13980s
 31805 15922  509.87290   70  643  530.00000  503.22120  5.05%  6239 14019s
 32202 16104  519.68313   75  444  530.00000  503.35552  5.03%  6179 14059s
 32682 16234     cutoff   61       530.00000  503.48759  5.00%  6105 14097s
 33119 16333  513.66722   77  488  530.00000  503.59054  4.98%  6041 14134s
 33572 16486  512.93753   67  515  530.00000  503.68950  4.96%  5975 14166s
 34018 16561  512.18924   77  630  530.00000  503.83554  4.94%  5911 14196s
 34356 16676  513.32233   83  564  530.00000  503.87126  4.93%  5867 14233s
 34653 16885  517.93638   68  632  530.00000  503.99892  4.91%  5829 14268s
 35114 16968  518.01581   84  443  530.00000  504.08650  4.89%  5767 14303s
 35563 17072  514.50887   76  606  530.00000  504.17171  4.87%  5710 14336s
 35962 17196  514.22996   72  497  530.00000  504.24019  4.86%  5662 14373s
 36375 17295  506.88271   75  720  530.00000  504.29852  4.85%  5614 14406s
 36824 17378  506.07500   77  677  530.00000  504.33559  4.84%  5559 14441s
 37164 17552  518.84799  102  556  530.00000  504.37018  4.84%  5521 14477s
 37600 17616  520.68028   70  565  530.00000  504.51704  4.81%  5472 14514s
 37920 17780  511.10922   74  526  530.00000  504.55125  4.80%  5440 14550s
 38322 17847  508.86253   65  537  530.00000  504.64627  4.78%  5396 14591s
 38624 17954  508.20208   77  620  530.00000  504.66304  4.78%  5365 14626s
 38905 18139  512.98213   71  534  530.00000  504.70331  4.77%  5340 14659s
 39312 18266  519.89174   88  474  530.00000  504.80993  4.75%  5299 14694s
 39753 18459  519.95741   61  365  530.00000  504.91764  4.73%  5254 14729s
 40234 18631  514.58892   76  578  530.00000  504.99724  4.72%  5206 14768s
 40703 18772  508.74209   78  480  530.00000  505.03446  4.71%  5160 14805s
 41213 18906  512.61740   68  558  530.00000  505.15066  4.69%  5110 14859s
 41677 19199     cutoff  114       530.00000  505.19600  4.68%  5067 14901s
 42371 19264  516.89658   83  470  530.00000  505.27274  4.67%  5002 14934s
 42898 19336  510.30286   73  584  530.00000  505.36586  4.65%  4954 14967s
 43282 19490  511.58922   81  621  530.00000  505.41489  4.64%  4920 14994s
 43695 19644  514.57967   70  423  530.00000  505.45667  4.63%  4886 15017s
 44097 19751  525.97566   89  389  530.00000  505.49259  4.62%  4852 15042s
 44526 19935  515.81270   80  463  530.00000  505.57681  4.61%  4818 15069s
 45038 19994  518.49251   78  403  530.00000  505.64766  4.59%  4775 15093s
 45405 20102  526.68630   86  467  530.00000  505.69096  4.59%  4747 15115s
 45732 20294  516.20568   76  530  530.00000  505.77490  4.57%  4723 15139s
 46201 20356  510.36604   73  570  530.00000  505.80864  4.56%  4687 15162s
 46543 20476  516.99159   85  520  530.00000  505.82861  4.56%  4663 15186s
 46938 20652  518.22820   72  422  530.00000  505.87948  4.55%  4634 15209s
 47438 20718  517.45614   76  462  530.00000  505.93104  4.54%  4597 15234s
 47811 20862  509.64986   64  588  530.00000  505.97609  4.53%  4569 15259s
 48238 20960  510.94407   65  700  530.00000  506.01160  4.53%  4539 15283s
 48577 21160  519.29638   80  593  530.00000  506.03686  4.52%  4518 15308s
 49068 21298  510.23506   81  503  530.00000  506.06254  4.52%  4483 15333s
 49467 21331  514.07469   71  467  530.00000  506.10277  4.51%  4457 15357s
 49728 21512  518.54381   82  391  530.00000  506.12259  4.51%  4440 15383s
 50214 21728  508.51453   69  492  530.00000  506.18237  4.49%  4407 15406s
 50746 21830  518.22502   84  518  530.00000  506.26724  4.48%  4372 15432s
 51117 22043  509.73289   64  513  530.00000  506.30123  4.47%  4350 15454s
 51644 22353  514.86816   74  516  530.00000  506.34704  4.46%  4316 15489s
 52317 22363  526.42097   79  246  530.00000  506.41763  4.45%  4276 15512s
 52742 22437  514.31736   79  563  530.00000  506.47236  4.44%  4251 15535s
 53197 22581  520.23530   73  502  530.00000  506.56857  4.42%  4225 15558s
 53617 22657  514.64763   72  513  530.00000  506.60186  4.41%  4200 15578s
 53984 22799  527.64489   97  598  530.00000  506.64470  4.41%  4180 15600s
 54369 23008  521.50329   95  601  530.00000  506.69787  4.40%  4157 15621s
 54866 23049  515.33782   70  345  530.00000  506.71571  4.39%  4129 15642s
 55189 23213  526.66955   72  556  530.00000  506.73576  4.39%  4113 15663s
 55731 23320  512.73115   64  608  530.00000  506.80280  4.38%  4083 15684s
 56199 23420  511.41404   78  436  530.00000  506.82665  4.37%  4057 15705s
 56607 23498  517.76161   77  668  530.00000  506.85460  4.37%  4036 15726s
 57036 23535  510.75289   78  554  530.00000  506.88298  4.36%  4014 15746s
 57310 23797  515.80858   77  496  530.00000  506.88298  4.36%  3999 15770s
 57805 23885  509.13263   67  706  530.00000  506.97987  4.34%  3973 15790s
 58183 24023  515.58832   66  501  530.00000  506.99743  4.34%  3954 15811s
 58677 24196  518.11347   80  551  530.00000  507.02011  4.34%  3929 15832s
 59186 24290     cutoff   70       530.00000  507.09352  4.32%  3904 15850s
 59641 24356  511.80798   83  600  530.00000  507.12984  4.32%  3882 15869s
 60012 24468  512.28372   69  537  530.00000  507.20481  4.30%  3865 15888s
 60271 24753  513.12139   66  321  530.00000  507.21960  4.30%  3854 15906s
 60698 24948  527.52049   74  645  530.00000  507.28123  4.29%  3835 15924s
 61056 25157  511.52440   78  485  530.00000  507.32386  4.28%  3820 15942s
 61422 25394  517.61685   82  572  530.00000  507.35277  4.27%  3805 15960s
 61819 25659  515.57631   75  555  530.00000  507.37109  4.27%  3788 15980s
 62236 26070  521.60475   63  490  530.00000  507.41322  4.26%  3770 16010s
 62934 26218  518.65678   76  601  530.00000  507.47259  4.25%  3740 16028s
 63194 26537  524.74753   88  367  530.00000  507.49293  4.25%  3730 16049s
 63710 26820  511.27235   78  576  530.00000  507.53275  4.24%  3707 16072s
 64120 27164  519.94881  104  534  530.00000  507.53275  4.24%  3691 16091s
 64645 27407  527.58216   86  408  530.00000  507.62459  4.22%  3668 16108s
 65080 27631  515.48844   92  633  530.00000  507.64698  4.22%  3650 16128s
 65420 27980  513.20349   83  503  530.00000  507.68433  4.21%  3637 16148s
 65932 28136  521.72124   68  468  530.00000  507.72513  4.20%  3616 16166s
 66216 28333  520.95375   92  467  530.00000  507.75007  4.20%  3607 16185s
 66520 28552  516.14286   82  570  530.00000  507.77441  4.19%  3597 16203s
 66818 28662  515.73588   81  561  530.00000  507.78149  4.19%  3586 16222s
 66962 28852  527.29626  117  455  530.00000  507.78149  4.19%  3580 16245s
 67330 29113  519.10891   84  635  530.00000  507.81819  4.19%  3566 16265s
 67737 29404  525.65086   70  509  530.00000  507.83709  4.18%  3552 16284s
 68247 29720  520.79406   85  470  530.00000  507.86545  4.18%  3533 16304s
 68786 30020  514.86703   68  662  530.00000  507.89874  4.17%  3512 16323s
 69204 30296  512.73763   90  648  530.00000  507.91329  4.17%  3497 16343s
 69622 30565  513.60113   72  540  530.00000  507.93518  4.16%  3483 16363s
 70041 30796  516.40047   72  661  530.00000  507.95239  4.16%  3469 16383s
 70414 31057  520.04269   79  454  530.00000  507.98740  4.15%  3456 16402s
 70810 31426  522.57084   89  447  530.00000  507.99690  4.15%  3443 16421s
 71398 31742  522.97813   90  539  530.00000  508.04240  4.14%  3422 16441s
 71884 31949  514.64587   77  620  530.00000  508.07935  4.14%  3405 16460s
 72196 32242  514.52843   83  512  530.00000  508.09468  4.13%  3396 16478s
 72604 32689  520.85188   80  450  530.00000  508.11690  4.13%  3383 16508s
 73331 32978  525.66051   97  397  530.00000  508.14723  4.12%  3360 16525s
 73769 33228  515.17118   82  558  530.00000  508.20103  4.11%  3346 16541s
 74161 33554  521.07718   78  395  530.00000  508.22026  4.11%  3333 16557s
 74656 33752  520.01260   79  371  530.00000  508.26768  4.10%  3316 16572s
 74986 34011  524.82677   90  446  530.00000  508.29878  4.09%  3306 16587s
 75397 34189  523.54932   73  370  530.00000  508.32092  4.09%  3294 16601s
 75675 34382  514.00905   81  479  530.00000  508.33860  4.09%  3287 16617s
 75982 34585  515.18774   75  548  530.00000  508.38239  4.08%  3278 16635s
 76330 34806  514.64390   71  467  530.00000  508.38862  4.08%  3268 16652s
 76627 35005  512.39105   80  446  530.00000  508.38934  4.08%  3261 16670s
 77014 35214  513.61330   69  521  530.00000  508.43663  4.07%  3250 16689s
 77322 35410  512.86486   67  553  530.00000  508.46194  4.06%  3242 16707s
 77669 35693  519.97631   69  544  530.00000  508.47409  4.06%  3233 16726s
 78068 35972  515.14422   64  448  530.00000  508.50065  4.06%  3223 16745s
 78539 36162  520.22472   72  423  530.00000  508.52615  4.05%  3209 16767s
 78879 36397  514.77202   71  668  530.00000  508.53832  4.05%  3201 16785s
 79236 36618  520.12053   70  681  530.00000  508.55252  4.05%  3191 16806s
 79690 36880  514.62232   76  511  530.00000  508.59758  4.04%  3179 16825s
 80141 37111  516.26105   66  509  530.00000  508.62387  4.03%  3167 16845s
 80557 37299  522.00477   75  461  530.00000  508.63874  4.03%  3157 16867s
 80935 37516  523.94600   71  553  530.00000  508.66751  4.02%  3148 16886s
 81244 37786  512.42713   70  539  530.00000  508.69701  4.02%  3141 16905s
 81657 37978  521.43325   67  493  530.00000  508.71784  4.02%  3130 16925s
 82030 38199  519.18046   65  420  530.00000  508.75217  4.01%  3121 16943s
 82389 38377  519.59450   87  593  530.00000  508.76005  4.01%  3113 16965s
 82748 38573  515.33218   87  579  530.00000  508.77019  4.01%  3105 16983s
 83051 38916  519.59129   85  597  530.00000  508.78532  4.00%  3099 17012s
 83562 39114  514.62174   82  534  530.00000  508.80158  4.00%  3087 17036s
 83952 39342  520.59784   74  504  530.00000  508.82933  3.99%  3078 17058s
 84375 39584  523.75681   67  610  530.00000  508.85049  3.99%  3069 17080s
 84792 39848  515.50257   81  526  530.00000  508.88501  3.98%  3060 17108s
 85288 40146  520.59372   79  677  530.00000  508.91721  3.98%  3049 17130s
 85757 40300  515.28296   82  516  530.00000  508.92305  3.98%  3038 17153s
 86183 40479  522.49455   64  450  530.00000  508.96086  3.97%  3029 17179s
 86487 40726  519.93420   80  496  530.00000  508.97223  3.97%  3023 17201s
 86881 40994  518.31638   81  433  530.00000  508.99193  3.96%  3014 17224s
 87272 41295  511.08223   81  633  530.00000  509.01634  3.96%  3007 17246s
 87690 41491  514.15410   85  531  530.00000  509.03944  3.95%  2999 17269s
 88102 41785  513.37425   68  620  530.00000  509.05427  3.95%  2990 17295s
 88555 41975  516.19755   72  502  530.00000  509.06782  3.95%  2981 17317s
 88938 42236  520.28060   91  384  530.00000  509.07742  3.95%  2974 17339s
 89420 42482  525.91485   78  387  530.00000  509.12524  3.94%  2964 17364s
 89879 42738  513.64701   76  538  530.00000  509.15908  3.93%  2955 17386s
 90351 42951  519.45324   67  533  530.00000  509.19203  3.93%  2945 17409s
 90707 43248  520.68624   84  531  530.00000  509.20695  3.92%  2940 17435s
 91137 43489  513.38506   69  605  530.00000  509.22036  3.92%  2931 17458s
 91572 43763  519.08827   70  456  530.00000  509.23344  3.92%  2923 17482s
 92077 44032  518.82361   77  671  530.00000  509.25844  3.91%  2913 17503s
 92474 44373  518.09938   89  660  530.00000  509.27385  3.91%  2906 17526s
 93055 44633  514.31880   93  545  530.00000  509.31585  3.90%  2893 17546s
 93465 44953  516.93928   89  646  530.00000  509.33591  3.90%  2886 17574s
 94040 45216  516.24345   70  403  530.00000  509.36430  3.89%  2875 17595s
 94513 45386  514.54180   74  483  530.00000  509.39384  3.89%  2866 17616s
 94747 45701  516.06771   85  425  530.00000  509.40774  3.89%  2862 17638s
 95188 45930  517.66527   88  680  530.00000  509.42002  3.88%  2854 17658s
 95568 46164  515.85466   81  660  530.00000  509.45524  3.88%  2847 17681s
 95925 46357  523.18419   68  478  530.00000  509.47171  3.87%  2842 17704s
 96297 46639  519.56436   70  343  530.00000  509.49475  3.87%  2836 17725s
 96765 46863  519.95186   62  505  530.00000  509.51975  3.86%  2827 17745s
 97165 47078  514.22682   69  498  530.00000  509.53211  3.86%  2821 17766s
 97574 47358  513.08821   83  714  530.00000  509.55659  3.86%  2815 17787s
 98006 47575  520.25552   66  447  530.00000  509.56335  3.86%  2807 17807s
 98353 47579  524.74506   76  487  530.00000  509.58484  3.85%  2802 17831s
 98357 47617  525.10960   75  424  530.00000  509.58484  3.85%  2802 17854s
 98440 47902  522.99792   80  511  530.00000  509.59261  3.85%  2801 17876s
 98883 48161  524.36750   81  376  530.00000  509.60008  3.85%  2793 17900s
 99325 48387  516.83358   68  506  530.00000  509.63653  3.84%  2787 17922s
 99717 48643  516.32366   79  426  530.00000  509.65000  3.84%  2781 17944s
 100110 48958  517.48447   84  630  530.00000  509.66490  3.84%  2775 17966s
 100591 49157  524.02720   83  483  530.00000  509.68030  3.83%  2766 17989s
 101041 49417  512.92868   81  683  530.00000  509.70145  3.83%  2759 18012s
 101434 49645  514.11864   65  549  530.00000  509.71778  3.83%  2754 18037s
 101859 49878  518.94178   81  495  530.00000  509.73133  3.82%  2747 18058s
 102327 50173  516.81171   72  459  530.00000  509.75790  3.82%  2740 18079s
 102766 50440  521.98756   82  411  530.00000  509.77746  3.82%  2733 18101s
 103210 50709  519.64149   84  670  530.00000  509.80228  3.81%  2726 18126s
 103612 50926  522.79911   77  383  530.00000  509.81293  3.81%  2720 18146s
 104006 51240  516.64559   68  534  530.00000  509.83545  3.80%  2715 18174s
 104488 51499  511.24964   74  628  530.00000  509.86167  3.80%  2708 18197s
 104943 51801  516.67785   66  457  530.00000  509.88346  3.80%  2702 18218s
 105398 52097  518.70143   72  511  530.00000  509.89786  3.79%  2695 18239s
 105870 52468  515.34526   73  510  530.00000  509.92256  3.79%  2688 18261s
 106425 52747  513.93925   78  581  530.00000  509.94246  3.78%  2679 18282s
 106840 53035  515.60271   82  494  530.00000  509.95806  3.78%  2673 18307s
 107260 53267  520.46070   63  485  530.00000  509.98441  3.78%  2667 18332s
 107721 53477  524.13238   82  422  530.00000  510.00396  3.77%  2661 18352s
 108126 53725  516.32178   67  713  530.00000  510.01532  3.77%  2655 18374s
 108297 53725  518.99569   73  441  530.00000  510.02256  3.77%  2653 18375s
 108488 53985  517.29332   91  600  530.00000  510.03403  3.77%  2650 18396s
 108901 54166  516.17759   77  559  530.00000  510.04032  3.77%  2645 18415s
 109299 54525  517.51613   92  648  530.00000  510.05488  3.76%  2639 18436s
 109845 54763  512.05772   74  508  530.00000  510.07417  3.76%  2631 18457s
 110280 55011  516.22837   78  565  530.00000  510.10539  3.75%  2625 18476s
 110730 55250  522.25931   80  478  530.00000  510.12761  3.75%  2618 18496s
 111130 55489  516.91927   75  452  530.00000  510.14275  3.75%  2613 18516s
 111547 55683     cutoff   69       530.00000  510.16190  3.74%  2607 18536s
 111948 55907  514.51373   69  526  530.00000  510.18907  3.74%  2602 18555s
 112339 56142  513.24932   69  499  530.00000  510.20282  3.74%  2598 18574s
 112728 56294  518.04617   90  767  530.00000  510.23845  3.73%  2593 18596s
 112971 56496  511.56143   79  584  530.00000  510.24625  3.73%  2590 18614s
 113300 56701  521.75361   80  387  530.00000  510.25106  3.73%  2586 18636s
 113745 56976  518.64513   74  540  530.00000  510.26540  3.72%  2581 18656s
 114224 57266  522.22363   71  436  530.00000  510.28333  3.72%  2575 18683s
 114825 57507  527.81153   82  310  530.00000  510.30358  3.72%  2567 18703s
 115194 57715  518.44539   71  585  530.00000  510.32445  3.71%  2563 18720s
 115580 57949  524.67617   71  454  530.00000  510.33930  3.71%  2558 18744s
 116020 58171  512.00117   62  576  530.00000  510.35271  3.71%  2552 18764s
 116402 58364  515.24349   68  652  530.00000  510.36574  3.70%  2548 18784s
 116715 58582  513.29484   76  686  530.00000  510.38558  3.70%  2544 18804s
 117136 58794  517.85665   82  649  530.00000  510.40641  3.70%  2539 18825s
 117548 58998  514.66687   77  439  530.00000  510.41865  3.69%  2535 18847s
 117921 59175  514.19902   76  728  530.00000  510.43263  3.69%  2531 18868s
 118302 59434  518.36156   72  488  530.00000  510.44216  3.69%  2527 18889s
 118745 59667  516.06510   75  488  530.00000  510.46771  3.69%  2521 18909s
 119187 59977  517.71611   75  428  530.00000  510.49019  3.68%  2516 18932s
 119710 60207  518.39892   74  568  530.00000  510.50599  3.68%  2509 18954s
 120192 60493  516.40816  100  563  530.00000  510.51841  3.68%  2504 18974s
 120645 60731  518.67287   77  493  530.00000  510.53607  3.67%  2498 18993s
*120735 60177              78     529.0000000  510.53607  3.49%  2497 18993s
 121059 60484  520.70902   91  460  529.00000  510.54832  3.49%  2494 19014s
 121558 60652  517.76019   86  711  529.00000  510.58175  3.48%  2488 19035s
H121571 53469                     527.0000000  510.58175  3.12%  2488 19035s
 121851 53629  516.81620   79  515  527.00000  510.59084  3.11%  2485 19053s
H121901 43891                     525.0000000  510.59084  2.74%  2484 19053s
H121928 38954                     524.0000000  510.59084  2.56%  2484 19053s
 122203 39091  519.98906   71  384  524.00000  510.61004  2.56%  2481 19071s
 122673 39192  516.37011   86  485  524.00000  510.64578  2.55%  2476 19092s
 122926 39288  522.05587   72  594  524.00000  510.65909  2.55%  2474 19113s
 123384 39398  516.38643   77  567  524.00000  510.68014  2.54%  2469 19131s
 123779 39543  521.44039  104  481  524.00000  510.70608  2.54%  2466 19149s
 124136 39691  515.74455   86  748  524.00000  510.74037  2.53%  2463 19168s
 124603 39956  518.04727   73  537  524.00000  510.77287  2.52%  2458 19192s
 125270 40074  518.01350   68  533  524.00000  510.80816  2.52%  2451 19207s
 125535 40206  516.31284   71  547  524.00000  510.82200  2.51%  2449 19224s
 125907 40304  516.90928   68  606  524.00000  510.84214  2.51%  2445 19244s
 126245 40419  517.08504   72  512  524.00000  510.86154  2.51%  2443 19263s
 126731 40541  518.49481   74  535  524.00000  510.89302  2.50%  2438 19282s
 127028 40645  517.92497   72  573  524.00000  510.91011  2.50%  2436 19303s
 127384 40736  518.05381   68  627  524.00000  510.94941  2.49%  2433 19325s
 127706 40942  516.28594   67  492  524.00000  510.96076  2.49%  2431 19346s
 128162 41027  514.25337   72  662  524.00000  510.99624  2.48%  2427 19366s
 128671 41204  513.61460   68  515  524.00000  511.02547  2.48%  2422 19387s
 129204 41347 infeasible   74       524.00000  511.06635  2.47%  2417 19406s
 129618 41522  519.12545   83  577  524.00000  511.09047  2.46%  2413 19426s
 130137 41617  519.95707   65  426  524.00000  511.11877  2.46%  2408 19445s
 130544 41702  518.83644   74  445  524.00000  511.15352  2.45%  2405 19464s
 130919 41869  515.04225   61  546  524.00000  511.18803  2.45%  2402 19484s
 131417 41978  518.59709   84  456  524.00000  511.21715  2.44%  2397 19503s
 131861 42088  522.62095   75  469  524.00000  511.24070  2.43%  2393 19523s
 132251 42232  519.93575   85  542  524.00000  511.27192  2.43%  2390 19545s
 132681 42397  519.17949   66  488  524.00000  511.28805  2.43%  2387 19565s
 133098 42496  514.84733   96  659  524.00000  511.32427  2.42%  2383 19584s
 133538 42633  516.25251   72  473  524.00000  511.35048  2.41%  2380 19603s
 134035 42751  517.41751   78  445  524.00000  511.38118  2.41%  2375 19623s
 134536 42892  514.76757   71  554  524.00000  511.40999  2.40%  2371 19643s
 134942 42989  520.55296   85  383  524.00000  511.43494  2.40%  2368 19668s
 135356 43121  515.10258   81  564  524.00000  511.46415  2.39%  2365 19694s
 135775 43229  518.92220   78  490  524.00000  511.49773  2.39%  2362 19718s
 136268 43414  515.23403   81  490  524.00000  511.51821  2.38%  2358 19740s
 136787 43538     cutoff   76       524.00000  511.55106  2.38%  2354 19760s
 137246 43628  517.01756   72  442  524.00000  511.58737  2.37%  2351 19781s
 137726 43760     cutoff   71       524.00000  511.60518  2.37%  2347 19802s
 138217 43851  520.42946   80  494  524.00000  511.63816  2.36%  2343 19822s
 138637 43966  515.92420   87  697  524.00000  511.66693  2.35%  2340 19841s
 139134 44054  520.91646   66  498  524.00000  511.69389  2.35%  2336 19863s
 139591 44187  517.93187   67  630  524.00000  511.72283  2.34%  2333 19882s
 139971 44291  521.75112   63  486  524.00000  511.74467  2.34%  2330 19900s
 140336 44453  514.62873   78  397  524.00000  511.76779  2.33%  2328 19921s
 140872 44555     cutoff   91       524.00000  511.79501  2.33%  2323 19940s
 141310 44641  521.68196   75  427  524.00000  511.81776  2.32%  2320 19961s
 141708 44770  517.93035   70  724  524.00000  511.85185  2.32%  2318 19980s
 142113 44887  520.76061   71  467  524.00000  511.86947  2.31%  2315 20000s
 142599 44996     cutoff   62       524.00000  511.90104  2.31%  2311 20019s
 143002 45061  520.90955   69  481  524.00000  511.92184  2.30%  2309 20037s
 143415 45230  519.51319   76  607  524.00000  511.95330  2.30%  2306 20056s
 143914 45331  517.25506   82  721  524.00000  511.97633  2.29%  2302 20074s
 144319 45445  517.08797   74  434  524.00000  511.99433  2.29%  2300 20094s
 144788 45569  519.72560   78  507  524.00000  512.01889  2.29%  2297 20112s
 145282 45704  517.88544   72  457  524.00000  512.04499  2.28%  2293 20138s
 145889 45815  514.58377   70  435  524.00000  512.08235  2.27%  2288 20154s
 146287 45955  514.58517   79  580  524.00000  512.09826  2.27%  2285 20171s
 146806 46115 infeasible   69       524.00000  512.12883  2.27%  2281 20187s
 147289 46198 infeasible   71       524.00000  512.15722  2.26%  2277 20203s
 147632 46321     cutoff   67       524.00000  512.18724  2.25%  2275 20219s
 148051 46413     cutoff   77       524.00000  512.20272  2.25%  2272 20238s
 148477 46488  519.34030   73  464  524.00000  512.22086  2.25%  2269 20255s
 148792 46561  518.27483   73  681  524.00000  512.23309  2.25%  2267 20271s
 149142 46666  518.68122   71  439  524.00000  512.24876  2.24%  2265 20288s
 149615 46727  522.44560   68  647  524.00000  512.27514  2.24%  2262 20305s
 149986 46823  519.02527   73  441  524.00000  512.29680  2.23%  2260 20322s
 150357 46915  517.20349   75  615  524.00000  512.31350  2.23%  2257 20340s
 150774 47012  521.79261   86  380  524.00000  512.33858  2.23%  2254 20357s
 151199 47115  514.81433   89  604  524.00000  512.35830  2.22%  2251 20374s
 151573 47188  517.64020   81  398  524.00000  512.38360  2.22%  2249 20390s
 151956 47253     cutoff   80       524.00000  512.40604  2.21%  2247 20406s
 152346 47316  521.34218   86  437  524.00000  512.44027  2.21%  2245 20423s
 152617 47400  518.96342   85  465  524.00000  512.45875  2.20%  2244 20441s
 152943 47475  516.40680   73  499  524.00000  512.48220  2.20%  2242 20458s
 153297 47563  514.59097   71  479  524.00000  512.50212  2.19%  2240 20477s
 153628 47639  517.89072   95  484  524.00000  512.51515  2.19%  2238 20495s
 154056 47731  515.91559   67  640  524.00000  512.53310  2.19%  2236 20513s
 154398 47806  516.15530   75  565  524.00000  512.55315  2.18%  2234 20530s
 154778 47889  520.22068   72  653  524.00000  512.58163  2.18%  2233 20548s
 155274 47936  521.77328   89  459  524.00000  512.60547  2.17%  2229 20566s
 155597 48053  515.99893   79  537  524.00000  512.62047  2.17%  2227 20591s
 156117 48188  516.12134   86  622  524.00000  512.64395  2.17%  2224 20610s
 156610 48278  520.81119   83  553  524.00000  512.67317  2.16%  2221 20627s
 157019 48341  518.58648   74  499  524.00000  512.70140  2.16%  2219 20645s
 157363 48430  520.02319   84  531  524.00000  512.72623  2.15%  2217 20665s
 157758 48517     cutoff   76       524.00000  512.73887  2.15%  2215 20683s
 158200 48653  516.04956   75  486  524.00000  512.75842  2.15%  2212 20700s
 158612 48716  519.34888   81  660  524.00000  512.77072  2.14%  2210 20715s
 158988 48787  518.04025   76  682  524.00000  512.78902  2.14%  2208 20733s
 159310 48899  520.15758   84  691  524.00000  512.81260  2.13%  2207 20750s
 159801 48961  516.40473   70  488  524.00000  512.84325  2.13%  2204 20766s
 160194 49028     cutoff   82       524.00000  512.86919  2.12%  2202 20783s
 160661 49095  520.40441   87  521  524.00000  512.89585  2.12%  2199 20800s
 161034 49181  519.87883   75  675  524.00000  512.91575  2.12%  2197 20818s
 161509 49257  518.39636   72  554  524.00000  512.94692  2.11%  2195 20836s
 161851 49338     cutoff   71       524.00000  512.96355  2.11%  2193 20855s
 162259 49409  521.71858   77  575  524.00000  512.98672  2.10%  2191 20878s
 162686 49567  518.44335   72  613  524.00000  513.00250  2.10%  2189 20896s
 163208 49673  517.89719   75  433  524.00000  513.03512  2.09%  2186 20914s
 163619 49696  519.03112   74  469  524.00000  513.06016  2.09%  2184 20933s
 163940 49767  522.38761   79  514  524.00000  513.07939  2.08%  2182 20950s
 164312 49897  521.40849   72  514  524.00000  513.09503  2.08%  2181 20969s
 164766 49966  518.38726   83  494  524.00000  513.11041  2.08%  2178 20986s
 165166 50108  517.34267   79  768  524.00000  513.12616  2.08%  2176 21004s
 165634 50169  521.33784   66  447  524.00000  513.15575  2.07%  2174 21023s
 166038 50256  519.23553   72  478  524.00000  513.17123  2.07%  2172 21046s
 166526 50311     cutoff   87       524.00000  513.18495  2.06%  2170 21066s
 166837 50374     cutoff   78       524.00000  513.21542  2.06%  2168 21087s
 167353 50431  518.98083   86  665  524.00000  513.24871  2.05%  2166 21107s
 167678 50528  515.40552   74  674  524.00000  513.27234  2.05%  2165 21127s
 168129 50600  521.10891   81  544  524.00000  513.29379  2.04%  2163 21148s
 168626 50668  518.68395   72  421  524.00000  513.31979  2.04%  2161 21167s
 169082 50723  519.69822   67  451  524.00000  513.34567  2.03%  2159 21186s
 169426 50773  521.37904   90  686  524.00000  513.35993  2.03%  2157 21205s
 169835 50848  520.44890   72  499  524.00000  513.37943  2.03%  2155 21224s
 170291 50858  515.63702   77  489  524.00000  513.40321  2.02%  2153 21243s
 170656 50919  516.79249   94  607  524.00000  513.43481  2.02%  2153 21265s
 171117 51014  522.33778   76  448  524.00000  513.45432  2.01%  2151 21283s
 171642 51065  520.64508   67  502  524.00000  513.48129  2.01%  2148 21302s
 172114 51120  517.32275   72  585  524.00000  513.50603  2.00%  2146 21323s
 172520 51193  521.61453   78  519  524.00000  513.51715  2.00%  2144 21341s
 172950 51258     cutoff   72       524.00000  513.53671  2.00%  2142 21360s
 173300 51319  520.30968   75  330  524.00000  513.55576  1.99%  2141 21380s
 173785 51416  519.88410   85  437  524.00000  513.57230  1.99%  2138 21400s
 174347 51556  517.47311   89  694  524.00000  513.60307  1.98%  2135 21418s
 174932 51627  521.07665   71  573  524.00000  513.62633  1.98%  2131 21437s
 175298 51690     cutoff   72       524.00000  513.64690  1.98%  2130 21455s
 175690 51730     cutoff   79       524.00000  513.67205  1.97%  2128 21472s
 176137 51789     cutoff   71       524.00000  513.69268  1.97%  2126 21491s
 176577 51859     cutoff   74       524.00000  513.71157  1.96%  2125 21513s
 177019 51933  518.83517   89  553  524.00000  513.73556  1.96%  2123 21534s
 177531 52002  521.91760   69  488  524.00000  513.76071  1.95%  2121 21554s
 178025 52047     cutoff   86       524.00000  513.78154  1.95%  2119 21572s
 178444 52099     cutoff   71       524.00000  513.80424  1.95%  2117 21590s
 178818 52147  522.46396   65  422  524.00000  513.83013  1.94%  2116 21610s
 179213 52187  521.46479   79  450  524.00000  513.84793  1.94%  2114 21630s
 179583 52229  520.96950   80  508  524.00000  513.85392  1.94%  2112 21647s
 179960 52256  516.79674   79  503  524.00000  513.87652  1.93%  2111 21666s
 180369 52293  521.08082   77  498  524.00000  513.90752  1.93%  2110 21684s
 180835 52336  520.95849   90  581  524.00000  513.92540  1.92%  2108 21703s
 181239 52363  518.91564   78  553  524.00000  513.95161  1.92%  2106 21722s
 181598 52440     cutoff   77       524.00000  513.96975  1.91%  2105 21740s
 182090 52470     cutoff   94       524.00000  513.99071  1.91%  2103 21757s
 182454 52534  519.62918   74  457  524.00000  514.00866  1.91%  2102 21775s
 182915 52585  517.85152   88  408  524.00000  514.02978  1.90%  2100 21793s
 183310 52660  519.91925   76  548  524.00000  514.05097  1.90%  2099 21811s
 183749 52707     cutoff   68       524.00000  514.06574  1.90%  2097 21829s
 184178 52772     cutoff   69       524.00000  514.08784  1.89%  2096 21846s
 184576 52806  520.28505   82  454  524.00000  514.10629  1.89%  2094 21866s
 185051 52876  519.12536   71  552  524.00000  514.12578  1.88%  2092 21884s
 185486 52943  521.97498   73  495  524.00000  514.14501  1.88%  2091 21902s
 185934 52992  519.03011   72  532  524.00000  514.15601  1.88%  2089 21921s
 186354 53093     cutoff   73       524.00000  514.17442  1.88%  2088 21939s
 186894 53177  518.32270   66  578  524.00000  514.20145  1.87%  2085 21962s
 187483 53233  517.66801   83  486  524.00000  514.22202  1.87%  2082 21977s
 187817 53256  521.46851   71  689  524.00000  514.23498  1.86%  2081 21993s
 188152 53325  520.91184   77  460  524.00000  514.26248  1.86%  2081 22011s
 188626 53365  517.45012   69  529  524.00000  514.28510  1.85%  2079 22028s
 188979 53418  518.25496   83  716  524.00000  514.30591  1.85%  2078 22044s
 189400 53443  522.46774   77  417  524.00000  514.32165  1.85%  2076 22062s
 189807 53449     cutoff   71       524.00000  514.33871  1.84%  2075 22079s
 190113 53522     cutoff   78       524.00000  514.36058  1.84%  2074 22098s
 190531 53603 infeasible   72       524.00000  514.38448  1.84%  2073 22116s
 190991 53637     cutoff   79       524.00000  514.40754  1.83%  2071 22132s
 191485 53660  522.39035   73  442  524.00000  514.43131  1.83%  2069 22149s
 191883 53701  518.69793   80  541  524.00000  514.45184  1.82%  2068 22168s
 192377 53733  520.87871   72  566  524.00000  514.47129  1.82%  2066 22185s
 192761 53772  517.86473   72  491  524.00000  514.49658  1.81%  2064 22202s
 193110 53838  518.38778   82  464  524.00000  514.51189  1.81%  2064 22220s
 193501 53880  522.74940   75  597  524.00000  514.53480  1.81%  2062 22238s
 193880 53947  521.36089   75  491  524.00000  514.55427  1.80%  2061 22256s
 194320 53957  520.37819   75  413  524.00000  514.58018  1.80%  2060 22274s
 194775 54041     cutoff   67       524.00000  514.60012  1.79%  2058 22291s
 195225 54039  522.15998   75  475  524.00000  514.61671  1.79%  2056 22308s
 195269 54088  518.46576   80  461  524.00000  514.61707  1.79%  2056 22327s
 195644 54123  522.19670   77  598  524.00000  514.62884  1.79%  2054 22344s
 196078 54169     cutoff   83       524.00000  514.64673  1.78%  2052 22361s
 196555 54210  520.10882   84  553  524.00000  514.67228  1.78%  2051 22378s
 197005 54239  518.01883   75  622  524.00000  514.69176  1.78%  2049 22395s
 197401 54302  519.79658   78  392  524.00000  514.71321  1.77%  2048 22417s
 197869 54347  516.83556   84  814  524.00000  514.73603  1.77%  2046 22435s
 198317 54370  519.94444   85  527  524.00000  514.76125  1.76%  2045 22453s
 198754 54385  518.98314   87  556  524.00000  514.78742  1.76%  2044 22471s
 199140 54378  519.37400   71  506  524.00000  514.79878  1.76%  2043 22488s
 199577 54405  521.20249   77  465  524.00000  514.82902  1.75%  2041 22507s
 199986 54400  522.60494   98  543  524.00000  514.84959  1.75%  2040 22525s
 200373 54403  522.30641   79  368  524.00000  514.87213  1.74%  2040 22543s
 200772 54434     cutoff   77       524.00000  514.89203  1.74%  2039 22563s
 201235 54457  518.68567   70  549  524.00000  514.91056  1.73%  2037 22581s
 201555 54491  520.61903   86  547  524.00000  514.92459  1.73%  2037 22599s
 202102 54544     cutoff   73       524.00000  514.94955  1.73%  2034 22618s
 202552 54572  521.60823   69  492  524.00000  514.97298  1.72%  2033 22635s
 203021 54575  519.64931   77  585  524.00000  514.99486  1.72%  2031 22654s
 203344 54580  521.16151   74  481  524.00000  515.00782  1.72%  2031 22671s
 203721 54582  521.04515   84  498  524.00000  515.02565  1.71%  2030 22690s
 204137 54601  521.81805   67  553  524.00000  515.05904  1.71%  2029 22708s
 204652 54653  519.38002   89  746  524.00000  515.08295  1.70%  2027 22727s
 205114 54652     cutoff   76       524.00000  515.09814  1.70%  2026 22745s
 205515 54657  519.68460   82  498  524.00000  515.11568  1.70%  2025 22763s
 205954 54665     cutoff   99       524.00000  515.13599  1.69%  2023 22781s
 206429 54691     cutoff   76       524.00000  515.15565  1.69%  2022 22799s
 206784 54696  519.59112   75  540  524.00000  515.17302  1.68%  2021 22817s
 207251 54720     cutoff   94       524.00000  515.19793  1.68%  2019 22834s
 207680 54726  520.62810   76  557  524.00000  515.21826  1.68%  2018 22855s
 208147 54762     cutoff   78       524.00000  515.23714  1.67%  2017 22873s
 208645 54758     cutoff   70       524.00000  515.25710  1.67%  2015 22889s
 209064 54728  522.56271   72  606  524.00000  515.27329  1.67%  2014 22906s
 209446 54697  521.21449   95  616  524.00000  515.29534  1.66%  2013 22923s
 209782 54722  520.94317   87  526  524.00000  515.31885  1.66%  2013 22941s
 210250 54752     cutoff   73       524.00000  515.34188  1.65%  2011 22958s
 210675 54769  521.87777   92  659  524.00000  515.36124  1.65%  2010 22977s
 211078 54758  522.22836   77  479  524.00000  515.38432  1.64%  2009 22994s
 211453 54744  521.03023   90  450  524.00000  515.40443  1.64%  2009 23012s
 211865 54723     cutoff   88       524.00000  515.43145  1.64%  2008 23031s
 212353 54732  520.77798   89  587  524.00000  515.44978  1.63%  2006 23050s
 212875 54744  522.79656   72  453  524.00000  515.46780  1.63%  2005 23067s
 213254 54743  521.27614   82  610  524.00000  515.48838  1.62%  2004 23084s
 213663 54712  521.59256   82  472  524.00000  515.50524  1.62%  2003 23101s
 214016 54714     cutoff   74       524.00000  515.51667  1.62%  2002 23118s
 214414 54725  521.65642   92  616  524.00000  515.54454  1.61%  2001 23134s
 214821 54744  518.49496   82  375  524.00000  515.56159  1.61%  2000 23150s
 215283 54719     cutoff   82       524.00000  515.58598  1.61%  1999 23166s
 215627 54721 infeasible   75       524.00000  515.60448  1.60%  1998 23183s
 216012 54735  520.27838   90  554  524.00000  515.62188  1.60%  1998 23201s
 216312 54748  519.09233   86  365  524.00000  515.62879  1.60%  1997 23218s
 216727 54747  516.79069   70  627  524.00000  515.64716  1.59%  1996 23235s
 217196 54751     cutoff   71       524.00000  515.65803  1.59%  1995 23252s
 217685 54770     cutoff   77       524.00000  515.68055  1.59%  1994 23273s
 218092 54753  519.11110   79  329  524.00000  515.69678  1.58%  1992 23295s
 218588 54770     cutoff   80       524.00000  515.71629  1.58%  1991 23312s
 219046 54752  519.05228   70  475  524.00000  515.74266  1.58%  1990 23328s
 219434 54743     cutoff   79       524.00000  515.76345  1.57%  1989 23345s
 219872 54707  520.05147   75  421  524.00000  515.78063  1.57%  1988 23361s
 220162 54692     cutoff   76       524.00000  515.79913  1.57%  1988 23378s
 220591 54670     cutoff   90       524.00000  515.82189  1.56%  1987 23396s
 221054 54659  520.43417   80  472  524.00000  515.84630  1.56%  1986 23412s
 221520 54624  521.41207   83  372  524.00000  515.86098  1.55%  1985 23429s
 221881 54602  522.78499   77  430  524.00000  515.88003  1.55%  1984 23446s
 222306 54555  519.24321   80  490  524.00000  515.89999  1.55%  1983 23464s
 222721 54536     cutoff   94       524.00000  515.92310  1.54%  1983 23483s
 223211 54530     cutoff   86       524.00000  515.94573  1.54%  1981 23500s
 223588 54504  519.30185   85  507  524.00000  515.95558  1.54%  1980 23517s
 224037 54480  520.10941   80  512  524.00000  515.97784  1.53%  1979 23534s
 224510 54482     cutoff   82       524.00000  516.00042  1.53%  1978 23550s
 224898 54471  522.88505   89  434  524.00000  516.02029  1.52%  1977 23567s
 225229 54467  519.79208   83  510  524.00000  516.04494  1.52%  1976 23583s
 225690 54445     cutoff   74       524.00000  516.06197  1.51%  1975 23599s
 226058 54388  519.52794   94  600  524.00000  516.08446  1.51%  1975 23615s
 226536 54325  522.25606   81  460  524.00000  516.11530  1.50%  1973 23631s
 226911 54356     cutoff   94       524.00000  516.13562  1.50%  1973 23648s
 227399 54326     cutoff   81       524.00000  516.15253  1.50%  1971 23664s
 227868 54331  519.10663   87  746  524.00000  516.17220  1.49%  1970 23681s
 228253 54282     cutoff   87       524.00000  516.19723  1.49%  1969 23696s
 228725 54262     cutoff   84       524.00000  516.22027  1.48%  1968 23712s
 229221 54223     cutoff   85       524.00000  516.24174  1.48%  1967 23728s
 229654 54242     cutoff   82       524.00000  516.26138  1.48%  1966 23744s
 230118 54207  521.15944   80  593  524.00000  516.27741  1.47%  1965 23764s
 230499 54174  520.09127   83  819  524.00000  516.29667  1.47%  1964 23780s
 230892 54123  520.19528   78  481  524.00000  516.31707  1.47%  1963 23797s
 231312 54107  520.46455   88  402  524.00000  516.33544  1.46%  1962 23813s
 231698 54074  520.48186   93  605  524.00000  516.35344  1.46%  1961 23829s
 232149 54071  520.64203   78  511  524.00000  516.37111  1.46%  1960 23845s
 232655 54027 infeasible   81       524.00000  516.39019  1.45%  1959 23861s
 233019 54044     cutoff   82       524.00000  516.40780  1.45%  1958 23877s
 233513 54013     cutoff   66       524.00000  516.42475  1.45%  1957 23892s
 233957 53992     cutoff   72       524.00000  516.44193  1.44%  1956 23908s
 234289 53997  521.56799   90  443  524.00000  516.46500  1.44%  1955 23923s
 234775 53965     cutoff  103       524.00000  516.48563  1.43%  1954 23939s
 235173 53893     cutoff   74       524.00000  516.50392  1.43%  1953 23955s
 235529 53825     cutoff   79       524.00000  516.52509  1.43%  1953 23970s
 235902 53809  522.36857   73  666  524.00000  516.55173  1.42%  1952 23986s
 236368 53752  518.42289   84  515  524.00000  516.57644  1.42%  1951 24002s
 236804 53715     cutoff   79       524.00000  516.59817  1.41%  1950 24018s
 237220 53663     cutoff   87       524.00000  516.61996  1.41%  1949 24034s
 237652 53632  520.63470   84  650  524.00000  516.63558  1.41%  1948 24050s
 238069 53573  520.57297   74  479  524.00000  516.65451  1.40%  1947 24067s
 238502 53495  522.27028   86  609  524.00000  516.67440  1.40%  1946 24083s
 238883 53416  519.98074   73  413  524.00000  516.69622  1.39%  1946 24099s
 239369 53369  520.98184   69  400  524.00000  516.71817  1.39%  1944 24116s
 239788 53325  520.74266   90  684  524.00000  516.74162  1.39%  1944 24133s
 240109 53307  521.93780   74  339  524.00000  516.75087  1.38%  1943 24150s
 240333 53229  521.98787   92  730  524.00000  516.75534  1.38%  1942 24165s
 240811 53143     cutoff   72       524.00000  516.78578  1.38%  1941 24182s
 241188 53067  521.15369   82  518  524.00000  516.80190  1.37%  1941 24199s
 241633 52996     cutoff   82       524.00000  516.82615  1.37%  1940 24215s
 242098 52940     cutoff   91       524.00000  516.85138  1.36%  1939 24231s
 242469 52903  522.35747   73  549  524.00000  516.86977  1.36%  1938 24249s
 242865 52838  521.45641   87  721  524.00000  516.88575  1.36%  1937 24264s
 243304 52782     cutoff  104       524.00000  516.90816  1.35%  1936 24279s
 243772 52695     cutoff   88       524.00000  516.93069  1.35%  1935 24294s
 244179 52638     cutoff   74       524.00000  516.95601  1.34%  1935 24310s
 244684 52559  520.52008   77  517  524.00000  516.97659  1.34%  1934 24326s
 245115 52487  517.97100   72  645  524.00000  517.00071  1.34%  1933 24343s
 245528 52442  520.19008   96  669  524.00000  517.01989  1.33%  1932 24358s
 246014 52396     cutoff   86       524.00000  517.04355  1.33%  1931 24374s
 246425 52323  521.42675   91  470  524.00000  517.05837  1.32%  1930 24390s
 246934 52246     cutoff   88       524.00000  517.07890  1.32%  1929 24406s
 247526 52157     cutoff   71       524.00000  517.10895  1.32%  1927 24420s
 247936 52082     cutoff  105       524.00000  517.13113  1.31%  1926 24434s
 248365 52014     cutoff   87       524.00000  517.14935  1.31%  1925 24449s
 248827 51890     cutoff   83       524.00000  517.16973  1.30%  1924 24465s
 249225 51817  519.65481   85  672  524.00000  517.19564  1.30%  1924 24480s
 249676 51752  522.06903   73  396  524.00000  517.21690  1.29%  1923 24496s
 250070 51690     cutoff   66       524.00000  517.23733  1.29%  1922 24512s
 250443 51594     cutoff   79       524.00000  517.25293  1.29%  1921 24527s
 250799 51502  520.80927   81  700  524.00000  517.26921  1.28%  1921 24542s
 251199 51406     cutoff   84       524.00000  517.29383  1.28%  1920 24557s
 251663 51318     cutoff   70       524.00000  517.31392  1.28%  1919 24572s
 252040 51196     cutoff   84       524.00000  517.33401  1.27%  1919 24586s
 252527 51128  520.53250   84  642  524.00000  517.35537  1.27%  1917 24601s
 252943 51043     cutoff   74       524.00000  517.37630  1.26%  1916 24617s
 253392 50931     cutoff   73       524.00000  517.40028  1.26%  1915 24632s
 253793 50858     cutoff   82       524.00000  517.41778  1.26%  1915 24648s
 254141 50769  520.12395   78  379  524.00000  517.42972  1.25%  1915 24664s
 254531 50682     cutoff   80       524.00000  517.45128  1.25%  1914 24679s
 254887 50595  522.73807   73  467  524.00000  517.47103  1.25%  1913 24694s
 255346 50472  522.46338   81  549  524.00000  517.48522  1.24%  1912 24709s
 255780 50366     cutoff   86       524.00000  517.50417  1.24%  1911 24724s
 256157 50272     cutoff   83       524.00000  517.52637  1.24%  1911 24739s
 256658 50156  521.38143   77  444  524.00000  517.54549  1.23%  1909 24754s
 257083 50046     cutoff   74       524.00000  517.56683  1.23%  1909 24769s
 257490 49958     cutoff   85       524.00000  517.58745  1.22%  1908 24784s
 257872 49860     cutoff   78       524.00000  517.60558  1.22%  1907 24800s
 258276 49734  522.60021   79  698  524.00000  517.62213  1.22%  1907 24814s
 258669 49605     cutoff   90       524.00000  517.64687  1.21%  1906 24828s
 259125 49474     cutoff   92       524.00000  517.67028  1.21%  1905 24843s
 259570 49347     cutoff   82       524.00000  517.69327  1.20%  1904 24858s
 260014 49254     cutoff   81       524.00000  517.71365  1.20%  1903 24873s
 260370 49250  520.64732   69  447  524.00000  517.73223  1.20%  1903 24887s
 260381 49252     cutoff   69       524.00000  517.73223  1.20%  1903 24903s
 260387 49210  522.20719   71  402  524.00000  517.73223  1.20%  1903 24919s
 260507 49135  522.20719   72  400  524.00000  517.73223  1.20%  1903 24934s
 260765 49056  522.35506   73  397  524.00000  517.73223  1.20%  1902 24949s
 261091 48915     cutoff   74       524.00000  517.74001  1.19%  1902 24965s
 261496 48761     cutoff   86       524.00000  517.79151  1.18%  1901 24980s
 261986 48623  522.69405   79  429  524.00000  517.81704  1.18%  1900 24996s
 262400 48496     cutoff   81       524.00000  517.83719  1.18%  1899 25013s
 262774 48355  521.51810   82  524  524.00000  517.85653  1.17%  1899 25029s
 263221 48245  519.72707   80  494  524.00000  517.87718  1.17%  1898 25045s
 263648 48134     cutoff   76       524.00000  517.90249  1.16%  1897 25062s
 264122 47984     cutoff   73       524.00000  517.92587  1.16%  1896 25077s
 264614 47809     cutoff   73       524.00000  517.95074  1.15%  1895 25093s
 264972 47634  521.28199   74  476  524.00000  517.97141  1.15%  1895 25109s
 265378 47530  519.51327   96  521  524.00000  517.99364  1.15%  1895 25125s
 265672 47430  520.25405   71  371  524.00000  518.00250  1.14%  1894 25141s
 265906 47271     cutoff   69       524.00000  518.01112  1.14%  1894 25156s
 266379 47117     cutoff  113       524.00000  518.04866  1.14%  1893 25171s
 266878 46944     cutoff   75       524.00000  518.06952  1.13%  1892 25186s
 267358 46793  522.52038   87  637  524.00000  518.09159  1.13%  1891 25201s
 267812 46652  522.19308   80  616  524.00000  518.11331  1.12%  1890 25217s
 268208 46480     cutoff   84       524.00000  518.13342  1.12%  1890 25231s
 268624 46334 infeasible   83       524.00000  518.15605  1.12%  1889 25246s
 269036 46101  520.42099   73  524  524.00000  518.17468  1.11%  1889 25261s
 269598 45932     cutoff   74       524.00000  518.20928  1.11%  1887 25277s
 270043 45758     cutoff   81       524.00000  518.23182  1.10%  1886 25292s
 270522 45586     cutoff   92       524.00000  518.25103  1.10%  1885 25306s
 270997 45366     cutoff   90       524.00000  518.27622  1.09%  1884 25321s
 271467 45230     cutoff   87       524.00000  518.29807  1.09%  1884 25337s
 271889 45060     cutoff   80       524.00000  518.31779  1.08%  1883 25351s
 272397 44858     cutoff   72       524.00000  518.34165  1.08%  1882 25365s
 272868 44666     cutoff   79       524.00000  518.36978  1.07%  1881 25379s
 273334 44446  522.14834   75  352  524.00000  518.39228  1.07%  1880 25393s
 273787 44238     cutoff   78       524.00000  518.41554  1.07%  1879 25407s
 274333 44030     cutoff   72       524.00000  518.44355  1.06%  1877 25421s
 274756 43863     cutoff   72       524.00000  518.46844  1.06%  1877 25437s
 275157 43722     cutoff   78       524.00000  518.49220  1.05%  1876 25451s
 275461 43526     cutoff   71       524.00000  518.51109  1.05%  1875 25466s
 275921 43341     cutoff   75       524.00000  518.53160  1.04%  1875 25480s
 276406 43150     cutoff   85       524.00000  518.55776  1.04%  1874 25494s
 276838 42932  521.88071   78  594  524.00000  518.57313  1.04%  1873 25508s
 277348 42731     cutoff   99       524.00000  518.60032  1.03%  1872 25522s
 277767 42541     cutoff   86       524.00000  518.62842  1.03%  1871 25535s
 278195 42360     cutoff   87       524.00000  518.64920  1.02%  1870 25548s
 278568 42170     cutoff   79       524.00000  518.67040  1.02%  1870 25562s
 279013 42058     cutoff   67       524.00000  518.69589  1.01%  1869 25576s
 279251 41878     cutoff   74       524.00000  518.70845  1.01%  1868 25590s
 279585 41649     cutoff   75       524.00000  518.71476  1.01%  1868 25605s
 280028 41432     cutoff   67       524.00000  518.75486  1.00%  1867 25620s
 280494 41181 infeasible   77       524.00000  518.77223  1.00%  1866 25634s
 281047 40981     cutoff   85       524.00000  518.79924  0.99%  1865 25647s
 281459 40711     cutoff   81       524.00000  518.81898  0.99%  1864 25660s
 281881 40525  521.81693   72  416  524.00000  518.84511  0.98%  1863 25674s
 282356 40287     cutoff  122       524.00000  518.86882  0.98%  1862 25688s
 282806 40043  521.20195   86  680  524.00000  518.89326  0.97%  1861 25701s
 283237 39794     cutoff   74       524.00000  518.91474  0.97%  1861 25714s
 283653 39542     cutoff   72       524.00000  518.94340  0.97%  1860 25727s
 284079 39302     cutoff   82       524.00000  518.96517  0.96%  1859 25740s
 284522 39061     cutoff   78       524.00000  518.98858  0.96%  1859 25754s
 284942 38789     cutoff   82       524.00000  519.00945  0.95%  1858 25767s
 285537 38530     cutoff   85       524.00000  519.04084  0.95%  1856 25779s
 286010 38272 infeasible   81       524.00000  519.06894  0.94%  1855 25793s
 286481 38024     cutoff   69       524.00000  519.08918  0.94%  1854 25806s
 286955 37731  521.98605   81  365  524.00000  519.12012  0.93%  1853 25818s
 287441 37446     cutoff   95       524.00000  519.14572  0.93%  1852 25831s
 287924 37169     cutoff   87       524.00000  519.17183  0.92%  1851 25844s
 288365 36884  521.31283   83  617  524.00000  519.19493  0.92%  1850 25857s
 288851 36628     cutoff   83       524.00000  519.22343  0.91%  1849 25870s
 289305 36320     cutoff   73       524.00000  519.24651  0.91%  1848 25882s
 289813 36006     cutoff   83       524.00000  519.27842  0.90%  1846 25894s
 290306 35686  520.82647   80  732  524.00000  519.30702  0.90%  1845 25908s
 290828 35405     cutoff   71       524.00000  519.33479  0.89%  1844 25921s
 291236 35081     cutoff   82       524.00000  519.36236  0.89%  1843 25933s
 291722 34762     cutoff   77       524.00000  519.38798  0.88%  1842 25947s
 292230 34436     cutoff   87       524.00000  519.41729  0.87%  1841 25961s
 292812 34065  522.64758   70  460  524.00000  519.44941  0.87%  1840 25974s
 293396 33716     cutoff   95       524.00000  519.48368  0.86%  1838 25987s
 293933 33393     cutoff   77       524.00000  519.51269  0.86%  1837 26001s
 294443 33051     cutoff   81       524.00000  519.53679  0.85%  1835 26014s
 294965 32701  522.94649   77  395  524.00000  519.56350  0.85%  1834 26027s
 295467 32400     cutoff   83       524.00000  519.59392  0.84%  1833 26042s
 296011 32092     cutoff   95       524.00000  519.62323  0.84%  1831 26055s
 296511 31676     cutoff  102       524.00000  519.64530  0.83%  1830 26067s
 297116 31288     cutoff   77       524.00000  519.68387  0.82%  1828 26081s
 297641 30822  521.36136   76  515  524.00000  519.71398  0.82%  1827 26095s
 298296 30325     cutoff   81       524.00000  519.75223  0.81%  1825 26111s
 298936 29804  520.83906   91  569  524.00000  519.78722  0.80%  1823 26127s
 299627 29435     cutoff   76       524.00000  519.82352  0.80%  1822 26141s
 300112 29014     cutoff   83       524.00000  519.85401  0.79%  1821 26154s
 300684 28439     cutoff   80       524.00000  519.89765  0.78%  1819 26169s
 301419 27963     cutoff   81       524.00000  519.94593  0.77%  1817 26184s
 302041 27455     cutoff   77       524.00000  519.98055  0.77%  1816 26199s
 302734 26830     cutoff   82       524.00000  520.02431  0.76%  1814 26217s
 303500 26189     cutoff   85       524.00000  520.06785  0.75%  1811 26233s
 304244 25613     cutoff   72       524.00000  520.12107  0.74%  1809 26249s
 305000 25109     cutoff   85       524.00000  520.15475  0.73%  1807 26263s
 305612 24328     cutoff   72       524.00000  520.20481  0.72%  1806 26280s
 306512 23782     cutoff   91       524.00000  520.25907  0.71%  1803 26295s
 307215 23116     cutoff   78       524.00000  520.29800  0.71%  1801 26308s
 307965 22636     cutoff   75       524.00000  520.34438  0.70%  1798 26320s
 308582 21844     cutoff   74       524.00000  520.39049  0.69%  1796 26335s
 309473 21062     cutoff   86       524.00000  520.44645  0.68%  1793 26351s
 310333 20378     cutoff   71       524.00000  520.50105  0.67%  1791 26366s
 311100 19711     cutoff   74       524.00000  520.55480  0.66%  1788 26380s
 311852 19042     cutoff   82       524.00000  520.60256  0.65%  1786 26392s
 312607 18177  523.00011   84  393  524.00000  520.65978  0.64%  1783 26406s
 313572 17539     cutoff   75       524.00000  520.71860  0.63%  1780 26418s
 314277 16915     cutoff   75       524.00000  520.77058  0.62%  1777 26430s
 314955 16195     cutoff   75       524.00000  520.82617  0.61%  1775 26442s
 315720 15598     cutoff   83       524.00000  520.87281  0.60%  1773 26452s
 316345 14927     cutoff   95       524.00000  520.92576  0.59%  1771 26463s
 317035 14277     cutoff   76       524.00000  520.96771  0.58%  1768 26471s
 317711 13600     cutoff   99       524.00000  521.03404  0.57%  1766 26480s
 318418 13066     cutoff   79       524.00000  521.08825  0.56%  1763 26488s
 318963 12729  521.70178   91  726  524.00000  521.13079  0.55%  1761 26497s
 319306 12305  522.97818   92  570  524.00000  521.13079  0.55%  1760 26504s
 319751 11754     cutoff   92       524.00000  521.13866  0.55%  1758 26512s
 320317 11231     cutoff   81       524.00000  521.21588  0.53%  1756 26519s
 320852 10513     cutoff   78       524.00000  521.30488  0.51%  1754 26527s
 321588  9906     cutoff   72       524.00000  521.37306  0.50%  1751 26534s
 322217  9249     cutoff   94       524.00000  521.42992  0.49%  1749 26542s
 322890  8697     cutoff   88       524.00000  521.50343  0.48%  1746 26548s
 323455  7995     cutoff   88       524.00000  521.54375  0.47%  1744 26556s
 324172  7407     cutoff   89       524.00000  521.64707  0.45%  1741 26563s
 324762  6521     cutoff   85       524.00000  521.72456  0.43%  1739 26569s
 325657  6047     cutoff   89       524.00000  521.83234  0.41%  1735 26575s
 326138  5316     cutoff   75       524.00000  521.87282  0.41%  1733 26581s
 326869  4576 infeasible   83       524.00000  522.00512  0.38%  1730 26587s
 327611  3836     cutoff   66       524.00000  522.10460  0.36%  1727 26593s
 328353  2830     cutoff   96       524.00000  522.24380  0.34%  1724 26598s
 329361  1708 infeasible   83       524.00000  522.42236  0.30%  1719 26603s
 330483   426     cutoff   71       524.00000  522.64401  0.26%  1714 26608s

Cutting planes:
  Gomory: 2
  Cover: 272
  Implied bound: 311
  Projected implied bound: 5
  Clique: 4
  MIR: 103
  StrongCG: 1
  Flow cover: 1949
  GUB cover: 8
  Inf proof: 7
  Zero half: 59
  Mod-K: 1
  Network: 11
  RLT: 3
  Relax-and-lift: 30

Explored 332191 nodes (567073357 simplex iterations) in 26609.13 seconds (95028.23 work units)
Thread count was 4 (of 32 available processors)

Solution count 10: 524 525 527 ... 535

Optimal solution found (tolerance 1.00e-04)
Best objective 5.240000000000e+02, best bound 5.240000000000e+02, gap 0.0000%

Wrote result file './sol/E150_1000.9_R100.sol'

