
Gurobi 13.0.2 (mac64[arm], gurobi_cl) logging started Mon Sep  7 19:32:39 2026

Set parameter TokenServer to value "10.8.80.200"
Set parameter TimeLimit to value 43200
Set parameter LogFile to value "/Users/takafumi/Dropbox/2_Study/cspns_gurobi/log_recomputed_4threads/E150_1000.2_R100.log"
Set parameter Threads to value 4
Using license file /Library/gurobi1302/gurobi.lic

Gurobi Optimizer version 13.0.2 build v13.0.2rc1 (mac64[arm] - Darwin 24.6.0 24G517)
Copyright (c) 2026, Gurobi Optimization, LLC

Read LP format model from file /Users/takafumi/Dropbox/2_Study/cspns_gurobi/lp/E150_1000.2_R100.lp
Reading time = 0.14 seconds
root: 46208 rows, 45753 columns, 632528 nonzeros

Using Gurobi shared library /Library/gurobi1302/macos_universal2/lib/libgurobi130.dylib

CPU model: Apple M3 Ultra
Thread count: 32 physical cores, 32 logical processors, using up to 4 threads

Non-default parameters:
TimeLimit  43200
Threads  4

Optimize a model with 46208 rows, 45753 columns and 632528 nonzeros (Min)
Model fingerprint: 0x6139ca91
Model has 22650 linear objective coefficients
Variable types: 0 continuous, 45753 integer (0 binary)
Coefficient statistics:
  Matrix range     [1e+00, 2e+02]
  Objective range  [1e+00, 2e+02]
  Bounds range     [1e+00, 1e+00]
  RHS range        [1e+00, 1e+00]

Presolve removed 23116 rows and 303 columns
Presolve time: 2.45s
Presolved: 23092 rows, 45450 columns, 381708 nonzeros
Variable types: 0 continuous, 45450 integer (22950 binary)
Deterministic concurrent LP optimizer: primal and dual simplex
Showing primal log only...


Root simplex log...

Iteration    Objective       Primal Inf.    Dual Inf.      Time
   49382    2.8590391e+01   0.000000e+00   1.892934e+03      5s
   63826    4.6489998e+01   0.000000e+00   0.000000e+00      8s
Concurrent spin time: 0.03s

Solved with primal simplex

Root relaxation: objective 4.649000e+01, 63826 iterations, 5.38 seconds (15.28 work units)

    Nodes    |    Current Node    |     Objective Bounds      |     Work
 Expl Unexpl |  Obj  Depth IntInf | Incumbent    BestBd   Gap | It/Node Time

     0     0   46.49000    0  211          -   46.49000      -     -    8s
     0     0   82.83237    0  285          -   82.83237      -     -    8s
H    0     0                    2035.0000000   82.83237  95.9%     -    8s
H    0     0                    1981.0000000   82.83237  95.8%     -    8s
H    0     0                    1204.0000000   82.83237  93.1%     -    9s
H    0     0                    1132.0000000   82.83237  92.7%     -    9s
H    0     0                     992.0000000   82.83237  91.6%     -    9s
H    0     0                     974.0000000   82.83237  91.5%     -   11s
H    0     0                     933.0000000   82.83237  91.1%     -   11s
H    0     0                     930.0000000   82.83237  91.1%     -   11s
H    0     0                     929.0000000   82.83237  91.1%     -   12s
H    0     0                     928.0000000   82.83237  91.1%     -   13s
     0     0  239.76000    0  449  928.00000  239.76000  74.2%     -   15s
     0     0  315.89280    0  478  928.00000  315.89280  66.0%     -   26s
H    0     0                     921.0000000  315.89280  65.7%     -   27s
H    0     0                     899.0000000  315.89280  64.9%     -   27s
H    0     0                     851.0000000  315.89280  62.9%     -   28s
H    0     0                     846.0000000  315.89280  62.7%     -   28s
H    0     0                     829.0000000  315.89280  61.9%     -   31s
H    0     0                     806.0000000  315.89280  60.8%     -   38s
H    0     0                     797.0000000  315.89280  60.4%     -   38s
H    0     0                     787.0000000  315.89280  59.9%     -   38s
H    0     0                     786.0000000  315.89280  59.8%     -   38s
H    0     0                     767.0000000  315.89280  58.8%     -   38s
H    0     0                     765.0000000  315.89280  58.7%     -   38s
H    0     0                     764.0000000  353.44261  53.7%     -   40s
     0     0  353.44261    0  528  764.00000  353.44261  53.7%     -   40s
H    0     0                     763.0000000  353.46226  53.7%     -   41s
H    0     0                     762.0000000  353.46226  53.6%     -   41s
H    0     0                     756.0000000  353.46226  53.2%     -   43s
H    0     0                     755.0000000  353.46226  53.2%     -   43s
H    0     0                     753.0000000  353.46226  53.1%     -   46s
H    0     0                     752.0000000  353.46226  53.0%     -   46s
H    0     0                     751.0000000  353.46226  52.9%     -   49s
H    0     0                     750.0000000  353.46226  52.9%     -   49s
H    0     0                     749.0000000  353.46226  52.8%     -   50s
H    0     0                     730.0000000  355.78404  51.3%     -   58s
H    0     0                     725.0000000  355.78404  50.9%     -   58s
     0     0  355.78404    0  532  725.00000  355.78404  50.9%     -   58s
     0     0  355.87797    0  528  725.00000  355.87797  50.9%     -   58s
     0     0  355.88206    0  528  725.00000  355.88206  50.9%     -   58s
     0     0  379.10147    0  580  725.00000  379.10147  47.7%     -   61s
     0     0  380.66848    0  606  725.00000  380.66848  47.5%     -   62s
     0     0  380.72173    0  612  725.00000  380.72173  47.5%     -   62s
H    0     0                     722.0000000  380.73175  47.3%     -   63s
     0     0  380.73175    0  604  722.00000  380.73175  47.3%     -   63s
     0     0  380.73178    0  606  722.00000  380.73178  47.3%     -   63s
     0     0  390.27569    0  591  722.00000  390.27569  45.9%     -   68s
     0     0  404.58813    0  589  722.00000  404.58813  44.0%     -   71s
     0     0  406.72835    0  617  722.00000  406.72835  43.7%     -   75s
     0     0  407.51470    0  606  722.00000  407.51470  43.6%     -   76s
     0     0  408.09765    0  602  722.00000  408.09765  43.5%     -   78s
     0     0  408.46641    0  604  722.00000  408.46641  43.4%     -   82s
     0     0  408.62880    0  617  722.00000  408.62880  43.4%     -   83s
     0     0  408.63411    0  618  722.00000  408.63411  43.4%     -   83s
     0     0  418.50575    0  643  722.00000  418.50575  42.0%     -   90s
     0     0  421.59061    0  637  722.00000  421.59061  41.6%     -   94s
     0     0  422.51457    0  651  722.00000  422.51457  41.5%     -   96s
     0     0  422.85609    0  675  722.00000  422.85609  41.4%     -   98s
     0     0  422.94563    0  676  722.00000  422.94563  41.4%     -   99s
     0     0  422.95582    0  681  722.00000  422.95582  41.4%     -   99s
     0     0  429.52708    0  632  722.00000  429.52708  40.5%     -  109s
     0     0  430.04270    0  666  722.00000  430.04270  40.4%     -  114s
     0     0  430.24966    0  686  722.00000  430.24966  40.4%     -  117s
     0     0  430.28641    0  684  722.00000  430.28641  40.4%     -  118s
     0     0  430.29623    0  704  722.00000  430.29623  40.4%     -  118s
     0     0  435.79153    0  691  722.00000  435.79153  39.6%     -  127s
     0     0  436.45817    0  694  722.00000  436.45817  39.5%     -  130s
     0     0  436.73163    0  717  722.00000  436.73163  39.5%     -  132s
H    0     0                     720.0000000  436.76255  39.3%     -  134s
H    0     0                     715.0000000  436.76255  38.9%     -  134s
     0     0  436.76255    0  716  715.00000  436.76255  38.9%     -  134s
H    0     0                     709.0000000  439.30081  38.0%     -  139s
H    0     0                     706.0000000  439.30081  37.8%     -  139s
     0     0  439.30081    0  710  706.00000  439.30081  37.8%     -  139s
H    0     0                     705.0000000  439.59972  37.6%     -  143s
     0     0  439.59972    0  738  705.00000  439.59972  37.6%     -  143s
     0     0  439.65014    0  762  705.00000  439.65014  37.6%     -  143s
     0     0  439.66161    0  774  705.00000  439.66161  37.6%     -  143s
     0     0  440.14594    0  738  705.00000  440.14594  37.6%     -  147s
     0     0  440.18998    0  771  705.00000  440.18998  37.6%     -  148s
     0     0  440.19867    0  772  705.00000  440.19867  37.6%     -  148s
     0     0  441.04198    0  738  705.00000  441.04198  37.4%     -  149s
H    0     0                     702.0000000  441.25604  37.1%     -  150s
     0     0  441.25604    0  740  702.00000  441.25604  37.1%     -  150s
     0     0  441.31737    0  751  702.00000  441.31737  37.1%     -  151s
     0     0  441.32781    0  769  702.00000  441.32781  37.1%     -  152s
     0     0  442.13475    0  703  702.00000  442.13475  37.0%     -  157s
     0     0  442.20629    0  744  702.00000  442.20629  37.0%     -  160s
     0     0  442.26852    0  749  702.00000  442.26852  37.0%     -  161s
     0     0  442.27934    0  757  702.00000  442.27934  37.0%     -  162s
     0     0  443.09112    0  752  702.00000  443.09112  36.9%     -  165s
     0     0  443.20643    0  759  702.00000  443.20643  36.9%     -  167s
     0     0  443.20924    0  781  702.00000  443.20924  36.9%     -  167s
H    0     0                     696.0000000  443.54663  36.3%     -  169s
H    0     0                     695.0000000  443.54663  36.2%     -  169s
H    0     0                     690.0000000  443.54663  35.7%     -  169s
     0     0  443.54663    0  785  690.00000  443.54663  35.7%     -  169s
     0     0  443.61993    0  790  690.00000  443.61993  35.7%     -  170s
     0     0  443.66094    0  805  690.00000  443.66094  35.7%     -  170s
     0     0  443.66208    0  813  690.00000  443.66208  35.7%     -  170s
     0     0  444.05568    0  744  690.00000  444.05568  35.6%     -  172s
     0     0  444.77889    0  782  690.00000  444.77889  35.5%     -  174s
     0     0  444.85547    0  791  690.00000  444.85547  35.5%     -  174s
     0     0  444.86524    0  797  690.00000  444.86524  35.5%     -  175s
     0     0  445.17362    0  792  690.00000  445.17362  35.5%     -  178s
     0     0  445.30850    0  792  690.00000  445.30850  35.5%     -  181s
     0     0  445.32457    0  817  690.00000  445.32457  35.5%     -  182s
     0     0  445.76459    0  807  690.00000  445.76459  35.4%     -  183s
     0     0  446.01774    0  814  690.00000  446.01774  35.4%     -  185s
     0     0  446.02245    0  825  690.00000  446.02245  35.4%     -  186s
     0     0  446.62356    0  781  690.00000  446.62356  35.3%     -  188s
     0     0  446.80432    0  815  690.00000  446.80432  35.2%     -  189s
     0     0  446.81591    0  829  690.00000  446.81591  35.2%     -  189s
     0     0  447.55487    0  787  690.00000  447.55487  35.1%     -  192s
     0     0  447.57496    0  799  690.00000  447.57496  35.1%     -  193s
     0     0  448.09505    0  777  690.00000  448.09505  35.1%     -  196s
     0     0  448.11191    0  814  690.00000  448.11191  35.1%     -  197s
     0     0  448.23348    0  818  690.00000  448.23348  35.0%     -  198s
     0     0  448.32733    0  802  690.00000  448.32733  35.0%     -  198s
     0     0  448.40299    0  823  690.00000  448.40299  35.0%     -  199s
     0     0  448.40300    0  829  690.00000  448.40300  35.0%     -  199s
     0     0  448.49886    0  814  690.00000  448.49886  35.0%     -  199s
     0     0  448.57036    0  814  690.00000  448.57036  35.0%     -  199s
     0     0  448.57036    0  769  690.00000  448.57036  35.0%     -  204s
     0     2  448.57036    0  764  690.00000  448.57036  35.0%     -  225s
     2     4  450.90986    1  755  690.00000  450.90986  34.7% 12462  234s
     3     8  455.19438    2  747  690.00000  451.18957  34.6%  9351  241s
     7    11  455.65419    3  742  690.00000  452.86165  34.4%  7547  246s
    10    13  457.57304    4  728  690.00000  452.87060  34.4%  8101  251s
    12    17  475.53127    5  522  690.00000  452.87060  34.4% 10809  256s
H   13    17                     679.0000000  452.87060  33.3%  9978  256s
    16    36  476.52816    6  542  679.00000  452.87060  33.3% 13690  263s
H   31    36                     678.0000000  452.87060  33.2% 13621  263s
    35    40  477.37649   10  546  678.00000  452.87060  33.2% 14537  265s
    42    47  478.56335   12  536  678.00000  452.87060  33.2% 14242  271s
H   43    47                     666.0000000  452.87060  32.0% 13911  271s
    46    55  489.02063   10  446  666.00000  452.87060  32.0% 14747  276s
    54    57  479.21762   15  535  666.00000  452.87060  32.0% 15076  280s
H   56    71                     654.0000000  452.87060  30.8% 14665  283s
    70    75  480.22553   20  527  654.00000  452.87060  30.8% 14291  287s
    74    84  480.40241   22  521  654.00000  452.87060  30.8% 13825  292s
    83    85  467.66932   23  680  654.00000  452.87060  30.8% 13436  296s
H   84    89                     653.0000000  452.87060  30.6% 13276  299s
    88    93  481.22905   28  491  653.00000  452.87060  30.6% 13556  303s
    92    98  494.11446   28  409  653.00000  452.87060  30.6% 13304  307s
    97   101  501.96572   29  422  653.00000  452.87060  30.6% 13226  312s
H  100   104                     651.0000000  452.87060  30.4% 13138  316s
   103   107  494.32888   30  401  651.00000  452.87060  30.4% 12969  321s
H  106   111                     649.0000000  452.87060  30.2% 12720  323s
   110   121  494.68351   32  393  649.00000  452.87060  30.2% 12852  328s
   120   143  496.30078   34  403  649.00000  452.87060  30.2% 12491  332s
   167   189  500.39652   44  394  649.00000  452.87060  30.2% 11631  337s
   190   193  502.02169   50  405  649.00000  452.87060  30.2% 11307  340s
H  194   208                     648.0000000  452.87060  30.1% 11202  344s
   209   235  502.03941   51  402  648.00000  452.87060  30.1% 10923  348s
   236   255  505.86489   60  369  648.00000  452.87060  30.1% 10509  351s
   279   289  509.17106   70  359  648.00000  452.87060  30.1% 10318  361s
   290   301  510.36502   74  350  648.00000  452.87060  30.1% 10499  367s
H  292   301                     645.0000000  452.87060  29.8% 10441  367s
H  295   301                     637.0000000  452.87060  28.9% 10533  367s
   302   315  524.56996   74  324  637.00000  452.87060  28.9% 10511  370s
H  309   315                     630.0000000  452.87060  28.1% 10393  370s
H  316   328                     625.0000000  452.87060  27.5% 10457  375s
H  323   328                     623.0000000  452.87060  27.3% 10460  375s
   329   334  512.27996   79  352  623.00000  452.87060  27.3% 10401  380s
H  335   338                     606.0000000  452.87060  25.3% 10356  384s
   339   349  522.10980   80  331  606.00000  452.87060  25.3% 10349  388s
   350   358  524.01379   79  358  606.00000  452.87060  25.3% 10233  393s
H  357   358                     603.0000000  452.87060  24.9% 10100  393s
   359   370  516.18586   82  345  603.00000  452.87060  24.9% 10102  400s
   371   378  517.35953   85  339  603.00000  452.87060  24.9%  9895  405s
   379   382  517.87788   86  315  603.00000  452.87060  24.9%  9859  410s
   383   387  518.49362   87  343  603.00000  452.87060  24.9%  9868  416s
   388   394  527.89666   87  348  603.00000  452.87060  24.9%  9861  422s
   395   402  519.40512   88  351  603.00000  452.87060  24.9%  9812  427s
   403   409  520.85089   91  354  603.00000  452.87060  24.9%  9731  434s
   410   413  524.33816   93  293  603.00000  452.87060  24.9%  9710  439s
   414   422  522.53927   93  326  603.00000  452.87060  24.9%  9677  446s
   423   432  525.23944   98  340  603.00000  452.87060  24.9%  9563  453s
H  428   432                     602.0000000  452.87060  24.8%  9492  453s
   433   444  527.64847  103  307  602.00000  452.87060  24.8%  9473  462s
   445   461  528.28509  104  306  602.00000  452.87060  24.8%  9401  468s
   462   480  528.91445  106  297  602.00000  452.87060  24.8%  9225  477s
   481   501  533.47611  109  290  602.00000  452.87060  24.8%  9028  485s
   502   529  539.64170  114  300  602.00000  452.87060  24.8%  8820  492s
   530   559  537.44049  117  271  602.00000  452.87060  24.8%  8509  501s
   560   577  543.28142  129  288  602.00000  452.87060  24.8%  8240  509s
   578   609  541.98820  133  292  602.00000  452.87060  24.8%  8103  518s
   612   644  573.27354  139  284  602.00000  452.87060  24.8%  7801  527s
   647   682  550.88694  157  289  602.00000  452.87060  24.8%  7532  536s
   685   710  554.98840  159  286  602.00000  452.87060  24.8%  7277  546s
   713   759  558.82089  170  272  602.00000  452.87060  24.8%  7112  556s
   762   837  562.98710  194  262  602.00000  452.87060  24.8%  6798  569s
   840   914  571.14586  223  215  602.00000  452.87060  24.8%  6325  578s
   917   953  579.23081  252  226  602.00000  452.87060  24.8%  5935  591s
   980   965  463.15660    4  638  602.00000  452.87060  24.8%  5661  603s
H  986   964                     595.0000000  452.87060  23.9%  5652  603s
H  994  1017                     594.0000000  452.87060  23.8%  5640  614s
  1057  1026  466.43839    6  586  594.00000  452.87060  23.8%  5429  626s
H 1074  1019                     592.0000000  452.87060  23.5%  5402  626s
  1077  1020  514.17327   73  449  592.00000  452.87060  23.5%  5407  641s
H 1078   969                     587.0000000  452.87060  22.8%  5402  652s
  1079   969  562.31101  227  475  587.00000  452.87060  22.8%  5397  655s
H 1079   921                     586.0000000  452.87060  22.7%  5397  675s
  1080   922  563.71846  199  547  586.00000  452.87060  22.7%  5392  683s
  1081   923  568.50457  260  560  586.00000  452.87060  22.7%  5387  690s
  1082   923  528.67862  104  604  586.00000  452.87060  22.7%  5382  697s
  1083   924  586.00000  285  616  586.00000  452.87060  22.7%  5377  703s
  1084   925  541.30570  135  600  586.00000  452.87060  22.7%  5372  712s
  1085   925  567.01737  210  662  586.00000  457.30060  22.0%  5367  721s
  1086   926  476.96629   51  689  586.00000  460.00159  21.5%  5362  727s
  1087   927  469.67192   34  717  586.00000  462.25640  21.1%  5357  734s
  1088   927  528.43064   92  724  586.00000  463.65114  20.9%  5352  738s
  1089   928  465.07951   15  745  586.00000  465.07951  20.6%  5347  742s
  1090   929  585.87994  237  771  586.00000  465.61456  20.5%  5342  745s
  1092   930  577.90071  243  765  586.00000  466.92207  20.3%  5332  750s
  1094   931  535.35415  148  791  586.00000  467.57158  20.2%  5323  757s
  1095   932  558.43108  213  778  586.00000  467.63980  20.2%  5318  760s
  1099   935  500.46799   56  708  586.00000  474.08902  19.1%  5298  770s
  1100   935  574.52696  235  725  586.00000  476.02068  18.8%  5294  778s
  1101   936  477.03447    9  758  586.00000  477.03447  18.6%  5289  783s
  1102   937  537.25991  132  783  586.00000  478.14778  18.4%  5284  791s
  1103   937  574.23818  227  783  586.00000  478.45177  18.4%  5279  795s
  1105   939  517.41905  114  814  586.00000  479.12163  18.2%  5270  801s
  1106   939  509.79570   48  814  586.00000  479.45724  18.2%  5265  805s
  1108   941  544.12610  134  850  586.00000  479.57579  18.2%  5255  811s
  1109   941  544.12610  134  843  586.00000  479.64533  18.1%  5251  815s
  1114   945  546.32896  154  871  586.00000  479.73535  18.1%  5227  821s
  1115   945  586.00000  277  765  586.00000  485.73291  17.1%  5222  827s
  1116   946  564.25825  243  806  586.00000  486.29455  17.0%  5218  831s
  1118   947  500.11088   45  818  586.00000  487.03000  16.9%  5208  835s
  1124   951  568.75659  195  744  586.00000  489.92984  16.4%  5181  868s
  1125   952  582.48971  271  756  586.00000  489.97826  16.4%  5176  877s
  1126   953  502.67922   54  771  586.00000  490.38894  16.3%  5171  881s
  1128   954  567.01737  210  791  586.00000  490.55166  16.3%  5162  886s
  1131   956  526.35369  140  811  586.00000  490.58312  16.3%  5148  890s
  1135   959  563.01347  238  757  586.00000  493.80231  15.7%  5130  906s
  1137   960  535.35415  148  777  586.00000  495.33986  15.5%  5121  910s
  1139   961  556.78433  168  862  586.00000  495.79723  15.4%  5112  915s
  1145   965  541.30247  130  797  586.00000  497.63123  15.1%  5086  922s
  1146   966  574.46933  250  845  586.00000  497.67826  15.1%  5081  926s
  1152   970  497.83440   13  879  586.00000  497.83440  15.0%  5055  930s
  1157   973  563.98135  201  900  586.00000  498.35965  15.0%  5033  936s
  1161   976  534.53154  127  875  586.00000  498.99297  14.8%  5015  940s
  1167   980  507.04341   63  827  586.00000  499.42213  14.8%  4990  945s
  1171   983  563.71846  199  930  586.00000  499.86995  14.7%  4973  950s
  1175   985  586.00000  279  880  586.00000  501.47695  14.4%  4956  955s
  1176   986  535.08838  129  906  586.00000  501.47695  14.4%  4951  960s
  1182   990  528.67862  104  928  586.00000  501.63496  14.4%  4926  965s
  1183   991  586.00000  285  835  586.00000  502.70110  14.2%  4922  974s
  1184   991  541.30570  135  834  586.00000  503.05349  14.2%  4918  978s
  1185   992  567.01737  210  864  586.00000  503.21342  14.1%  4914  980s
  1190   995  585.87994  237  908  586.00000  503.34907  14.1%  4893  985s
  1192   997  577.90071  243  876  586.00000  503.90933  14.0%  4885  992s
  1193   997  540.48961  115  904  586.00000  503.90933  14.0%  4881  996s
  1197  1000  572.40682  225  846  586.00000  504.50139  13.9%  4865 1007s
  1201  1003  504.50139    9  934  586.00000  504.50139  13.9%  4848 1010s
  1203  1004  574.23818  227  885  586.00000  505.32869  13.8%  4840 1015s
  1209  1008  544.12610  134  953  586.00000  505.56120  13.7%  4816 1020s
  1212  1010  577.90071  243  904  586.00000  506.07996  13.6%  4804 1025s
  1218  1014  507.08946   45  831  586.00000  507.08946  13.5%  4781 1032s
  1220  1015  573.30462  268  881  586.00000  507.22917  13.4%  4773 1036s
  1228  1021  567.01737  210  935  586.00000  507.28688  13.4%  4742 1040s
  1229  1021  533.71568  126  857  586.00000  508.09666  13.3%  4738 1060s
  1237  1027  535.35415  148  916  586.00000  508.32455  13.3%  4707 1065s
  1239  1028  556.78433  168  858  586.00000  509.07864  13.1%  4700 1072s
  1242  1030  513.94393   36  891  586.00000  509.19883  13.1%  4688 1075s
  1249  1035  509.91129   24  869  586.00000  509.91129  13.0%  4662 1080s
  1253  1037  510.12151   69  892  586.00000  510.12151  12.9%  4647 1085s
  1258  1041  510.38979   49  852  586.00000  510.38979  12.9%  4629 1092s
  1261  1043  534.53154  127  898  586.00000  510.41247  12.9%  4618 1095s
  1265  1045  586.00000  273  921  586.00000  511.02501  12.8%  4603 1100s
  1270  1049  511.29697   62  898  586.00000  511.29697  12.7%  4585 1107s
  1276  1053  535.08838  129  953  586.00000  511.34019  12.7%  4563 1110s
  1284  1058  541.30570  135  932  586.00000  511.58448  12.7%  4535 1115s
  1291  1063  586.00000  295  921  586.00000  512.19840  12.6%  4510 1121s
  1295  1065  558.43108  213  935  586.00000  512.19840  12.6%  4496 1125s
  1307  1073  523.65353   75  947  586.00000  512.50909  12.5%  4455 1130s
  1314  1078  546.32896  154  948  586.00000  512.86037  12.5%  4431 1135s
  1324  1085  568.75659  195  934  586.00000  513.17751  12.4%  4398 1141s
  1331  1089  526.35369  140  883  586.00000  513.29729  12.4%  4375 1145s
  1338  1094  546.49691  156  859  586.00000  514.48909  12.2%  4352 1152s
  1340  1095  514.48909   25  927  586.00000  514.48909  12.2%  4345 1155s
  1346  1099  574.46933  250  901  586.00000  515.11964  12.1%  4326 1161s
  1350  1102  515.25277   35  951  586.00000  515.25277  12.1%  4313 1165s
  1353  1104  515.30616   69  981  586.00000  515.30616  12.1%  4304 1170s
  1356  1106  517.00615   45  916  586.00000  515.83856  12.0%  4294 1175s
  1361  1109  534.53154  127  901  586.00000  516.02647  11.9%  4278 1180s
  1366  1113  529.37027  116  879  586.00000  516.61101  11.8%  4263 1185s
  1369  1115  572.41484  225  969  586.00000  516.61890  11.8%  4253 1190s
  1376  1119  535.08838  129  975  586.00000  517.33076  11.7%  4232 1195s
  1381  1123  568.50457  260  942  586.00000  517.33076  11.7%  4216 1200s
  1386  1126  517.33076   51  939  586.00000  517.33076  11.7%  4201 1206s
  1389  1128  517.33076   15  957  586.00000  517.33076  11.7%  4192 1210s
  1394  1131  535.35415  148  926  586.00000  517.77351  11.6%  4177 1216s
  1398  1134  517.77351   83  982  586.00000  517.77351  11.6%  4165 1220s
  1400  1135  574.52696  235  951  586.00000  518.35198  11.5%  4159 1225s
  1410  1142  562.56204  178  943  586.00000  519.25838  11.4%  4130 1230s
  1415  1145  586.00000  277  904  586.00000  519.73396  11.3%  4115 1235s
  1420  1149  573.30462  268  942  586.00000  519.73396  11.3%  4101 1240s
  1421  1149  563.98135  201  947  586.00000  519.88432  11.3%  4098 1246s
  1423  1151  543.86349  118  916  586.00000  520.05763  11.3%  4092 1251s
  1426  1153  520.05763   54  915  586.00000  520.05763  11.3%  4083 1255s
  1436  1159  558.02271  157  894  586.00000  520.49584  11.2%  4055 1260s
  1446  1166  574.46933  250  924  586.00000  520.71061  11.1%  4027 1266s
  1453  1171  520.71061   69  921  586.00000  520.71061  11.1%  4008 1271s
  1460  1175  520.71061   43  935  586.00000  520.71061  11.1%  3988 1275s
  1469  1182  572.41484  225  474  586.00000  520.71061  11.1%  4659 1290s
  1470  1183  520.71061   62  581  586.00000  520.71061  11.1%  4656 1300s
  1471  1184  563.71846  199  518  586.00000  520.71061  11.1%  4653 1310s
  1472  1184  527.81418   87  554  586.00000  520.71061  11.1%  4650 1317s
  1473  1185  520.71061   45  610  586.00000  520.71061  11.1%  4647 1321s
  1474  1186  556.56658  155  583  586.00000  520.71061  11.1%  4643 1326s
  1475  1186  586.00000  279  629  586.00000  520.71061  11.1%  4640 1334s
  1476  1187  535.08838  129  635  586.00000  520.71061  11.1%  4637 1343s
  1477  1188  520.71061   73  632  586.00000  520.71061  11.1%  4634 1348s
  1478  1188  520.71061   92  660  586.00000  520.71061  11.1%  4631 1354s
  1479  1189  562.31101  227  664  586.00000  520.71061  11.1%  4628 1359s
  1480  1190  563.71846  199  702  586.00000  520.71061  11.1%  4625 1363s
  1481  1190  568.50457  260  695  586.00000  520.71061  11.1%  4622 1369s
  1482  1191  528.67862  104  689  586.00000  520.71061  11.1%  4618 1377s
  1483  1192  586.00000  285  693  586.00000  521.48723  11.0%  4615 1380s
  1485  1193  567.01737  210  699  586.00000  521.48723  11.0%  4609 1386s
  1487  1194  521.48723   34  716  586.00000  521.48723  11.0%  4603 1392s
  1488  1195  528.43064   92  736  586.00000  521.48723  11.0%  4600 1395s
  1490  1196  585.87994  237  757  586.00000  521.48723  11.0%  4594 1402s
  1491  1197  586.00000  295  761  586.00000  521.48723  11.0%  4591 1405s
  1492  1198  577.90071  243  758  586.00000  521.49133  11.0%  4587 1410s
  1495  1200  558.43108  213  818  586.00000  521.49133  11.0%  4578 1415s
  1498  1202  521.92501   83  833  586.00000  521.92501  10.9%  4569 1425s
  1505  1206  521.92501  114  857  586.00000  521.92501  10.9%  4548 1430s
  1507  1208  523.65353   75  865  586.00000  522.37205  10.9%  4542 1435s
  1511  1210  573.37305  242  850  586.00000  522.67850  10.8%  4530 1444s
  1512  1211  577.90071  243  829  586.00000  522.67850  10.8%  4527 1447s
  1515  1213  586.00000  277  849  586.00000  522.96974  10.8%  4518 1469s
  1516  1214  564.25825  243  849  586.00000  522.96974  10.8%  4515 1470s
  1520  1216  573.30462  268  851  586.00000  523.01523  10.7%  4503 1477s
  1524  1219  568.75659  195  848  586.00000  523.28077  10.7%  4491 1482s
  1526  1220  523.28077   54  872  586.00000  523.28077  10.7%  4485 1486s
  1532  1224  523.28077   57  883  586.00000  523.28077  10.7%  4468 1490s
  1533  1225  523.28077   47  853  586.00000  523.28077  10.7%  4465 1506s
  1537  1228  535.35415  148  823  586.00000  524.51683  10.5%  4453 1512s
  1539  1229  556.78433  168  819  586.00000  525.00709  10.4%  4447 1516s
  1545  1233  541.30247  130  874  586.00000  525.12493  10.4%  4430 1521s
  1547  1234  526.17969   52  781  586.00000  526.17969  10.2%  4424 1526s
  1549  1236  526.18337   24  844  586.00000  526.18337  10.2%  4419 1530s
  1556  1240  526.59120   45  801  586.00000  526.59120  10.1%  4399 1536s
  1561  1244  534.53154  127  860  586.00000  526.68648  10.1%  4385 1541s
  1565  1246  586.00000  273  849  586.00000  526.91670  10.1%  4373 1546s
  1566  1247  529.37027  116  800  586.00000  527.65325  10.0%  4371 1551s
  1570  1250  527.65325   62  844  586.00000  527.65325  10.0%  4360 1555s
  1574  1252  556.56658  155  801  586.00000  528.52280  9.81%  4348 1563s
  1575  1253  586.00000  279  844  586.00000  528.52280  9.81%  4346 1565s
  1579  1256  562.31101  227  825  586.00000  528.73953  9.77%  4335 1570s
  1583  1258  586.00000  285  793  586.00000  529.25563  9.68%  4324 1577s
  1588  1262  529.25563   92  844  586.00000  529.25563  9.68%  4310 1580s
  1590  1263  585.87994  237  867  586.00000  529.66299  9.61%  4305 1585s
  1597  1268  572.40682  225  900  586.00000  529.66311  9.61%  4286 1591s
  1600  1270  574.52696  235  890  586.00000  529.77976  9.59%  4278 1595s
  1609  1276  544.12610  134  938  586.00000  529.77976  9.59%  4254 1600s
  1614  1279  546.32896  154  847  586.00000  529.77976  9.59%  4241 1609s
  1615  1280  586.00000  277  917  586.00000  529.77976  9.59%  4238 1611s
  1618  1282  529.78257   45  880  586.00000  529.78257  9.59%  4230 1615s
  1624  1286  568.75659  195  888  586.00000  529.95552  9.56%  4215 1623s
  1627  1288  531.43526   81  914  586.00000  529.95552  9.56%  4207 1625s
  1633  1292  530.07397   47  921  586.00000  530.07397  9.54%  4191 1630s
  1636  1294  558.02271  157  840  586.00000  530.07641  9.54%  4184 1646s
  1637  1294  535.35415  148  840  586.00000  530.07641  9.54%  4181 1670s
  1638  1297  530.48638   25  787  586.00000  530.07641  9.54%  4612 1678s
  1639  1299  530.96945   26  757  586.00000  530.07641  9.54%  4612 1688s
  1641  1301  531.20486   27  751  586.00000  530.62753  9.45%  4614 1695s
  1644  1303  531.36697   28  750  586.00000  530.62753  9.45%  4622 1704s
  1647  1318  531.64026   29  737  586.00000  530.62753  9.45%  4631 1714s
  1663  1315  538.12703   31  679  586.00000  530.62753  9.45%  4939 1720s
  1665  1317  535.29895   32  680  586.00000  530.62753  9.45%  4940 1726s
  1668  1318  533.35349   31  682  586.00000  530.62753  9.45%  4940 1732s
  1670  1320  535.47322   33  689  586.00000  530.62753  9.45%  4942 1739s
  1673  1321  533.47563   32  669  586.00000  530.62753  9.45%  4950 1746s
  1675  1326  535.70470   34  667  586.00000  530.62753  9.45%  4976 1754s
  1680  1328  540.32738   35  650  586.00000  530.62753  9.45%  5086 1759s
  1684  1331  537.71818   35  644  586.00000  530.62753  9.45%  5095 1765s
  1688  1335  538.07462   36  661  586.00000  530.62753  9.45%  5147 1773s
H 1689  1267                     585.0000000  530.62753  9.29%  5144 1773s
  1694  1272  542.82579   36  509  585.00000  530.62753  9.29%  5209 1780s
  1701  1282  538.13336   37  654  585.00000  530.62753  9.29%  5218 1787s
  1713  1284  539.54422   38  658  585.00000  530.62753  9.29%  5447 1793s
  1719  1295  541.84189   38  642  585.00000  530.62753  9.29%  5468 1801s
  1732  1300  541.39023   39  594  585.00000  530.62753  9.29%  5636 1807s
  1742  1301  541.04563   40  642  585.00000  530.62753  9.29%  5729 1815s
  1747  1306  541.50681   41  635  585.00000  530.62753  9.29%  5794 1823s
  1753  1312  545.79280   42  508  585.00000  530.62753  9.29%  5835 1829s
  1761  1324  541.61472   42  619  585.00000  530.62753  9.29%  5925 1835s
  1776  1336  542.89291   43  570  585.00000  530.62753  9.29%  6085 1841s
  1793  1349  546.44000   44  599  585.00000  530.62753  9.29%  6288 1848s
  1813  1353  546.10795   46  543  585.00000  530.62753  9.29%  6424 1854s
  1829  1364  547.98034   46  534  585.00000  530.62753  9.29%  6459 1860s
  1848  1367  546.29717   47  532  585.00000  530.62753  9.29%  6494 1869s
  1874  1370  548.24328   48  527  585.00000  530.90054  9.25%  6572 1877s
  1893  1377  549.00111   50  514  585.00000  530.90054  9.25%  6705 1885s
  1908  1391  551.60267   51  499  585.00000  530.90054  9.25%  6913 1894s
  1929  1399  558.17085   53  476  585.00000  530.90054  9.25%  7077 1903s
  1952  1407  557.56315   55  475  585.00000  530.90054  9.25%  7176 1912s
  1982  1415  558.95366   58  506  585.00000  530.90054  9.25%  7316 1920s
  2016  1436  561.10010   61  487  585.00000  531.53274  9.14%  7431 1928s
  2048  1448  561.58707   65  472  585.00000  531.53274  9.14%  7575 1937s
  2081  1451  565.66082   68  436  585.00000  531.53274  9.14%  7642 1946s
  2118  1443  578.27307   86  347  585.00000  531.53274  9.14%  7688 1960s
  2122  1445  578.97652   86  359  585.00000  531.53274  9.14%  7721 1971s
  2126  1446  578.29236   87  350  585.00000  531.53274  9.14%  7763 1980s
  2130  1448     cutoff   87       585.00000  531.53274  9.14%  7776 1987s
  2135  1449  579.01129   89  364  585.00000  531.53274  9.14%  7801 1998s
  2139  1451  582.91017   89  354  585.00000  531.53274  9.14%  7840 2006s
  2143  1469  579.05726   90  349  585.00000  531.53274  9.14%  7857 2016s
  2175  1490  579.06092   91  368  585.00000  531.64661  9.12%  7804 2026s
  2240  1496  552.26005   29  576  585.00000  533.24435  8.85%  7759 2037s
  2281  1541  558.93618   34  565  585.00000  533.24435  8.85%  7817 2047s
  2360  1539  564.96737   40  519  585.00000  533.24435  8.85%  7779 2065s
  2406  1556  578.79900   55  504  585.00000  533.89747  8.74%  7867 2077s
  2455  1579  547.64773   32  658  585.00000  533.89747  8.74%  8031 2087s
  2494  1633  551.10156   37  579  585.00000  533.89747  8.74%  8195 2100s
  2571  1652  557.54769   44  565  585.00000  533.89747  8.74%  8266 2113s
  2640  1672  563.71372   55  552  585.00000  533.89747  8.74%  8354 2126s
  2695  1719  572.94121   74  515  585.00000  533.89747  8.74%  8365 2143s
  2781  1729  581.91304  111  447  585.00000  534.50014  8.63%  8345 2156s
  2834  1770  543.36933   32  503  585.00000  534.77144  8.59%  8449 2171s
  2929  1783  535.97887   32  682  585.00000  534.77144  8.59%  8455 2187s
  3013  1811  547.25172   37  442  585.00000  534.77144  8.59%  8494 2203s
  3082  1857  565.01708   53  413  585.00000  534.77144  8.59%  8644 2220s
  3190  1851  541.71980   33  690  585.00000  534.77144  8.59%  8692 2235s
  3221  1886  552.14139   41  574  585.00000  534.77144  8.59%  8883 2253s
  3274  1962  558.09885   50  514  585.00000  535.01645  8.54%  9052 2270s
  3376  1994  562.60003   58  490  585.00000  535.01645  8.54%  9085 2289s
  3459  2057  570.60300   83  467  585.00000  536.26982  8.33%  9201 2308s
  3567  2058     cutoff  138       585.00000  536.99336  8.21%  9253 2329s
  3635  2079  542.92831   36  658  585.00000  537.40502  8.14%  9341 2348s
  3684  2110  551.36866   44  539  585.00000  537.40502  8.14%  9516 2371s
  3752  2178  560.21951   57  550  585.00000  537.40502  8.14%  9699 2392s
  3847  2244  572.58762   87  479  585.00000  537.40502  8.14%  9827 2417s
  3992  2263  546.98226   42  595  585.00000  537.98965  8.04%  9772 2440s
  4080  2335  555.43603   55  544  585.00000  538.06287  8.02%  9891 2469s
  4204  2374  578.65841   82  463  585.00000  538.06287  8.02%  9915 2512s
  4328  2393  548.86910   41  591  585.00000  538.19589  8.00%  9905 2541s
  4418  2448  551.61974   47  604  585.00000  538.19589  8.00%  9908 2569s
  4516  2504  563.66920   67  535  585.00000  538.19589  8.00% 10124 2597s
  4620  2577  582.79646  105  410  585.00000  538.30103  7.98% 10292 2627s
  4774  2589  560.80525   47  491  585.00000  538.95802  7.87% 10375 2657s
  4849  2665  580.81048   96  380  585.00000  539.06101  7.85% 10410 2691s
  4985  2700  552.01605   46  587  585.00000  539.07765  7.85% 10555 2728s
  5094  2762  560.62623   54  532  585.00000  539.07765  7.85% 10600 2764s
  5213  2826  549.58656   34  618  585.00000  539.49408  7.78% 10658 2801s
  5365  2891  550.36966   40  570  585.00000  539.49408  7.78% 10739 2839s
  5494  3017  569.78487   65  511  585.00000  539.73690  7.74% 10870 2879s
  5674  3145  579.12813   63  363  585.00000  540.10581  7.67% 10959 2922s
  5879  3291  549.64830   34  620  585.00000  540.15667  7.67% 11020 2965s
  6073  3478  581.04855   81  468  585.00000  540.29912  7.64% 11141 3009s
  6347  3648  562.41620   59  516  585.00000  540.45583  7.61% 11129 3055s
  6591  3804  565.52226   40  450  585.00000  540.74885  7.56% 11132 3102s
  6812  3971  582.67139   52  446  585.00000  540.80356  7.55% 11109 3156s
  7070  4071  544.23668   32  721  585.00000  540.93408  7.53% 11147 3206s
  7244  4260  570.93973   46  594  585.00000  540.95316  7.53% 11204 3263s
  7503  4458  571.14003   74  555  585.00000  541.42368  7.45% 11228 3322s
  7775  4668  551.73183   42  663  585.00000  541.42368  7.45% 11201 3386s
  8061  4824  553.00674   33  519  585.00000  541.84189  7.38% 11232 3449s
  8323  5003  553.26911   39  487  585.00000  542.04711  7.34% 11274 3514s
  8658  5223  556.39679   42  483  585.00000  542.36273  7.29% 11254 3584s
  8999  5458  558.39507   31  662  585.00000  542.57401  7.25% 11180 3655s
  9341  5743  577.42613   67  429  585.00000  542.90656  7.20% 11186 3730s
  9784  6004  582.62146   70  425  585.00000  543.11605  7.16% 11161 3811s
 10246  6364  551.39913   43  597  585.00000  543.59857  7.08% 11118 3902s
 10860  6440  548.45763   32  690  585.00000  543.85899  7.03% 11013 3962s
 11000  6702  560.68703   39  592  585.00000  543.85899  7.03% 11010 4029s
 11380  7002  556.25946   35  461  585.00000  544.01570  7.01% 11041 4096s
 11883  7204  573.97483   66  553  585.00000  544.35366  6.95% 10930 4161s
 12252  7494  550.97296   38  631  585.00000  544.55659  6.91% 10924 4228s
 12726  7664     cutoff   82       585.00000  544.74934  6.88% 10855 4291s
 13009  7880  579.44736   59  457  585.00000  544.86237  6.86% 10895 4357s
 13373  8151  555.90249   29  691  585.00000  544.99398  6.84% 10866 4425s
 13833  8371  574.50070   43  399  585.00000  545.01301  6.84% 10859 4490s
 14328  8675  560.05432   50  526  585.00000  545.29690  6.79% 10786 4556s
 14770  8934  556.70499   42  512  585.00000  545.54320  6.74% 10769 4624s
 15172  8982  568.13071   58  510  585.00000  545.61731  6.73% 10731 4688s
 15235  9212  560.00206   44  438  585.00000  545.76929  6.71% 10780 4758s
 15619  9483  554.91326   44  580  585.00000  545.94067  6.68% 10776 4828s
 16050  9745  559.51726   39  619  585.00000  546.13815  6.64% 10780 4895s
 16463 10009  573.37410   50  467  585.00000  546.24017  6.63% 10770 4965s
 16902 10176  575.00046   41  478  585.00000  546.42244  6.59% 10735 5033s
 17213 10442  558.36778   36  588  585.00000  546.54629  6.57% 10756 5100s
 17577 10688  560.72560   36  532  585.00000  546.54629  6.57% 10777 5173s
 17982 10917  561.76929   41  466  585.00000  546.69582  6.55% 10788 5241s
 18360 11232  571.31621   59  404  585.00000  546.76488  6.54% 10750 5310s
 18798 11496  583.91276   59  306  585.00000  546.85612  6.52% 10682 5378s
 19200 11690  553.09419   44  519  585.00000  546.93101  6.51% 10673 5443s
 19504 11997  554.87931   40  598  585.00000  547.01083  6.49% 10697 5511s
 19981 12313  558.03453   39  645  585.00000  547.11216  6.48% 10639 5581s
 20427 12494  576.45987   80  450  585.00000  547.13330  6.47% 10607 5660s
 20668 12495  555.11733   43  449  585.00000  547.13330  6.47% 10623 6305s
 20670 12496  564.35325   44  473  585.00000  547.13330  6.47% 10622 6317s
 20671 12497  579.50763   63  581  585.00000  547.13330  6.47% 10621 6329s
 20672 12498  576.97275   47  541  585.00000  547.13330  6.47% 10621 6334s
 20673 12498  571.60860   50  569  585.00000  547.13330  6.47% 10620 6343s
 20674 12499  572.62168   49  574  585.00000  547.13330  6.47% 10620 6350s
 20675 12500  553.11834   45  636  585.00000  547.13330  6.47% 10619 6361s
 20676 12500  565.08228   49  594  585.00000  547.13330  6.47% 10619 6368s
 20677 12501  561.80431   45  638  585.00000  547.13330  6.47% 10618 6377s
 20678 12502  551.74347   33  643  585.00000  547.13330  6.47% 10618 6383s
 20679 12502  571.43848   62  659  585.00000  547.13330  6.47% 10617 6391s
 20680 12503  567.45507   41  687  585.00000  547.13330  6.47% 10617 6398s
 20681 12504  560.46035   52  681  585.00000  547.13330  6.47% 10616 6409s
 20682 12504  560.26064   45  694  585.00000  547.13330  6.47% 10616 6415s
 20684 12506  562.79229   52  705  585.00000  547.13330  6.47% 10615 6425s
 20686 12507  560.29368   50  792  585.00000  547.13330  6.47% 10614 6434s
 20687 12508  579.82369   79  812  585.00000  547.13330  6.47% 10613 6437s
 20688 12508  576.37072   67  827  585.00000  547.13330  6.47% 10612 6440s
 20690 12510  575.02289   49  835  585.00000  547.13330  6.47% 10611 6446s
 20691 12510  568.67649   44  863  585.00000  547.13330  6.47% 10611 6451s
 20693 12512  563.30051   43  866  585.00000  547.13330  6.47% 10610 6455s
 20695 12513  553.23169   35  846  585.00000  547.13330  6.47% 10609 6460s
 20696 12514  576.37661   53  819  585.00000  547.13330  6.47% 10608 6465s
 20698 12515  553.01918   41  843  585.00000  547.13330  6.47% 10607 6471s
 20702 12518  579.19500   54  892  585.00000  547.13330  6.47% 10605 6475s
 20705 12520  559.49882   37  836  585.00000  547.13330  6.47% 10604 6481s
 20707 12521  563.80624   57  887  585.00000  547.13330  6.47% 10603 6485s
 20711 12524  583.13090   72  925  585.00000  547.13330  6.47% 10601 6490s
 20712 12524  570.57537   47  915  585.00000  547.13330  6.47% 10600 6519s
 20713 12525  558.28377   45  858  585.00000  547.13330  6.47% 10600 6530s
 20718 12528  569.84853   40  890  585.00000  547.13330  6.47% 10597 6565s
 20722 12531  559.13194   45  910  585.00000  547.13330  6.47% 10595 6591s
 20723 12532  570.90767   68  875  585.00000  547.13330  6.47% 10595 6597s
 20726 12534  551.27837   41  905  585.00000  547.13330  6.47% 10593 6600s
 20728 12535  580.91502   74  925  585.00000  547.13330  6.47% 10592 6627s
 20729 12536  580.68747   78  906  585.00000  547.13330  6.47% 10591 6653s
 20732 12538  571.33987   44  906  585.00000  547.13330  6.47% 10590 6655s
 20733 12538  565.08228   49  933  585.00000  547.13330  6.47% 10589 6676s
 20734 12539  567.54103   53  884  585.00000  547.13330  6.47% 10589 6681s
 20738 12542  572.36155   46  935  585.00000  547.13330  6.47% 10587 6710s
 20743 12545  573.47327   64  930  585.00000  547.13330  6.47% 10584 6733s
 20744 12546  569.78966   52  813  585.00000  547.13330  6.47% 10584 6748s
 20746 12547  568.28279   42  873  585.00000  547.13330  6.47% 10583 6750s
 20751 12550  573.07878   56  935  585.00000  547.13330  6.47% 10580 6776s
 20753 12552  568.93132   51  936  585.00000  547.13330  6.47% 10579 6780s
 20756 12554  574.02140   79  944  585.00000  547.13330  6.47% 10578 6805s
 20757 12554  558.25280   47  928  585.00000  547.13330  6.47% 10577 6811s
 20762 12558  559.30823   55  968  585.00000  547.13330  6.47% 10575 6834s
 20763 12558  580.46677   57  904  585.00000  547.13330  6.47% 10574 6837s
 20766 12560  571.19623   60  936  585.00000  547.13330  6.47% 10573 6858s
 20767 12561  555.70952   39  945  585.00000  547.13330  6.47% 10572 6863s
 20769 12562  551.70766   42  967  585.00000  547.13330  6.47% 10571 6866s
 20770 12563  564.35325   44 1001  585.00000  547.13330  6.47% 10571 6891s
 20773 12565  571.60860   50 1000  585.00000  547.13330  6.47% 10569 6895s
 20774 12566  572.62168   49 1002  585.00000  547.13330  6.47% 10569 6919s
 20775 12566  553.11834   45  967  585.00000  547.13330  6.47% 10568 6924s
 20776 12567  565.08228   49  920  585.00000  547.13330  6.47% 10568 6925s
 20779 12569  571.43848   62  960  585.00000  547.13330  6.47% 10566 6948s
 20780 12570  567.45507   41  867  585.00000  547.13330  6.47% 10565 6950s
 20783 12572  571.18512   62  917  585.00000  547.13330  6.47% 10564 6975s
 20785 12573  580.55385   76  881  585.00000  547.13330  6.47% 10563 6980s
 20788 12575  576.37072   67  916  585.00000  547.13330  6.47% 10561 6998s
 20789 12576  564.46345   56  919  585.00000  547.13330  6.47% 10561 7000s
 20790 12576  575.02289   49  915  585.00000  547.13330  6.47% 10560 7019s
 20791 12577  568.67649   44  890  585.00000  547.13330  6.47% 10560 7021s
 20793 12578  563.30051   43  955  585.00000  547.13330  6.47% 10559 7039s
 20794 12579  549.69292   46  903  585.00000  547.13330  6.47% 10558 7041s
 20798 12582  553.01918   41  936  585.00000  547.13330  6.47% 10556 7063s
 20799 12582  580.12148   60  912  585.00000  547.13330  6.47% 10556 7066s
 20802 12584  579.19500   54  952  585.00000  547.13330  6.47% 10554 7090s
 20803 12585  576.95644   37  942  585.00000  547.13330  6.47% 10554 7095s
 20805 12586  559.49882   37  945  585.00000  547.13330  6.47% 10553 7117s
 20807 12588  563.80624   57  971  585.00000  547.13330  6.47% 10552 7135s
 20812 12591  570.57537   47  935  585.00000  547.13330  6.47% 10549 7157s
 20814 12592  562.36390   38  929  585.00000  547.13330  6.47% 10548 7182s
 20815 12593  580.66399   70  963  585.00000  547.13330  6.47% 10548 7186s
 20816 12594  580.30779   68  971  585.00000  547.13330  6.47% 10547 7205s
 20818 12595  569.84853   40  998  585.00000  547.13330  6.47% 10546 7230s
 20819 12596  580.03365   74  980  585.00000  547.13330  6.47% 10546 7274s
 20820 12596  571.05349   55  991  585.00000  547.13330  6.47% 10545 7291s
 20822 12598  559.13194   45  980  585.00000  547.13330  6.47% 10544 7312s
 20827 12601  577.73803   55  986  585.00000  547.13330  6.47% 10542 7331s
 20829 12602  580.68747   78  982  585.00000  547.13330  6.47% 10541 7353s
 20830 12603  551.23459   47  988  585.00000  547.13330  6.47% 10540 7355s
 20832 12604  571.33987   44  981  585.00000  547.13330  6.47% 10539 7376s
 20834 12606  567.54103   53  991  585.00000  547.13330  6.47% 10538 7396s
 20836 12607  577.66278   71  996  585.00000  547.13330  6.47% 10537 7420s
 20838 12608  572.36155   46 1001  585.00000  547.13330  6.47% 10536 7442s
 20839 12609  581.16864   57  995  585.00000  547.13330  6.47% 10536 7445s
 20840 12610  575.24954   67  992  585.00000  547.13330  6.47% 10535 7458s
 20841 12610  578.49977   60  972  585.00000  547.13330  6.47% 10535 7460s
 20842 12611  552.36039   50 1000  585.00000  547.13330  6.47% 10534 7483s
 20843 12612  573.47327   64  944  585.00000  547.13330  6.47% 10534 7485s
 20844 12612  569.78966   52  981  585.00000  547.13330  6.47% 10533 7500s
 20846 12614  568.28279   42  992  585.00000  547.13330  6.47% 10532 7522s
 20852 12618  564.45692   42 1004  585.00000  547.13330  6.47% 10529 7548s
 20853 12618  568.93132   51  987  585.00000  547.13330  6.47% 10529 7551s
 20856 12620  574.02140   79 1004  585.00000  547.13330  6.47% 10527 7570s
 20858 12622  572.32778   59  984  585.00000  547.13330  6.47% 10526 7594s
 20859 12622  567.61502   53  987  585.00000  547.13330  6.47% 10525 7596s
 20860 12623  559.02516   48  976  585.00000  547.13330  6.47% 10525 7617s
 20861 12624  551.82111   48  974  585.00000  547.13330  6.47% 10524 7620s
 20864 12626  556.92292   45  992  585.00000  547.13330  6.47% 10523 7640s
 20867 12628  555.70952   39  996  585.00000  547.13330  6.47% 10521 7664s
 20868 12628  555.11733   43  982  585.00000  547.13330  6.47% 10521 7666s
 20869 12629  551.70766   42  998  585.00000  547.13330  6.47% 10520 7687s
 20871 12630  579.50763   63 1004  585.00000  547.13330  6.47% 10519 7708s
 20872 12631  576.97275   47  966  585.00000  547.13330  6.47% 10519 7710s
 20877 12634  561.80431   45 1022  585.00000  547.13330  6.47% 10516 7728s
 20878 12635  551.74347   33 1022  585.00000  547.13330  6.47% 10516 7731s
 20879 12636  571.43848   62 1026  585.00000  547.13330  6.47% 10515 7752s
 20881 12637  560.46035   52  990  585.00000  547.13330  6.47% 10514 7773s
 20882 12638  560.26064   45  942  585.00000  547.13330  6.47% 10514 7775s
 20885 12640  580.55385   76  991  585.00000  547.13330  6.47% 10512 7802s
 20887 12641  579.82369   79  998  585.00000  547.13330  6.47% 10511 7824s
 20888 12642  576.37072   67  999  585.00000  547.13330  6.47% 10511 7826s
 20889 12642  564.46345   56 1010  585.00000  547.13330  6.47% 10510 7849s
 20890 12643  575.02289   49  998  585.00000  547.13330  6.47% 10510 7851s
 20891 12644  568.67649   44 1008  585.00000  547.13330  6.47% 10509 7872s
 20893 12645  563.30051   43  976  585.00000  547.13330  6.47% 10508 7875s
 20894 12646  549.69292   46  989  585.00000  547.13330  6.47% 10508 7895s
 20896 12647  576.37661   53  997  585.00000  547.13330  6.47% 10507 7919s
 20897 12648  574.12500   56 1001  585.00000  547.13330  6.47% 10506 7921s
 20898 12648  553.01918   41 1000  585.00000  547.13330  6.47% 10506 7936s
 20902 12651  579.19500   54  986  585.00000  547.13330  6.47% 10504 7959s
 20903 12652  576.95644   37  963  585.00000  547.13330  6.47% 10503 7962s
 20904 12652  571.78888   57  985  585.00000  547.13330  6.47% 10503 7985s
 20907 12654  563.80624   57  969  585.00000  547.13330  6.47% 10501 8010s
 20911 12657  583.13090   72  937  585.00000  547.13330  6.47% 10499 8015s
 20913 12658  558.28377   45  989  585.00000  547.13330  6.47% 10498 8035s
 20915 12660  580.66399   70  985  585.00000  547.13330  6.47% 10497 8056s
 20917 12661  574.30314   64  985  585.00000  547.13330  6.47% 10496 8075s
 20918 12662  569.84853   40  885  585.00000  547.13330  6.47% 10496 8101s
 20919 12662  580.03365   74  980  585.00000  547.13330  6.47% 10495 8123s
 20920 12663  571.05349   55  977  585.00000  547.13330  6.47% 10495 8147s
 20921 12664  570.96622   58  973  585.00000  547.13330  6.47% 10494 8189s
 20922 12664  559.13194   45  973  585.00000  547.13330  6.47% 10494 8207s
 20923 12668  547.13330   38  809  585.00000  547.13330  6.47% 10530 8218s
 20925 12671  547.13330   39  783  585.00000  547.13330  6.47% 10529 8224s
 20929 12673  547.13330   40  776  585.00000  547.13330  6.47% 10529 8232s
 20932 12680  547.13330   41  726  585.00000  547.13330  6.47% 10530 8260s
 20940 12683  550.42139   42  740  585.00000  547.13330  6.47% 10542 8269s
 20946 12684  552.08546   43  693  585.00000  547.13330  6.47% 10541 8278s
 20949 12687  553.31116   43  709  585.00000  547.13330  6.47% 10541 8284s
 20953 12693  552.28066   44  689  585.00000  547.13330  6.47% 10540 8294s
 20960 12704  553.20606   45  707  585.00000  547.13330  6.47% 10543 8303s
 20973 12706  553.41630   46  691  585.00000  547.13330  6.47% 10557 8310s
 20980 12708  554.75949   47  723  585.00000  547.13330  6.47% 10556 8317s
 20984 12716  555.84878   47  649  585.00000  547.13330  6.47% 10555 8324s
 20993 12722  564.10086   48  553  585.00000  547.13330  6.47% 10555 8331s
 21002 12726  557.08989   50  649  585.00000  547.13330  6.47% 10558 8338s
 21009 12731  557.43221   51  615  585.00000  547.13330  6.47% 10557 8345s
 21017 12737  561.12228   52  626  585.00000  547.13330  6.47% 10555 8351s
 21025 12743  560.71570   53  596  585.00000  547.13330  6.47% 10553 8357s
 21034 12748  559.64816   55  593  585.00000  547.13330  6.47% 10551 8361s
 21042 12754  562.58903   56  605  585.00000  547.13330  6.47% 10549 8367s
 21051 12763  563.23942   57  469  585.00000  547.13330  6.47% 10548 8373s
 21067 12765  573.73239   59  426  585.00000  547.13330  6.47% 10543 8379s
 21082 12772  569.84629   61  387  585.00000  547.13330  6.47% 10538 8387s
 21096 12778  573.08246   65  398  585.00000  547.13330  6.47% 10533 8394s
 21112 12779     cutoff   69       585.00000  547.13330  6.47% 10526 8399s
 21130 12784  579.45641   65  383  585.00000  547.13330  6.47% 10520 8406s
 21157 12781  582.78428   75  305  585.00000  547.13330  6.47% 10510 8431s
 21177 12780  548.11763   41  735  585.00000  547.13330  6.47% 10502 8440s
 21197 12776  550.24678   41  663  585.00000  547.48200  6.41% 10495 8449s
 21208 12778  548.76115   42  691  585.00000  547.48200  6.41% 10490 8457s
 21214 12783  551.49277   42  695  585.00000  547.48200  6.41% 10490 8468s
 21221 12790  563.08923   48  602  585.00000  547.48200  6.41% 10490 8477s
 21231 12801  551.00046   42  704  585.00000  547.48200  6.41% 10487 8486s
 21253 12806  556.57727   44  563  585.00000  547.48200  6.41% 10480 8500s
 21276 12809  559.54646   44  540  585.00000  547.49235  6.41% 10472 8509s
 21292 12815  561.98704   45  590  585.00000  547.49235  6.41% 10468 8517s
 21321 12822  560.48972   48  441  585.00000  547.49235  6.41% 10457 8527s
 21360 12821  562.61503   49  421  585.00000  547.72150  6.37% 10443 8538s
 21387 12828  564.85292   56  415  585.00000  548.23867  6.28% 10433 8549s
 21403 12841  573.89008   62  343  585.00000  548.23867  6.28% 10429 8563s
 21438 12840  577.62385   81  347  585.00000  548.36051  6.26% 10415 8576s
 21485 12834  555.75152   42  693  585.00000  548.36051  6.26% 10397 8591s
 21500 12849  556.62340   43  600  585.00000  548.46892  6.24% 10394 8604s
 21522 12878  564.65542   45  466  585.00000  548.46892  6.24% 10389 8616s
 21563 12886  560.56798   47  589  585.00000  548.46892  6.24% 10375 8630s
 21594 12898  560.48508   50  541  585.00000  548.50202  6.24% 10366 8646s
 21648 12911  562.79849   54  556  585.00000  548.76115  6.19% 10346 8658s
 21680 12970  570.39409   59  400  585.00000  548.76115  6.19% 10338 8675s
 21786 12969  553.91919   46  692  585.00000  549.06972  6.14% 10298 8694s
 21848 12964  557.59714   48  672  585.00000  549.06972  6.14% 10275 8711s
 21870 12980  558.87229   51  624  585.00000  549.06972  6.14% 10269 8728s
 21901 12992  566.94118   53  607  585.00000  549.06972  6.14% 10261 8745s
 21923 13028  571.43564   61  568  585.00000  549.06972  6.14% 10257 8763s
 21982 13023  580.05388   96  515  585.00000  549.06972  6.14% 10237 8785s
 22013 13039  552.99692   48  669  585.00000  549.06972  6.14% 10229 8806s
 22063 13044  554.90014   51  662  585.00000  549.06972  6.14% 10214 8824s
 22085 13069  565.33911   53  535  585.00000  549.06972  6.14% 10212 8847s
 22130 13130  570.37551   56  508  585.00000  549.06972  6.14% 10200 8870s
 22235 13168  559.29364   43  709  585.00000  549.06972  6.14% 10161 8901s
 22312 13152  563.87447   48  613  585.00000  549.06972  6.14% 10133 8939s
 22330 13182  572.37817   51  572  585.00000  549.06972  6.14% 10129 8974s
 22373 13193  556.98645   48  588  585.00000  549.06972  6.14% 10119 8997s
 22398 13245  566.13206   53  517  585.00000  549.06972  6.14% 10117 9029s
 22462 13288  574.26451   74  407  585.00000  551.49311  5.73% 10100 9068s
 22569 13298  560.28305   43  632  585.00000  551.49311  5.73% 10063 9095s
 22615 13359  561.96363   48  485  585.00000  551.49311  5.73% 10054 9123s
 22714 13381  572.83363   59  324  585.00000  551.49311  5.73% 10022 9156s
 22829 13394  556.18336   51  666  585.00000  551.49311  5.73%  9981 9188s
 22903 13421  560.52426   54  588  585.00000  551.49311  5.73%  9959 9220s
 22969 13503  565.10594   63  564  585.00000  551.49311  5.73%  9942 9256s
 23119 13538  571.92852   87  497  585.00000  552.35304  5.58%  9892 9290s
 23226 13636  565.86854   46  542  585.00000  552.47088  5.56%  9863 9322s
 23389 13668  568.58883   47  551  585.00000  552.66022  5.53%  9810 9360s
 23522 13702  559.87373   50  581  585.00000  552.66022  5.53%  9770 9394s
 23623 13735  571.00132   65  466  585.00000  552.66022  5.53%  9746 9436s
 23755 13798  569.13994   55  544  585.00000  553.07678  5.46%  9706 9481s
 23895 13833  560.60184   48  522  585.00000  553.07678  5.46%  9669 9529s
 24021 13879  558.49289   44  702  585.00000  553.31188  5.42%  9636 9567s
 24126 13944  563.52183   53  594  585.00000  553.31188  5.42%  9613 9616s
 24298 14000  578.78413   74  520  585.00000  553.33026  5.41%  9562 9671s
 24492 14010  559.95377   51  661  585.00000  553.74114  5.34%  9505 9721s
 24606 14105  565.84295   46  644  585.00000  553.74114  5.34%  9482 9771s
 24768 14168  559.34757   49  688  585.00000  553.77914  5.34%  9443 9828s
 24950 14245  564.95964   59  560  585.00000  553.78649  5.34%  9396 9884s
 25139 14316  573.48150   83  506  585.00000  553.88224  5.32%  9349 9948s
 25358 14336  560.35397   53  684  585.00000  553.92869  5.31%  9290 10003s
 25472 14453  568.55529   69  590  585.00000  554.18850  5.27%  9273 10066s
 25678 14518  561.69278   51  702  585.00000  554.25767  5.26%  9226 10133s
 25930 14555  558.33375   49  686  585.00000  554.56784  5.20%  9163 10198s
 26118 14502  562.40258   51  551  585.00000  554.66310  5.19%  9126 10260s
 26128 14631  573.45312   58  431  585.00000  554.73108  5.17%  9125 10333s
 26339 14782  570.72324   65  585  585.00000  554.76331  5.17%  9074 10409s
 26668 14795  574.30221   74  487  585.00000  554.88692  5.15%  8993 10480s
 26869 14868  562.92508   62  610  585.00000  555.09659  5.11%  8951 10562s
 27131 14872  564.67639   45  685  585.00000  555.25495  5.08%  8897 10647s
 27359 14987  559.37723   54  639  585.00000  555.32814  5.07%  8850 10728s
 27623 15114  563.36309   54  623  585.00000  555.58460  5.03%  8800 10821s
 27938 15259  561.98084   55  585  585.00000  555.74952  5.00%  8734 10916s
 28298 15459     cutoff   68       585.00000  555.98682  4.96%  8662 11010s
 28737 15493  562.60297   54  668  585.00000  556.06873  4.95%  8567 11118s
 29087 15653  563.40637   50  631  585.00000  556.15924  4.93%  8500 11221s
 29538 15811  563.83524   47  653  585.00000  556.45003  4.88%  8410 11329s
 29960 15892  562.44535   52  674  585.00000  556.71492  4.84%  8333 11449s
 30276 16187  572.54926   75  453  585.00000  556.88122  4.81%  8280 11563s
 30858 16366  581.19761   57  446  585.00000  557.13612  4.76%  8172 11686s
 31460 16381  565.50945   44  659  585.00000  557.37388  4.72%  8066 11816s
 31854 16666  566.20704   50  595  585.00000  557.50470  4.70%  8004 11934s
 32451 16774     cutoff   77       585.00000  557.71511  4.66%  7908 12036s
 32929 16838  582.94062  102  382  585.00000  557.76486  4.66%  7829 12135s
 33299 16961  573.53033   64  534  585.00000  557.92093  4.63%  7779 12243s
 33711 17122  580.40549   71  508  585.00000  558.04305  4.61%  7721 12346s
 34104 17281  567.76766   60  550  585.00000  558.13074  4.59%  7671 12446s
 34554 17451  569.65864   56  597  585.00000  558.35554  4.55%  7610 12543s
 35021 17601  567.00978   59  589  585.00000  558.44926  4.54%  7546 12644s
 35504 17836  560.86833   54  658  585.00000  558.61749  4.51%  7479 12745s
 36102 17937  566.38236   48  598  585.00000  558.72106  4.49%  7396 12839s
 36627 18037  566.53500   51  668  585.00000  558.93150  4.46%  7326 12939s
 37042 18120     cutoff   76       585.00000  559.08193  4.43%  7275 13031s
 37437 18169  564.04958   60  642  585.00000  559.17488  4.41%  7230 13121s
 37731 18389  574.44511   52  657  585.00000  559.30471  4.39%  7204 13210s
 38212 18441  582.03618   51  569  585.00000  559.41382  4.37%  7145 13299s
 38602 18603  570.30760   57  556  585.00000  559.48298  4.36%  7103 13391s
 39089 18669  578.06740   60  431  585.00000  559.59669  4.34%  7047 13485s
 39430 18823  571.88179   63  574  585.00000  559.64805  4.33%  7014 13581s
 39870 18940  567.32843   59  607  585.00000  559.76747  4.31%  6970 13677s
 40329 19023  563.00853   53  739  585.00000  559.92615  4.29%  6924 13767s
 40738 19177  569.20595   64  633  585.00000  559.99430  4.27%  6885 13857s
 41150 19368  572.54689   68  547  585.00000  560.09243  4.26%  6845 13948s
 41619 19572  571.33829   53  625  585.00000  560.15210  4.25%  6799 14041s
 42188 19603  566.36247   50  629  585.00000  560.27285  4.23%  6742 14151s
 42596 19799  574.73373   60  597  585.00000  560.39430  4.21%  6709 14257s
 43148 19855  574.66602   60  523  585.00000  560.49442  4.19%  6658 14348s
 43593 19996  573.15079   53  644  585.00000  560.57930  4.17%  6616 14443s
 44055 20057  565.07238   51  697  585.00000  560.68845  4.16%  6575 14532s
 44377 20321  573.07736   49  458  585.00000  560.71874  4.15%  6553 14623s
 44948 20472  577.57720   62  395  585.00000  560.81680  4.13%  6499 14712s
 45447 20549  570.50939   51  499  585.00000  560.90075  4.12%  6457 14798s
 45845 20701  571.51029   54  641  585.00000  560.94089  4.11%  6426 14881s
 46335 20750  566.95039   51  620  585.00000  561.00299  4.10%  6384 14963s
 46678 20931     cutoff   48       585.00000  561.07634  4.09%  6360 15045s
 47189 21010  574.35661   56  636  585.00000  561.14314  4.08%  6319 15129s
 47586 21167  577.51117   67  475  585.00000  561.18499  4.07%  6290 15218s
 48042 21353  567.50631   48  785  585.00000  561.25622  4.06%  6253 15298s
 48515 21521  572.88496   55  598  585.00000  561.35189  4.04%  6217 15375s
 49025 21660  573.05447   53  581  585.00000  561.40482  4.03%  6179 15449s
 49502 21798  567.87626   54  518  585.00000  561.46796  4.02%  6145 15535s
 50015 21843  570.10762   50  498  585.00000  561.52635  4.01%  6107 15616s
 50399 21957  580.29422   56  521  585.00000  561.59061  4.00%  6083 15695s
 50829 22068  572.23065   64  536  585.00000  561.70001  3.98%  6054 15770s
 51227 22252  573.19035   52  637  585.00000  561.73773  3.98%  6027 15842s
 51685 22416  571.34641   61  651  585.00000  561.77821  3.97%  5997 15913s
 52177 22462  579.63479   71  414  585.00000  561.83061  3.96%  5965 15991s
 52620 22645  577.28285   55  535  585.00000  561.88876  3.95%  5934 16085s
 53134 22809  573.33807   56  586  585.00000  561.96363  3.94%  5905 16166s
 53640 22930  575.75618   67  424  585.00000  562.02960  3.93%  5871 16231s
 54096 22982  572.37652   53  465  585.00000  562.11069  3.91%  5842 16299s
 54452 23084  574.23321   57  415  585.00000  562.12645  3.91%  5819 16365s
 54919 23156  573.02272   55  623  585.00000  562.19317  3.90%  5791 16432s
 55312 23299  568.61310   46  691  585.00000  562.23165  3.89%  5768 16499s
 55821 23397  573.99329   56  586  585.00000  562.28075  3.88%  5734 16567s
 56265 23439  569.11515   57  704  585.00000  562.32958  3.88%  5708 16630s
 56711 23552  566.35287   52  660  585.00000  562.39554  3.86%  5682 16698s
 57130 23683  573.35161   60  584  585.00000  562.44357  3.86%  5658 16763s
 57556 23719  572.07755   57  479  585.00000  562.49003  3.85%  5634 16829s
 58027 23769  567.41209   50  585  585.00000  562.54307  3.84%  5608 16894s
 58451 23811  572.57719   54  629  585.00000  562.60961  3.83%  5584 16957s
 58863 23895  569.56877   60  657  585.00000  562.66412  3.82%  5562 17025s
 59259 24146  569.13714   50  661  585.00000  562.71113  3.81%  5541 17089s
 59711 24377  575.54303   66  401  585.00000  562.74284  3.80%  5517 17157s
 60102 24644  576.10383   59  536  585.00000  562.78983  3.80%  5497 17227s
 60568 24880  565.16798   50  725  585.00000  562.83708  3.79%  5472 17286s
 61020 25096  576.94117   51  595  585.00000  562.88231  3.78%  5447 17354s
 61437 25399  568.18167   56  749  585.00000  562.91302  3.78%  5427 17416s
 61908 25677  575.90446   51  374  585.00000  562.94181  3.77%  5404 17477s
 62334 26009  567.07245   50  755  585.00000  562.98197  3.76%  5382 17539s
 62807 26237  577.01146   51  577  585.00000  563.03193  3.76%  5359 17602s
 63282 26579  572.23116   48  653  585.00000  563.08923  3.75%  5335 17689s
 63872 26812  567.82360   47  677  585.00000  563.16053  3.73%  5308 17753s
 64258 27097  566.67170   48  739  585.00000  563.21450  3.72%  5290 17817s
 64711 27361  574.07745   53  562  585.00000  563.27416  3.71%  5269 17883s
 65168 27574  573.64029   55  640  585.00000  563.34621  3.70%  5248 17945s
 65578 27827  574.89143   54  643  585.00000  563.37982  3.70%  5230 18007s
 66088 28096  581.20086   60  635  585.00000  563.41508  3.69%  5206 18072s
 66611 28313  570.70594   59  599  585.00000  563.43320  3.69%  5179 18132s
 67100 28501  571.24270   56  568  585.00000  563.49657  3.68%  5156 18185s
 67462 28801  576.39874   56  531  585.00000  563.51940  3.67%  5142 18243s
 67922 29064  566.41341   55  668  585.00000  563.58738  3.66%  5122 18297s
 68268 29369  571.58904   55  709  585.00000  563.60620  3.66%  5109 18354s
 68691 29580  573.42491   56  474  585.00000  563.64427  3.65%  5092 18414s
 69075 29851  573.13070   63  678  585.00000  563.69971  3.64%  5076 18473s
 69510 30082  569.03564   49  675  585.00000  563.72766  3.64%  5060 18529s
 69888 30319  575.09234   59  394  585.00000  563.75220  3.63%  5045 18586s
 70335 30579  570.77826   59  607  585.00000  563.79786  3.62%  5027 18644s
 70825 30780  574.86965   59  456  585.00000  563.82337  3.62%  5006 18704s
 71276 30977  566.07819   50  696  585.00000  563.87447  3.61%  4989 18765s
 71608 31237  566.11452   55  768  585.00000  563.89668  3.61%  4977 18826s
 72088 31447  569.24099   60  706  585.00000  563.93646  3.60%  4958 18887s
 72511 31731  572.02941   53  610  585.00000  564.00946  3.59%  4942 18947s
 72957 32030  568.41730   48  691  585.00000  564.03277  3.58%  4925 19001s
 73379 32327  580.69969   84  537  585.00000  564.04847  3.58%  4909 19060s
 73849 32683  571.34794   66  645  585.00000  564.09173  3.57%  4892 19139s
 74514 32901     cutoff   63       585.00000  564.13580  3.57%  4867 19193s
 74911 33161  575.29121   55  627  585.00000  564.16109  3.56%  4853 19250s
 75357 33457  575.94515   61  517  585.00000  564.19240  3.56%  4836 19306s
 75788 33698  569.35801   50  763  585.00000  564.22039  3.55%  4821 19355s
 76178 33944  576.16466   72  502  585.00000  564.25646  3.55%  4808 19410s
 76612 34218  573.66147   61  600  585.00000  564.29180  3.54%  4793 19462s
 77090 34460  572.65269   47  700  585.00000  564.33999  3.53%  4776 19510s
 77524 34632  574.35511   58  580  585.00000  564.35991  3.53%  4761 19559s
 77903 34919  566.69690   54  688  585.00000  564.40501  3.52%  4749 19608s
 78343 35116  582.81276   80  397  585.00000  564.42241  3.52%  4734 19661s
 78710 35337  572.50049   55  693  585.00000  564.46156  3.51%  4722 19714s
 79080 35606  572.79010   50  566  585.00000  564.48657  3.51%  4711 19768s
 79522 35897  575.30649   55  687  585.00000  564.52252  3.50%  4696 19821s
 80017 36053  578.23041   51  570  585.00000  564.55602  3.49%  4678 19872s
 80363 36259  580.02208   55  463  585.00000  564.59997  3.49%  4669 19922s
 80793 36449  571.52097   51  728  585.00000  564.62101  3.48%  4656 19970s
 81131 36672  577.64112   56  662  585.00000  564.64262  3.48%  4647 20021s
 81593 36971  572.40745   51  607  585.00000  564.69845  3.47%  4633 20078s
 82055 37202  576.56595   65  468  585.00000  564.72496  3.47%  4617 20133s
 82523 37419  578.67771   63  353  585.00000  564.74951  3.46%  4602 20190s
 82929 37653  578.70812   57  492  585.00000  564.78030  3.46%  4589 20246s
 83378 37887  574.63435   49  551  585.00000  564.81163  3.45%  4575 20298s
 83849 38065  575.86267   58  614  585.00000  564.84453  3.45%  4562 20346s
 84191 38460  570.96023   50  655  585.00000  564.87915  3.44%  4553 20422s
 84852 38701  570.56080   49  663  585.00000  564.89727  3.44%  4534 20471s
 85291 38899  574.30113   67  384  585.00000  564.92378  3.43%  4521 20521s
 85716 39072  571.30708   63  560  585.00000  564.95471  3.43%  4509 20575s
 86030 39332  581.27924   63  516  585.00000  564.97437  3.42%  4500 20621s
 86456 39508  574.78234   48  685  585.00000  565.01888  3.42%  4488 20669s
 86786 39796  578.59459   64  499  585.00000  565.03388  3.41%  4478 20719s
 87279 40069  573.06035   59  492  585.00000  565.05566  3.41%  4463 20766s
 87745 40310  569.01828   57  623  585.00000  565.07596  3.41%  4449 20811s
 88205 40568  576.30876   61  608  585.00000  565.10372  3.40%  4437 20855s
 88604 40793  570.75847   59  582  585.00000  565.11475  3.40%  4426 20903s
 89056 40952  574.15660   58  528  585.00000  565.14346  3.39%  4413 20948s
 89410 41227  572.89416   64  630  585.00000  565.16039  3.39%  4405 20995s
 89802 41475  583.10510   76  495  585.00000  565.18846  3.39%  4394 21039s
 90226 41651  578.90794   64  531  585.00000  565.21952  3.38%  4384 21087s
 90541 41832  570.13922   54  553  585.00000  565.25145  3.38%  4378 21131s
 90849 42119  573.95460   70  542  585.00000  565.27482  3.37%  4373 21182s
 91313 42339  568.94820   55  670  585.00000  565.30700  3.37%  4360 21232s
 91682 42565  575.20702   47  465  585.00000  565.33398  3.36%  4353 21280s
 92133 42833  568.63183   57  677  585.00000  565.35839  3.36%  4341 21325s
 92542 43038 infeasible   61       585.00000  565.38883  3.35%  4331 21371s
 92945 43256  576.00399   72  558  585.00000  565.40963  3.35%  4322 21415s
 93353 43411  579.05658   62  426  585.00000  565.41538  3.35%  4312 21468s
 93643 43652  572.89003   60  630  585.00000  565.43552  3.34%  4304 21524s
 94186 43861  573.84082   55  674  585.00000  565.46631  3.34%  4290 21571s
 94591 44149  579.84485   53  638  585.00000  565.49850  3.33%  4281 21652s
 95135 44409  573.53551   65  633  585.00000  565.51868  3.33%  4268 21704s
 95653 44708  573.97823   57  536  585.00000  565.54586  3.33%  4255 21757s
 96202 44948  582.78519   47  584  585.00000  565.57766  3.32%  4241 21804s
 96621 45242  572.25672   60  631  585.00000  565.60641  3.32%  4231 21850s
 97137 45472  576.56522   57  425  585.00000  565.62878  3.31%  4218 21898s
 97533 45681  572.82478   49  722  585.00000  565.65575  3.31%  4209 21942s
 97928 45919  572.62261   62  606  585.00000  565.68972  3.30%  4201 21986s
 98364 46189  577.25105   65  512  585.00000  565.70927  3.30%  4191 22031s
 98847 46406  583.42198   63  501  585.00000  565.72521  3.29%  4179 22078s
 99258 46561  576.31766   57  580  585.00000  565.74114  3.29%  4171 22123s
 99643 46792  578.19561   66  500  585.00000  565.75818  3.29%  4163 22168s
 100108 46982  578.33182   65  516  585.00000  565.78773  3.28%  4152 22209s
 100497 47158  572.05102   54  740  585.00000  565.80696  3.28%  4144 22252s
 100899 47430  570.38356   57  631  585.00000  565.83967  3.28%  4136 22297s
 101338 47676  573.33890   59  690  585.00000  565.85877  3.27%  4127 22340s
 101792 47945  578.11664   66  476  585.00000  565.87213  3.27%  4117 22384s
 102258 48142  581.08576   61  532  585.00000  565.90416  3.26%  4106 22428s
 102628 48297  578.80380   60  372  585.00000  565.92567  3.26%  4100 22472s
 102973 48503  575.52620   60  533  585.00000  565.93442  3.26%  4093 22517s
 103377 48796  570.82781   56  650  585.00000  565.97387  3.25%  4086 22568s
 103903 48946  570.86988   51  796  585.00000  565.98859  3.25%  4073 22613s
 104307 49121  578.48115   50  533  585.00000  566.00587  3.25%  4065 22658s
 104768 49347  577.87712   52  582  585.00000  566.04253  3.24%  4056 22700s
 105213 49649     cutoff   67       585.00000  566.06310  3.24%  4046 22769s
 105845 49881  578.83693   61  445  585.00000  566.09859  3.23%  4034 22814s
 106311 50058  576.81191   49  647  585.00000  566.11467  3.23%  4025 22860s
 106615 50287  569.26722   58  645  585.00000  566.13051  3.23%  4019 22905s
 107047 50534  574.88497   60  567  585.00000  566.15476  3.22%  4011 22954s
 107454 50698  571.55107   61  609  585.00000  566.16695  3.22%  4004 23002s
 107923 50926  574.75879   60  639  585.00000  566.18509  3.22%  3995 23047s
 108409 51198  576.60300   70  494  585.00000  566.22165  3.21%  3986 23092s
 108896 51365  582.38160   91  504  585.00000  566.24294  3.21%  3976 23136s
 109321 51644  581.23714   66  592  585.00000  566.26213  3.20%  3969 23179s
 109831 51896  575.72805   55  668  585.00000  566.28266  3.20%  3959 23220s
 110304 52105  574.47280   56  523  585.00000  566.31094  3.19%  3949 23261s
 110682 52346  581.46629   65  468  585.00000  566.33468  3.19%  3943 23303s
 111204 52572  569.54698   61  660  585.00000  566.36634  3.19%  3932 23346s
 111594 52735  578.89427   58  527  585.00000  566.36995  3.18%  3926 23389s
 112039 52962  574.91256   57  448  585.00000  566.39842  3.18%  3919 23431s
 112600 53080  578.83563   64  415  585.00000  566.41358  3.18%  3906 23479s
 112913 53271  573.41261   57  645  585.00000  566.42911  3.17%  3901 23518s
 113305 53526  578.97576   82  515  585.00000  566.44585  3.17%  3894 23558s
 113752 53680  577.05292   66  530  585.00000  566.45982  3.17%  3886 23600s
 114167 53888  576.60735   59  566  585.00000  566.47753  3.17%  3878 23639s
 114623 54155  572.89844   72  569  585.00000  566.49472  3.16%  3870 23684s
 115112 54336  577.73303   57  642  585.00000  566.52037  3.16%  3861 23725s
 115556 54706  580.06106   53  633  585.00000  566.53866  3.16%  3853 23785s
 116284 54882  568.67004   59  652  585.00000  566.56904  3.15%  3840 23824s
 116664 55139  577.45595   52  506  585.00000  566.59050  3.15%  3833 23860s
 117165 55312  571.12998   61  639  585.00000  566.61110  3.14%  3824 23895s
 117523 55459  582.05294   77  436  585.00000  566.62072  3.14%  3818 23934s
 117881 55644  570.31310   53  535  585.00000  566.64852  3.14%  3812 23967s
 118262 55888  572.51177   60  600  585.00000  566.66673  3.13%  3807 24003s
 118660 56062  577.50343   65  660  585.00000  566.67846  3.13%  3800 24040s
 119073 56266  574.29382   54  402  585.00000  566.69819  3.13%  3794 24077s
 119509 56460  579.94289   59  558  585.00000  566.72397  3.12%  3787 24117s
 119982 56666  575.12090   59  641  585.00000  566.74527  3.12%  3778 24153s
 120360 56846  574.87366   69  555  585.00000  566.75818  3.12%  3773 24189s
 120715 57104  577.70654   59  509  585.00000  566.76637  3.12%  3768 24226s
 121222 57322  577.89099   61  638  585.00000  566.79480  3.11%  3759 24263s
 121672 57529  580.73486   51  433  585.00000  566.82103  3.11%  3751 24298s
 122108 57717  574.44128   53  501  585.00000  566.84691  3.10%  3744 24338s
 122512 57922  576.86011   67  604  585.00000  566.86439  3.10%  3737 24375s
 123000 58104  571.48011   51  624  585.00000  566.87909  3.10%  3729 24411s
 123339 58373  573.39998   56  476  585.00000  566.89110  3.10%  3725 24448s
 123794 58571  583.21044   53  462  585.00000  566.92269  3.09%  3718 24487s
 124184 58760  572.80395   58  569  585.00000  566.93330  3.09%  3712 24525s
 124575 58977  571.38183   57  653  585.00000  566.96034  3.08%  3707 24561s
 124952 59169  582.44943   76  355  585.00000  566.97404  3.08%  3701 24599s
 125442 59390  575.39727   57  585  585.00000  566.99050  3.08%  3694 24634s
 125877 59727  572.93545   52  578  585.00000  567.00351  3.08%  3687 24693s
 126543 59906  576.07198   66  594  585.00000  567.03109  3.07%  3677 24732s
 126986 60033  573.18497   56  576  585.00000  567.05196  3.07%  3670 24771s
 127251 60205  577.28446   51  537  585.00000  567.06634  3.07%  3667 24807s
 127677 60447  579.02251   52  378  585.00000  567.07701  3.06%  3661 24846s
 128101 60673  577.28026   60  530  585.00000  567.09699  3.06%  3655 24883s
 128559 60677  578.09400   69  530  585.00000  567.10848  3.06%  3649 24917s
 128563 60709  578.98474   70  539  585.00000  567.10848  3.06%  3649 24953s
 128624 60793  579.65445   71  629  585.00000  567.10848  3.06%  3648 24992s
 128829 61016  575.27531   58  676  585.00000  567.11481  3.06%  3644 25032s
 129253 61271  576.64330   58  483  585.00000  567.12598  3.06%  3639 25073s
 129778 61502  576.89068   53  639  585.00000  567.16741  3.05%  3631 25114s
 130239 61692  569.19611   58  665  585.00000  567.19060  3.04%  3625 25153s
 130731 61758  571.04452   52  543  585.00000  567.22073  3.04%  3618 25195s
 130886 61967  575.00146   51  452  585.00000  567.22989  3.04%  3616 25237s
 131369 62222  580.70358   58  638  585.00000  567.24128  3.04%  3609 25276s
 131863 62410  580.66974   58  504  585.00000  567.26265  3.03%  3602 25315s
 132342 62590  571.17536   55  708  585.00000  567.29134  3.03%  3596 25355s
 132734 62795  571.77666   73  734  585.00000  567.30433  3.02%  3591 25393s
 133189 62937  571.25098   55  582  585.00000  567.33281  3.02%  3585 25433s
 133571 63167  571.63445   57  726  585.00000  567.35344  3.02%  3581 25473s
 134008 63390  573.86075   57  668  585.00000  567.37350  3.01%  3576 25514s
 134484 63666  573.35336   49  650  585.00000  567.38310  3.01%  3570 25551s
 134997 63865     cutoff   86       585.00000  567.39834  3.01%  3562 25587s
 135396 64070  573.07458   60  508  585.00000  567.41356  3.01%  3558 25627s
 135724 64228  577.69933   63  569  585.00000  567.41956  3.01%  3554 25665s
 136140 64550  581.29486   69  528  585.00000  567.43954  3.00%  3549 25721s
 136799 64708  578.89492   59  518  585.00000  567.46058  3.00%  3541 25755s
 137192 64938  578.18329   73  647  585.00000  567.48822  2.99%  3536 25790s
 137619 65136  576.30636   63  597  585.00000  567.49883  2.99%  3531 25829s
 138012 65337  579.86766   61  546  585.00000  567.52227  2.99%  3526 25865s
 138464 65560  579.65449   62  492  585.00000  567.53950  2.98%  3520 25903s
 138884 65771  582.19803   63  479  585.00000  567.55216  2.98%  3515 25944s
 139328 65967  578.14064   57  631  585.00000  567.56801  2.98%  3509 25980s
 139708 66127     cutoff   73       585.00000  567.57935  2.98%  3505 26019s
 140079 66283  581.37804   53  420  585.00000  567.60264  2.97%  3502 26057s
 140441 66458  574.10456   67  668  585.00000  567.61837  2.97%  3498 26094s
 140877 66669  571.45769   53  690  585.00000  567.63226  2.97%  3493 26133s
 141264 66866  573.49900   63  603  585.00000  567.64227  2.97%  3488 26171s
 141752 67118  577.01893   70  553  585.00000  567.66135  2.96%  3482 26209s
 142212 67324  580.99310   60  425  585.00000  567.68100  2.96%  3477 26244s
 142590 67558  579.10582   59  658  585.00000  567.70161  2.96%  3473 26283s
 143076 67750  574.76520   52  553  585.00000  567.71851  2.95%  3467 26320s
 143571 67863     cutoff   55       585.00000  567.75792  2.95%  3461 26357s
 143844 68070  581.57482   55  466  585.00000  567.77447  2.94%  3458 26395s
 144354 68345  576.84552   52  518  585.00000  567.80303  2.94%  3452 26432s
 144846 68518  579.98316   55  582  585.00000  567.82469  2.94%  3446 26468s
 145234 68723  581.09693   60  639  585.00000  567.84390  2.93%  3442 26503s
 145749 68907  577.72321   52  597  585.00000  567.86509  2.93%  3436 26538s
 146205 69080  573.06189   58  615  585.00000  567.88286  2.93%  3430 26572s
 146565 69348  576.41162   64  810  585.00000  567.89623  2.92%  3427 26625s
 147155 69579  579.92041   58  576  585.00000  567.92658  2.92%  3421 26665s
 147637 69784  582.07283   56  610  585.00000  567.94694  2.92%  3416 26702s
 148122 69951  574.46078   60  501  585.00000  567.97105  2.91%  3410 26740s
 148591 70116  576.41734   59  563  585.00000  567.98267  2.91%  3405 26775s
 149087 70300  576.16430   67  484  585.00000  568.00181  2.91%  3399 26809s
 149579 70469  575.11992   58  494  585.00000  568.01740  2.90%  3393 26842s
 149901 70708  574.78863   61  715  585.00000  568.02682  2.90%  3390 26875s
 150304 70872  573.06516   72  595  585.00000  568.03608  2.90%  3386 26909s
 150649 71013  576.42589   62  585  585.00000  568.05136  2.90%  3383 26942s
 150982 71205  582.56296   60  302  585.00000  568.06363  2.90%  3380 26974s
 151394 71343  578.29839   51  602  585.00000  568.08252  2.89%  3376 27009s
 151732 71521  579.06245   59  586  585.00000  568.09430  2.89%  3372 27044s
 152183 71748  577.14602   66  611  585.00000  568.11335  2.89%  3367 27078s
 152603 71909  570.92368   55  693  585.00000  568.12512  2.88%  3363 27112s
 152947 72126  579.03771   59  580  585.00000  568.13468  2.88%  3360 27149s
 153408 72302  579.14579   65  412  585.00000  568.14622  2.88%  3355 27182s
 153907 72431  581.46321   52  611  585.00000  568.15908  2.88%  3350 27217s
 154265 72593  571.18503   65  710  585.00000  568.17449  2.88%  3347 27251s
 154600 72733  574.68470   49  557  585.00000  568.19007  2.87%  3344 27286s
 155032 72931  575.76126   70  648  585.00000  568.20343  2.87%  3340 27320s
 155564 73080  575.50868   56  600  585.00000  568.21216  2.87%  3334 27360s
 155872 73212  574.11550   62  534  585.00000  568.21575  2.87%  3332 27393s
 156261 73335  576.50809   56  614  585.00000  568.23368  2.87%  3328 27429s
 156502 73527  577.57512   60  715  585.00000  568.24034  2.86%  3326 27464s
 156891 73861  572.21793   52  685  585.00000  568.26044  2.86%  3322 27517s
 157569 73986  576.89388   59  491  585.00000  568.28695  2.86%  3315 27552s
 158000 74245     cutoff   67       585.00000  568.30368  2.85%  3311 27585s
 158455 74392  578.49236   64  538  585.00000  568.32776  2.85%  3306 27621s
 158827 74555  572.02244   55  576  585.00000  568.34111  2.85%  3303 27652s
 159202 74682  579.61671   58  619  585.00000  568.35238  2.85%  3300 27686s
 159596 74830  575.65601   51  506  585.00000  568.37121  2.84%  3296 27720s
 159938 74995  577.81934   63  610  585.00000  568.37961  2.84%  3294 27752s
 160382 75163  572.27837   62  656  585.00000  568.39809  2.84%  3290 27785s
 160830 75318  577.33911   56  684  585.00000  568.42058  2.83%  3286 27819s
 161306 75517  575.20788   67  546  585.00000  568.44247  2.83%  3281 27853s
 161750 75684  578.92911   58  529  585.00000  568.44942  2.83%  3277 27885s
 162158 75841  571.60466   50  655  585.00000  568.45964  2.83%  3273 27920s
 162546 76056     cutoff   60       585.00000  568.47240  2.83%  3269 27954s
 163063 76204  583.30817   59  483  585.00000  568.48920  2.82%  3264 27988s
 163446 76384  574.94284   63  490  585.00000  568.50656  2.82%  3261 28020s
 163826 76544  580.87992   64  544  585.00000  568.52260  2.82%  3258 28057s
 164234 76721  576.05534   52  691  585.00000  568.54032  2.81%  3255 28088s
 164621 76904  582.01049   49  650  585.00000  568.55615  2.81%  3252 28121s
 164975 77103     cutoff   66       585.00000  568.56148  2.81%  3249 28155s
 165404 77278  579.22680   67  524  585.00000  568.57893  2.81%  3245 28193s
 165828 77457  578.94156   50  558  585.00000  568.59384  2.80%  3241 28227s
 166201 77588  580.81307   65  595  585.00000  568.60515  2.80%  3238 28259s
 166547 77732  579.18150   59  541  585.00000  568.61807  2.80%  3236 28293s
 166923 77842  576.62260   58  567  585.00000  568.63128  2.80%  3233 28327s
 167316 78078  575.15017   73  605  585.00000  568.64878  2.80%  3230 28379s
 167888 78239  575.08896   65  625  585.00000  568.66936  2.79%  3226 28416s
 168343 78417  577.95954   54  675  585.00000  568.68988  2.79%  3222 28454s
 168824 78623  575.46469   60  596  585.00000  568.70676  2.79%  3218 28488s
 169350 78811  580.87045   59  492  585.00000  568.71665  2.78%  3213 28521s
 169768 78965  578.21214   63  516  585.00000  568.72760  2.78%  3209 28553s
 170183 79167  574.36558   50  520  585.00000  568.74112  2.78%  3206 28585s
 170663 79283  570.95075   62  606  585.00000  568.75417  2.78%  3201 28618s
 171081 79420  572.52455   46  609  585.00000  568.76522  2.78%  3198 28648s
 171421 79594  574.61709   57  692  585.00000  568.77505  2.77%  3196 28679s
 171834 79814  580.91130   61  482  585.00000  568.78949  2.77%  3192 28711s
 172283 79963  578.11067   53  660  585.00000  568.80064  2.77%  3188 28743s
 172697 80072  579.16449   60  503  585.00000  568.81736  2.77%  3185 28775s
 173116 80205  576.10678   66  446  585.00000  568.82664  2.76%  3182 28810s
 173392 80374  579.52247   54  602  585.00000  568.84012  2.76%  3180 28844s
 173813 80512     cutoff   57       585.00000  568.85203  2.76%  3177 28878s
 174156 80665     cutoff   45       585.00000  568.86807  2.76%  3175 28911s
 174627 80822  574.94679   62  607  585.00000  568.88900  2.75%  3171 28944s
 175067 80977  573.25830   59  650  585.00000  568.89990  2.75%  3168 28979s
 175478 81141  573.11202   53  731  585.00000  568.91634  2.75%  3164 29010s
 175864 81287  577.15172   62  557  585.00000  568.92736  2.75%  3161 29045s
 176283 81405  579.96121   57  626  585.00000  568.94584  2.74%  3158 29080s
 176621 81575  576.27875   62  641  585.00000  568.95899  2.74%  3156 29113s
 177052 81774  572.26823   65  649  585.00000  568.97285  2.74%  3153 29145s
 177457 81973  577.45317   72  580  585.00000  568.98029  2.74%  3150 29177s
 177923 82232  579.58805   72  509  585.00000  568.99266  2.74%  3146 29228s
 178490 82456  581.20164   66  577  585.00000  569.01593  2.73%  3142 29266s
 178998 82589  577.83721   57  574  585.00000  569.02483  2.73%  3138 29298s
 179381 82741  577.64687   59  443  585.00000  569.04256  2.73%  3135 29331s
 179792 82966  577.78498   57  642  585.00000  569.05664  2.73%  3132 29365s
 180267 83124  578.67366   57  347  585.00000  569.07057  2.72%  3128 29399s
 180673 83273  579.71936   60  627  585.00000  569.08197  2.72%  3125 29430s
 181061 83413  577.19030   70  577  585.00000  569.09156  2.72%  3123 29463s
 181456 83511  580.72508   59  531  585.00000  569.10531  2.72%  3120 29498s
 181801 83699  578.94639   62  563  585.00000  569.11466  2.72%  3117 29532s
 182298 83899  578.74458   58  599  585.00000  569.13754  2.71%  3113 29564s
 182672 84122  574.11519   62  595  585.00000  569.15079  2.71%  3111 29600s
 183162 84275  580.07481   57  492  585.00000  569.17061  2.71%  3107 29635s
 183628 84443  580.16761   75  396  585.00000  569.18836  2.70%  3104 29667s
 184112 84634     cutoff   56       585.00000  569.19682  2.70%  3100 29699s
 184544 84802  580.07660   66  577  585.00000  569.21211  2.70%  3097 29735s
 185019 84940  577.62031   59  509  585.00000  569.22270  2.70%  3093 29768s
 185446 85117  574.03301   56  547  585.00000  569.23803  2.69%  3090 29800s
 185884 85301  573.04641   62  597  585.00000  569.25369  2.69%  3087 29832s
 186313 85452     cutoff   66       585.00000  569.26895  2.69%  3084 29862s
 186782 85628  579.50515   53  639  585.00000  569.28326  2.69%  3080 29893s
 187198 85826  576.10011   66  540  585.00000  569.29277  2.68%  3077 29926s
 187722 85942  571.83348   59  676  585.00000  569.30846  2.68%  3073 29962s
 188090 86111  575.84891   64  488  585.00000  569.32471  2.68%  3070 29991s
 188534 86395  576.06609   66  648  585.00000  569.33644  2.68%  3067 30040s
 189162 86544  580.54895   72  541  585.00000  569.35537  2.67%  3062 30071s
 189585 86659  583.61981   49  520  585.00000  569.37618  2.67%  3060 30103s
 189964 86843  578.16407   57  706  585.00000  569.39162  2.67%  3057 30135s
 190418 86943  578.76067   55  451  585.00000  569.40621  2.67%  3054 30166s
 190791 87047  583.20365   61  464  585.00000  569.42549  2.66%  3051 30200s
 191064 87192  579.00538   68  541  585.00000  569.43236  2.66%  3050 30234s
 191517 87398  580.22499   51  538  585.00000  569.44756  2.66%  3047 30267s
 191922 87635  580.85730   72  527  585.00000  569.46662  2.66%  3044 30298s
 192413 87836 infeasible   64       585.00000  569.47838  2.65%  3041 30330s
 192841 88020  579.06586   68  573  585.00000  569.49226  2.65%  3038 30363s
 193325 88163     cutoff   67       585.00000  569.51339  2.65%  3035 30398s
 193700 88331  579.25727   59  396  585.00000  569.51927  2.65%  3033 30429s
 194153 88462  582.77913   70  543  585.00000  569.53871  2.64%  3030 30460s
 194497 88588  580.17429   58  393  585.00000  569.55017  2.64%  3028 30493s
 194921 88741  572.53905   63  601  585.00000  569.57157  2.64%  3026 30526s
 195352 88906  575.45026   63  550  585.00000  569.58028  2.64%  3023 30559s
 195825 89117  582.48648   72  563  585.00000  569.59644  2.63%  3020 30592s
 196289 89263  579.95098   60  403  585.00000  569.61525  2.63%  3016 30623s
 196718 89415  578.77500   59  155  585.00000  569.63466  2.63%  3014 30656s
 197115 89627  583.40147   61  609  585.00000  569.64609  2.62%  3011 30689s
 197611 89801  572.69146   57  658  585.00000  569.66173  2.62%  3008 30721s
 198036 89879     cutoff   55       585.00000  569.67225  2.62%  3005 30755s
 198352 90053  573.92232   58  603  585.00000  569.67873  2.62%  3003 30787s
 198784 90222  575.91282   61  503  585.00000  569.69329  2.62%  3000 30837s
 199347 90397  582.32131  104  556  585.00000  569.71397  2.61%  2998 30873s
 199904 90525  581.04720   69  469  585.00000  569.72873  2.61%  2994 30904s
 200263 90724  577.77346   64  645  585.00000  569.74335  2.61%  2992 30935s
 200780 90874     cutoff   63       585.00000  569.75924  2.61%  2988 30965s
 201154 91003  580.44456   54  577  585.00000  569.77640  2.60%  2986 30997s
 201530 91169  580.35576   61  505  585.00000  569.79173  2.60%  2984 31029s
 202023 91295  580.77295   69  544  585.00000  569.80723  2.60%  2981 31063s
 202462 91438  577.61512   55  573  585.00000  569.82822  2.59%  2978 31096s
 202837 91581  580.44556   52  643  585.00000  569.84036  2.59%  2976 31126s
 203279 91698  579.18603   60  424  585.00000  569.85418  2.59%  2973 31155s
 203657 91861  580.71249   82  541  585.00000  569.86723  2.59%  2972 31186s
 204095 92047  579.62387   56  471  585.00000  569.88155  2.58%  2969 31216s
 204520 92224  582.29390   80  622  585.00000  569.89124  2.58%  2966 31248s
 204956 92355  577.43660   51  467  585.00000  569.90113  2.58%  2964 31279s
 205358 92484  578.28906   61  585  585.00000  569.91716  2.58%  2962 31310s
 205822 92629  577.49449   72  630  585.00000  569.93175  2.58%  2958 31340s
 206181 92776     cutoff   61       585.00000  569.94200  2.57%  2956 31370s
 206639 92960  576.74546   68  640  585.00000  569.95056  2.57%  2953 31400s
 207077 93073  576.27894   55  712  585.00000  569.96275  2.57%  2951 31429s
 207474 93227  582.29654   47  532  585.00000  569.97400  2.57%  2949 31459s
 207852 93434  574.73603   63  646  585.00000  569.99318  2.57%  2947 31492s
 208352 93597     cutoff   70       585.00000  570.00126  2.56%  2943 31523s
 208694 93733     cutoff   83       585.00000  570.00903  2.56%  2942 31555s
 209075 93914  577.65040   68  615  585.00000  570.02395  2.56%  2939 31603s
 209735 94057  576.06884   51  650  585.00000  570.04364  2.56%  2936 31634s
 210180 94196  581.40606   76  608  585.00000  570.05871  2.55%  2933 31664s
 210504 94369  572.74775   63  645  585.00000  570.06756  2.55%  2932 31696s
 210977 94538  576.79227   54  652  585.00000  570.08011  2.55%  2929 31727s
 211405 94691  577.75408   59  525  585.00000  570.09843  2.55%  2927 31757s
 211857 94812     cutoff   67       585.00000  570.11027  2.55%  2924 31786s
 212193 94984  577.84786   60  370  585.00000  570.12140  2.54%  2923 31816s
 212628 95101  573.85360   55  485  585.00000  570.13017  2.54%  2920 31846s
 213054 95230  580.73808   51  562  585.00000  570.14385  2.54%  2918 31874s
 213523 95403  574.92800   63  567  585.00000  570.15659  2.54%  2915 31906s
 213927 95593  579.24269   52  345  585.00000  570.16611  2.54%  2913 31936s
 214359 95775  577.31221   68  584  585.00000  570.17183  2.53%  2910 31966s
 214756 95845  578.56950   59  514  585.00000  570.18182  2.53%  2908 31997s
 215015 95976  582.93223   48  594  585.00000  570.18956  2.53%  2907 32026s
 215422 96099  582.29736   57  480  585.00000  570.19775  2.53%  2905 32057s
 215896 96271  574.77012   58  684  585.00000  570.20832  2.53%  2902 32087s
 216358 96422  576.30464   55  505  585.00000  570.22144  2.53%  2899 32117s
 216750 96583  577.75327   63  615  585.00000  570.23189  2.52%  2897 32148s
 217136 96741  578.71383   64  600  585.00000  570.24229  2.52%  2896 32179s
 217613 96783  578.75746   56  574  585.00000  570.25569  2.52%  2893 32212s
 217869 96949  576.23505   65  637  585.00000  570.25987  2.52%  2891 32243s
 218352 97077  573.16933   63  508  585.00000  570.27543  2.52%  2889 32273s
 218713 97239  580.50459   53  589  585.00000  570.28834  2.51%  2887 32303s
 219138 97375  575.70180   59  448  585.00000  570.30017  2.51%  2885 32335s
 219526 97637  572.46228   55  538  585.00000  570.31556  2.51%  2883 32381s
 220222 97773  577.25975   61  492  585.00000  570.33311  2.51%  2879 32413s
 220633 97885  583.38791   70  515  585.00000  570.34525  2.51%  2877 32442s
 221008 98051  581.01398   53  618  585.00000  570.35458  2.50%  2875 32471s
 221465 98190  580.05527   57  600  585.00000  570.36879  2.50%  2873 32500s
 221883 98336  574.48591   52  603  585.00000  570.37961  2.50%  2871 32529s
 222432 98484  573.96115   60  744  585.00000  570.39348  2.50%  2867 32558s
 222799 98583  581.04504   55  517  585.00000  570.40005  2.50%  2865 32584s
 223168 98721  576.90477   50  533  585.00000  570.41857  2.49%  2864 32613s
 223542 98867  582.51400   54  621  585.00000  570.42561  2.49%  2862 32645s
 223945 99039  581.10794   51  567  585.00000  570.43530  2.49%  2860 32673s
 224334 99186  575.84116   71  594  585.00000  570.44299  2.49%  2858 32703s
 224737 99287     cutoff   61       585.00000  570.45075  2.49%  2856 32732s
 225154 99420  575.44940   52  638  585.00000  570.46088  2.49%  2854 32762s
 225462 99571  580.79294   55  524  585.00000  570.47259  2.48%  2853 32790s
 225903 99668  578.65407   49  566  585.00000  570.48578  2.48%  2850 32819s
 226250 99835  577.71868   73  662  585.00000  570.49777  2.48%  2849 32848s
 226734 99941     cutoff   57       585.00000  570.50939  2.48%  2847 32877s
 227150 100053  578.59757   59  632  585.00000  570.51867  2.48%  2844 32905s
 227593 100199  574.19850   56  572  585.00000  570.53067  2.47%  2842 32934s
 228033 100332  583.60538   62  403  585.00000  570.54456  2.47%  2840 32967s
 228464 100490  575.14166   68  647  585.00000  570.55546  2.47%  2838 32996s
 228853 100607  574.13562   51  733  585.00000  570.56416  2.47%  2836 33024s
 229269 100742  583.56063   67  704  585.00000  570.58362  2.46%  2834 33053s
 229628 100833  579.54861   57  520  585.00000  570.59332  2.46%  2833 33082s
 230040 101039  576.23067   55  692  585.00000  570.60612  2.46%  2831 33128s
 230762 101186  583.27907   58  531  585.00000  570.62598  2.46%  2827 33155s
 231194 101356  578.16658   55  779  585.00000  570.64026  2.45%  2825 33182s
 231553 101475  579.34713   58  546  585.00000  570.64610  2.45%  2823 33209s
 231905 101608  581.87375   62  552  585.00000  570.66177  2.45%  2822 33238s
 232287 101759     cutoff   63       585.00000  570.67648  2.45%  2820 33266s
 232724 101858  576.19750   61  471  585.00000  570.68417  2.45%  2818 33295s
 233137 101996  578.94518   60  701  585.00000  570.69365  2.45%  2816 33323s
 233556 102161  583.23802   56  602  585.00000  570.70666  2.44%  2814 33349s
 233975 102284  575.03838   59  598  585.00000  570.71946  2.44%  2812 33377s
 234357 102379  576.23841   59  475  585.00000  570.72711  2.44%  2810 33405s
 234775 102567  574.83932   53  476  585.00000  570.73714  2.44%  2809 33435s
 235239 102717     cutoff   64       585.00000  570.75002  2.44%  2806 33463s
 235661 102833  576.95898   50  671  585.00000  570.76167  2.43%  2804 33495s
 236069 102948  575.02563   60  691  585.00000  570.77011  2.43%  2802 33524s
 236400 103066  576.81104   64  674  585.00000  570.78024  2.43%  2801 33552s
 236794 103215  581.39164   65  433  585.00000  570.79199  2.43%  2799 33579s
 237195 103411  578.48043   56  514  585.00000  570.80196  2.43%  2797 33608s
 237630 103531     cutoff   59       585.00000  570.80917  2.43%  2795 33635s
 237999 103616     cutoff   58       585.00000  570.81880  2.42%  2793 33664s
 238386 103797  582.84880   64  639  585.00000  570.83810  2.42%  2792 33693s
 238812 103894  581.32951   56  489  585.00000  570.84933  2.42%  2790 33726s
 239165 104004  579.34340   62  685  585.00000  570.86270  2.42%  2789 33755s
 239561 104135  577.17337   62  624  585.00000  570.87164  2.42%  2787 33783s
 239990 104267  580.71604   68  533  585.00000  570.88719  2.41%  2785 33813s
 240413 104484  576.90738   62  725  585.00000  570.90144  2.41%  2783 33857s
 241058 104640  578.71534   61  607  585.00000  570.91680  2.41%  2781 33886s
 241459 104792  582.38908   59  595  585.00000  570.92551  2.41%  2779 33915s
 241907 104951  576.94080   56  605  585.00000  570.93539  2.40%  2777 33944s
 242337 105061  582.78610   59  441  585.00000  570.94429  2.40%  2775 33971s
 242710 105151  575.51140   67  571  585.00000  570.95780  2.40%  2773 34000s
 243065 105263  582.35932   49  590  585.00000  570.97209  2.40%  2772 34028s
 243493 105365  577.24569   65  422  585.00000  570.98964  2.39%  2770 34055s
 243875 105534  576.32295   57  620  585.00000  571.00036  2.39%  2769 34084s
 244310 105643  575.90481   64  690  585.00000  571.01432  2.39%  2767 34116s
 244658 105797  580.32076   63  621  585.00000  571.02274  2.39%  2766 34145s
 245119 105906  575.59561   67  703  585.00000  571.03207  2.39%  2763 34175s
 245557 106062  574.04995   54  649  585.00000  571.04326  2.39%  2761 34204s
 245953 106202  577.28501   63  581  585.00000  571.04979  2.38%  2760 34235s
 246402 106376  574.11682   57  621  585.00000  571.06288  2.38%  2758 34263s
 246828 106540  581.50019   51  419  585.00000  571.06997  2.38%  2756 34292s
 247260 106645  574.03751   77  661  585.00000  571.08069  2.38%  2754 34324s
 247631 106757     cutoff   56       585.00000  571.08821  2.38%  2753 34355s
 248041 106832  581.29214   69  523  585.00000  571.10148  2.38%  2751 34386s
 248302 106936 infeasible   60       585.00000  571.10715  2.37%  2750 34415s
 248693 107064  581.87150   61  430  585.00000  571.11742  2.37%  2749 34445s
 249060 107159     cutoff   58       585.00000  571.12838  2.37%  2747 34473s
 249383 107307  578.55404   58  626  585.00000  571.14035  2.37%  2747 34504s
 249852 107390  582.61168   68  519  585.00000  571.15270  2.37%  2745 34535s
 250220 107526  576.89929   57  748  585.00000  571.16215  2.37%  2743 34564s
 250679 107687  578.96892   75  512  585.00000  571.17373  2.36%  2741 34608s
 251470 107790  574.81920   49  661  585.00000  571.19735  2.36%  2738 34634s
 251606 107790  578.21618   69  492  585.00000  571.19949  2.36%  2737 34635s
 251734 107920  578.51673   65  420  585.00000  571.20434  2.36%  2737 34660s
 252148 108048  582.39886   57  675  585.00000  571.21375  2.36%  2735 34686s
 252591 108171  576.72060   70  538  585.00000  571.22381  2.35%  2733 34713s
 252913 108283  577.36939   65  450  585.00000  571.23109  2.35%  2731 34741s
 253281 108388  579.28321   57  438  585.00000  571.23559  2.35%  2729 34767s
 253661 108527  574.20165   56  594  585.00000  571.24790  2.35%  2728 34794s
 254117 108669  579.62068   62  636  585.00000  571.25722  2.35%  2726 34819s
 254517 108804  583.93856   69  472  585.00000  571.26582  2.35%  2724 34850s
 254939 108875     cutoff   56       585.00000  571.27350  2.35%  2722 34877s
 255265 109051     cutoff   53       585.00000  571.28815  2.34%  2721 34904s
 255716 109199  577.06490   54  573  585.00000  571.29725  2.34%  2719 34930s
 256116 109284  579.19837   64  615  585.00000  571.30419  2.34%  2718 34961s
 256386 109418  578.04113   67  420  585.00000  571.31344  2.34%  2717 34988s
 256831 109532  579.12462   52  655  585.00000  571.32197  2.34%  2715 35015s
 257239 109604  577.59463   60  439  585.00000  571.32968  2.34%  2714 35042s
 257664 109735  583.22467   51  460  585.00000  571.33999  2.34%  2712 35069s
 258057 109883  575.91850   59  634  585.00000  571.34860  2.33%  2711 35095s
 258436 109983  579.25573   72  637  585.00000  571.35646  2.33%  2709 35123s
 258819 110081  578.64733   58  440  585.00000  571.36892  2.33%  2708 35150s
 259261 110203  574.73512   72  658  585.00000  571.37904  2.33%  2706 35176s
 259643 110314  580.13454   62  555  585.00000  571.38969  2.33%  2705 35206s
 260034 110484  577.65973   63  671  585.00000  571.40239  2.32%  2704 35234s
 260442 110622  578.93617   63  561  585.00000  571.41166  2.32%  2703 35264s
 260865 110740  580.91588   65  650  585.00000  571.42162  2.32%  2701 35292s
 261244 110926  583.91382   62  675  585.00000  571.42912  2.32%  2700 35336s
 261915 111064  576.29161   52  695  585.00000  571.44409  2.32%  2697 35363s
 262305 111207  581.89804   52  455  585.00000  571.45394  2.32%  2696 35389s
 262656 111320  579.86398   67  518  585.00000  571.46467  2.31%  2694 35417s
 263064 111482  577.60540   54  577  585.00000  571.47441  2.31%  2693 35444s
 263492 111605  580.33231   78  563  585.00000  571.48593  2.31%  2691 35474s
 263923 111738  583.29542   55  349  585.00000  571.49717  2.31%  2690 35501s
 264353 111848  576.43472   62  407  585.00000  571.50563  2.31%  2688 35529s
 264729 111913  582.45563   56  436  585.00000  571.51803  2.30%  2687 35558s
 265047 111984  577.95403   61  677  585.00000  571.52711  2.30%  2686 35586s
 265401 112005  576.31026   56  584  585.00000  571.53538  2.30%  2685 35616s
 265477 112092     cutoff   65       585.00000  571.53686  2.30%  2685 35649s
 265849 112230  578.01599   58  453  585.00000  571.54643  2.30%  2684 35679s
 266294 112391  581.31918   62  524  585.00000  571.55714  2.30%  2682 35709s
 266735 112488  578.06862   62  630  585.00000  571.56851  2.30%  2680 35741s
 267142 112609  577.73407   59  635  585.00000  571.57765  2.29%  2679 35771s
 267510 112714  581.38256   53  693  585.00000  571.59048  2.29%  2678 35802s
 267956 112848  581.84635   58  547  585.00000  571.60018  2.29%  2677 35831s
 268384 112945  582.24828   77  608  585.00000  571.61368  2.29%  2675 35861s
 268827 113100  573.02621   66  678  585.00000  571.62145  2.29%  2674 35890s
 269258 113264  582.48143   46  645  585.00000  571.63065  2.29%  2672 35920s
 269697 113416  577.50173   79  476  585.00000  571.64159  2.28%  2670 35950s
 270130 113518  583.94588   72  627  585.00000  571.65300  2.28%  2669 35980s
 270528 113648  582.02162   66  511  585.00000  571.65977  2.28%  2667 36009s
 270971 113805  583.12611   60  574  585.00000  571.66920  2.28%  2666 36038s
 271482 113933  576.65664   50  717  585.00000  571.67992  2.28%  2664 36081s
 272018 114034     cutoff   69       585.00000  571.69051  2.28%  2662 36111s
 272481 114218  578.49144   60  543  585.00000  571.70348  2.27%  2661 36141s
 273023 114340  581.01899   67  521  585.00000  571.71156  2.27%  2659 36168s
 273441 114384  580.01145   64  597  585.00000  571.72390  2.27%  2657 36199s
 273575 114490  583.07600   65  714  585.00000  571.72611  2.27%  2657 36229s
 274032 114595  579.92839   58  401  585.00000  571.73906  2.27%  2655 36257s
 274498 114714  579.16985   63  450  585.00000  571.75077  2.26%  2654 36286s
 274981 114877  583.00582   73  570  585.00000  571.76692  2.26%  2652 36312s
 275431 114978  581.81777   60  456  585.00000  571.77779  2.26%  2650 36339s
 275880 115118  575.89339   65  621  585.00000  571.78427  2.26%  2649 36368s
 276319 115232  581.36743   66  538  585.00000  571.79648  2.26%  2647 36397s
 276711 115348  574.07116   67  781  585.00000  571.80576  2.26%  2646 36423s
 277105 115402  581.43915   60  289  585.00000  571.81501  2.25%  2645 36449s
 277493 115528  582.53261   82  361  585.00000  571.83023  2.25%  2644 36476s
 277929 115615  577.57260   55  636  585.00000  571.83925  2.25%  2642 36505s
 278306 115733  576.30612   53  623  585.00000  571.84658  2.25%  2641 36531s
 278664 115795  575.56016   51  546  585.00000  571.85371  2.25%  2640 36559s
 279049 115894     cutoff   59       585.00000  571.86110  2.25%  2639 36588s
 279459 116001  581.84451   81  468  585.00000  571.87271  2.24%  2638 36615s
 279861 116125  581.70859   63  433  585.00000  571.88366  2.24%  2637 36642s
 280338 116262  582.18685   68  601  585.00000  571.89504  2.24%  2635 36669s
 280817 116380  579.15570   66  679  585.00000  571.90252  2.24%  2633 36698s
 281211 116536  580.47695   67  512  585.00000  571.91028  2.24%  2632 36725s
 281642 116552  579.66693   63  569  585.00000  571.92569  2.23%  2631 36752s
 281680 116598  579.89295   64  528  585.00000  571.92569  2.23%  2630 36779s
 281841 116708  582.24889   65  523  585.00000  571.92653  2.23%  2630 36820s
 282271 116805  581.06152   64  652  585.00000  571.93560  2.23%  2628 36859s
 282837 116943  576.14746   59  532  585.00000  571.95300  2.23%  2627 36891s
 283309 117045     cutoff   58       585.00000  571.96962  2.23%  2625 36922s
 283722 117193  582.81860   71  386  585.00000  571.98041  2.23%  2624 36953s
 284198 117296  579.55128   72  729  585.00000  571.99146  2.22%  2623 36983s
 284578 117380  581.13854   62  461  585.00000  572.00238  2.22%  2622 37015s
 285053 117500  579.34008   71  588  585.00000  572.01602  2.22%  2620 37046s
 285484 117594  578.30256   59  659  585.00000  572.02733  2.22%  2619 37077s
 285873 117755  578.61438   69  546  585.00000  572.03293  2.22%  2618 37107s
 286371 117859     cutoff   59       585.00000  572.04855  2.21%  2616 37136s
 286848 118007  575.59197   52  595  585.00000  572.06158  2.21%  2615 37164s
 287349 118093  579.59235   50  438  585.00000  572.07368  2.21%  2613 37193s
 287790 118227  580.15435   67  537  585.00000  572.08187  2.21%  2612 37221s
 288276 118383  583.85921   59  360  585.00000  572.09116  2.21%  2610 37250s
 288783 118489  579.49881   58  559  585.00000  572.10011  2.21%  2608 37278s
 289147 118572  579.23088   52  446  585.00000  572.10691  2.20%  2607 37307s
 289635 118640  583.40843   65  743  585.00000  572.11815  2.20%  2605 37334s
 290077 118776  576.20089   66  631  585.00000  572.12809  2.20%  2604 37362s
 290510 118910  580.77453   64  599  585.00000  572.13458  2.20%  2603 37389s
 290915 118979  579.74133   65  602  585.00000  572.14335  2.20%  2601 37417s
 291286 119087  581.02400   71  660  585.00000  572.15619  2.20%  2600 37444s
 291673 119184  581.89332   63  496  585.00000  572.16602  2.19%  2600 37472s
 292107 119411  579.91744   66  462  585.00000  572.17580  2.19%  2598 37514s
 292777 119519  576.48929   64  657  585.00000  572.18823  2.19%  2596 37540s
 293109 119632  581.13471   57  630  585.00000  572.19909  2.19%  2595 37567s
 293524 119798  579.83561   65  649  585.00000  572.20993  2.19%  2594 37595s
 293984 119861  577.23939   56  528  585.00000  572.21852  2.18%  2592 37621s
 294365 119964  583.48404   64  633  585.00000  572.22959  2.18%  2591 37647s
 294800 120047  583.40973   64  546  585.00000  572.23553  2.18%  2590 37673s
 295177 120163  582.63593   59  487  585.00000  572.24588  2.18%  2589 37702s
 295569 120286  578.18381   61  605  585.00000  572.25708  2.18%  2587 37729s
 296011 120371     cutoff   65       585.00000  572.26208  2.18%  2586 37757s
 296381 120494  580.42374   65  578  585.00000  572.26924  2.18%  2585 37785s
 296867 120593     cutoff   67       585.00000  572.28060  2.17%  2584 37813s
 297270 120687     cutoff   57       585.00000  572.28784  2.17%  2582 37839s
 297729 120790  578.76610   59  661  585.00000  572.29897  2.17%  2581 37867s
 298143 120888  578.09395   65  504  585.00000  572.30379  2.17%  2580 37893s
 298543 120981  576.82045   61  589  585.00000  572.31488  2.17%  2579 37921s
 298963 121097  583.49259   55  624  585.00000  572.32322  2.17%  2577 37949s
 299414 121232  582.46122   61  486  585.00000  572.33332  2.17%  2576 37976s
 299807 121306     cutoff   76       585.00000  572.34174  2.16%  2575 38004s
 300115 121459  581.63113   59  428  585.00000  572.34905  2.16%  2574 38030s
 300589 121588  583.73213   74  550  585.00000  572.35796  2.16%  2573 38058s
 301060 121692  580.08589   76  605  585.00000  572.36865  2.16%  2571 38086s
 301490 121802     cutoff   67       585.00000  572.37866  2.16%  2570 38111s
 301936 121895  579.23414   66  534  585.00000  572.38783  2.16%  2569 38137s
 302376 121973  580.88975   54  472  585.00000  572.40193  2.15%  2567 38181s
 302855 122075  577.29685   60  646  585.00000  572.40983  2.15%  2566 38216s
 303345 122192  579.85441   69  646  585.00000  572.42384  2.15%  2565 38248s
 303872 122280  579.87303   69  648  585.00000  572.43515  2.15%  2564 38277s
 304267 122333  577.51847   72  601  585.00000  572.44313  2.15%  2563 38307s
 304623 122433  578.73028   70  579  585.00000  572.45181  2.14%  2563 38336s
 304964 122537     cutoff   59       585.00000  572.46416  2.14%  2562 38367s
 305440 122642  580.24257   64  530  585.00000  572.47300  2.14%  2561 38398s
 305927 122760     cutoff   72       585.00000  572.48386  2.14%  2560 38427s
 306367 122817  577.58123   63  855  585.00000  572.49432  2.14%  2559 38456s
 306732 122962  580.15643   65  483  585.00000  572.50363  2.14%  2558 38485s
 307192 123077  580.37546   59  475  585.00000  572.51459  2.13%  2557 38514s
 307736 123175  582.34000   57  139  585.00000  572.52629  2.13%  2555 38542s
 308238 123302  575.89367   53  708  585.00000  572.54356  2.13%  2554 38572s
 308679 123398  583.39893   55  582  585.00000  572.55544  2.13%  2552 38602s
 309111 123497  579.78241   52  468  585.00000  572.56527  2.13%  2551 38630s
 309602 123588  578.26836   62  596  585.00000  572.57745  2.12%  2550 38659s
 309991 123663  579.18531   63  648  585.00000  572.58536  2.12%  2549 38691s
 310389 123761  577.64615   56  717  585.00000  572.59145  2.12%  2548 38718s
 310808 123884  582.22418   68  559  585.00000  572.60175  2.12%  2547 38746s
 311300 123987  577.84615   64  592  585.00000  572.61251  2.12%  2545 38773s
 311742 124117  580.20633   62  605  585.00000  572.62163  2.12%  2544 38800s
 312178 124234  576.42272   58  359  585.00000  572.62736  2.11%  2543 38827s
 312567 124365     cutoff   71       585.00000  572.63627  2.11%  2542 38856s
 313037 124543  579.83690   49  538  585.00000  572.64748  2.11%  2541 38895s
 313710 124586  577.87995   71  534  585.00000  572.65818  2.11%  2539 38919s
 314077 124650     cutoff   70       585.00000  572.66778  2.11%  2538 38945s
 314393 124753  583.16554   53  412  585.00000  572.67780  2.11%  2537 38972s
 314771 124816  581.78358   66  508  585.00000  572.68259  2.11%  2537 38999s
 315271 124859  581.98227   61  576  585.00000  572.69541  2.10%  2535 39028s
 315467 124922  579.34196   57  559  585.00000  572.70017  2.10%  2535 39056s
 315954 125027     cutoff   64       585.00000  572.71171  2.10%  2533 39083s
 316397 125090  577.97598   60  465  585.00000  572.72194  2.10%  2532 39110s
 316822 125264  580.03579   54  505  585.00000  572.73473  2.10%  2531 39135s
 317340 125390     cutoff   57       585.00000  572.74505  2.09%  2529 39163s
 317819 125470  581.62004   61  641  585.00000  572.75760  2.09%  2528 39188s
 318270 125586  578.83701   63  540  585.00000  572.76845  2.09%  2527 39213s
 318712 125691  576.58474   66  537  585.00000  572.77600  2.09%  2525 39239s
 319180 125793  576.79471   64  699  585.00000  572.78556  2.09%  2524 39265s
 319621 125865     cutoff   55       585.00000  572.79791  2.09%  2523 39289s
 320034 125950  578.95757   51  594  585.00000  572.80731  2.08%  2522 39315s
 320407 125995  583.98994   72  370  585.00000  572.81572  2.08%  2521 39341s
 320709 126130  583.51223   72  546  585.00000  572.82652  2.08%  2521 39366s
 321108 126180  582.14596   61  439  585.00000  572.83399  2.08%  2520 39391s
 321411 126298  578.14626   55  635  585.00000  572.84213  2.08%  2520 39416s
 321860 126372  583.62594   50  579  585.00000  572.85201  2.08%  2518 39441s
 322283 126441     cutoff   57       585.00000  572.86174  2.07%  2517 39467s
 322764 126576     cutoff   64       585.00000  572.87196  2.07%  2516 39493s
 323228 126658  579.05603   58  564  585.00000  572.88176  2.07%  2514 39519s
 323667 126813  577.04194   56  603  585.00000  572.89190  2.07%  2513 39559s
 324296 126890  580.80028   59  608  585.00000  572.90122  2.07%  2512 39588s
 324696 126926  576.43058   69  726  585.00000  572.91208  2.07%  2511 39618s
 324860 127027 infeasible   65       585.00000  572.91423  2.07%  2510 39651s
 325315 127162     cutoff   64       585.00000  572.92180  2.06%  2509 39681s
 325870 127230     cutoff   57       585.00000  572.93184  2.06%  2508 39708s
 326331 127385  580.24396   74  577  585.00000  572.94467  2.06%  2507 39736s
 326813 127497  576.07999   52  737  585.00000  572.95461  2.06%  2505 39762s
 327324 127605     cutoff   54       585.00000  572.96393  2.06%  2504 39789s
 327786 127706     cutoff   58       585.00000  572.97107  2.06%  2502 39815s
 328236 127785  576.64125   49  780  585.00000  572.97942  2.05%  2501 39842s
 328619 127823  582.90128   54  672  585.00000  572.99012  2.05%  2500 39868s
 329021 127866  582.44225   68  572  585.00000  572.99865  2.05%  2500 39897s
 329228 127937  579.36830   61  605  585.00000  573.00327  2.05%  2499 39924s
 329603 128005  582.03735   70  632  585.00000  573.00975  2.05%  2499 39951s
 330027 128082  577.45735   57  629  585.00000  573.02073  2.05%  2498 39979s
 330456 128185  581.03867   65  517  585.00000  573.02908  2.05%  2497 40005s
 330902 128270  582.67631   62  589  585.00000  573.03896  2.04%  2496 40033s
 331291 128413  579.50721   71  644  585.00000  573.04954  2.04%  2495 40058s
 331806 128520  578.79428   72  476  585.00000  573.05692  2.04%  2493 40084s
 332209 128617     cutoff   71       585.00000  573.06716  2.04%  2492 40110s
 332596 128701  578.83555   63  415  585.00000  573.07573  2.04%  2492 40136s
 332978 128788     cutoff   70       585.00000  573.08275  2.04%  2491 40163s
 333362 128837  579.88261   58  425  585.00000  573.09310  2.04%  2490 40190s
 333838 128943 infeasible   65       585.00000  573.10534  2.03%  2489 40216s
 334304 129122  583.10515   56  780  585.00000  573.11502  2.03%  2488 40257s
 334962 129180     cutoff   64       585.00000  573.13069  2.03%  2486 40283s
 335313 129320  578.28625   64  591  585.00000  573.14080  2.03%  2486 40309s
 335787 129411  578.72165   67  662  585.00000  573.14942  2.03%  2484 40334s
 336198 129499  577.67756   58  702  585.00000  573.15705  2.02%  2483 40359s
 336612 129671  581.78053   51  688  585.00000  573.16540  2.02%  2483 40385s
 337124 129760  580.33012   62  550  585.00000  573.17453  2.02%  2481 40410s
 337483 129852  582.01344   67  568  585.00000  573.18414  2.02%  2480 40435s
 337928 129966  579.86391   49  477  585.00000  573.19191  2.02%  2479 40460s
 338340 130041  581.73260   53  532  585.00000  573.19873  2.02%  2478 40486s
 338784 130144  583.04675   81  625  585.00000  573.20425  2.02%  2477 40510s
 339166 130242  582.32596   84  538  585.00000  573.21172  2.02%  2476 40534s
 339565 130344  582.80007   54  705  585.00000  573.22489  2.01%  2475 40559s
 339953 130354  582.62381   58  462  585.00000  573.23253  2.01%  2475 40583s
 340284 130411  577.62840   56  568  585.00000  573.24266  2.01%  2474 40610s
 340741 130455  580.45850   54  498  585.00000  573.25467  2.01%  2473 40637s
 341193 130515     cutoff   64       585.00000  573.26133  2.01%  2472 40662s
 341544 130555  582.07057   63  546  585.00000  573.26978  2.01%  2471 40687s
 341935 130617  581.24909   68  535  585.00000  573.28052  2.00%  2471 40713s
 342323 130732  581.95136   56  547  585.00000  573.29169  2.00%  2470 40737s
 342800 130788  582.14570   49  579  585.00000  573.29960  2.00%  2469 40763s
 343112 130852  579.06378   69  566  585.00000  573.30491  2.00%  2468 40788s
 343558 130925  583.57167   53  449  585.00000  573.31421  2.00%  2467 40812s
 344001 130971     cutoff   75       585.00000  573.32330  2.00%  2466 40840s
 344278 130997  581.89277   52  478  585.00000  573.33035  1.99%  2466 40867s
 344461 131045     cutoff   74       585.00000  573.33072  1.99%  2465 40896s
 344744 131190  577.63061   60  766  585.00000  573.33758  1.99%  2464 40937s
 345341 131230  576.91743   51  445  585.00000  573.35044  1.99%  2463 40963s
 345727 131346  577.90119   62  454  585.00000  573.36135  1.99%  2463 40991s
 346201 131438     cutoff   68       585.00000  573.36963  1.99%  2461 41016s
 346647 131504  580.52224   69  504  585.00000  573.38135  1.99%  2461 41042s
 347059 131598     cutoff   65       585.00000  573.39149  1.98%  2460 41067s
 347444 131704     cutoff   89       585.00000  573.40053  1.98%  2459 41094s
 347859 131786     cutoff   49       585.00000  573.40788  1.98%  2458 41119s
*348085 129738              74     584.0000000  573.40788  1.81%  2457 41119s
 348332 129786  579.02737   58  552  584.00000  573.42034  1.81%  2457 41144s
 348777 129830  581.45917   60  612  584.00000  573.42957  1.81%  2456 41169s
 349192 129871     cutoff   78       584.00000  573.44061  1.81%  2455 41195s
 349612 129975     cutoff   72       584.00000  573.44972  1.81%  2454 41221s
 350045 130049     cutoff   58       584.00000  573.45860  1.81%  2454 41247s
 350462 130104  579.47623   82  520  584.00000  573.46666  1.80%  2453 41272s
 350911 130136  579.05548   58  583  584.00000  573.47539  1.80%  2452 41302s
 351087 130164     cutoff   70       584.00000  573.47664  1.80%  2451 41330s
 351337 130197  580.31076   58  649  584.00000  573.47927  1.80%  2451 41357s
 351723 130209     cutoff   70       584.00000  573.49493  1.80%  2450 41383s
 352053 130269  579.96988   59  537  584.00000  573.50781  1.80%  2450 41408s
 352431 130319  577.74661   69  533  584.00000  573.51554  1.80%  2449 41438s
 352616 130335  576.35839   54  583  584.00000  573.51895  1.79%  2449 41464s
 353022 130423  581.54987   64  652  584.00000  573.52716  1.79%  2449 41491s
 353445 130510  576.56307   61  782  584.00000  573.53691  1.79%  2448 41518s
 353879 130592  580.69031   62  499  584.00000  573.54543  1.79%  2447 41546s
 354349 130686  578.22520   56  705  584.00000  573.55537  1.79%  2446 41573s
 354840 130745     cutoff   58       584.00000  573.56909  1.79%  2445 41600s
 355144 130818  574.46345   56  740  584.00000  573.57685  1.78%  2444 41638s
 355816 130850  581.60684   63  661  584.00000  573.59077  1.78%  2443 41662s
 356176 130862     cutoff   53       584.00000  573.59999  1.78%  2443 41689s
 356395 130879  580.54830   57  451  584.00000  573.60601  1.78%  2442 41717s
 356761 130916  578.92166   50  656  584.00000  573.61726  1.78%  2442 41748s
 357073 130908  580.14894   53  537  584.00000  573.62338  1.78%  2442 41779s
 357166 130945  577.44325   60  595  584.00000  573.62957  1.78%  2442 41810s
 357682 131010  576.82369   66  697  584.00000  573.64232  1.77%  2441 41841s
 358192 131052  582.11902   66  668  584.00000  573.64907  1.77%  2440 41869s
 358582 131149  580.89899   77  730  584.00000  573.65849  1.77%  2440 41899s
 359143 131196  577.56919   58  689  584.00000  573.67252  1.77%  2438 41927s
 359571 131238  581.49236   67  398  584.00000  573.68352  1.77%  2438 41954s
 360014 131302  575.20518   61  554  584.00000  573.69612  1.76%  2437 41982s
 360460 131350  582.16633   64  613  584.00000  573.71053  1.76%  2436 42008s
 360892 131350  581.62257   61  613  584.00000  573.71845  1.76%  2436 42036s
 361176 131358  582.68743   53  682  584.00000  573.72973  1.76%  2436 42068s
 361361 131389 infeasible   71       584.00000  573.73462  1.76%  2436 42096s
 361720 131389  581.19702   64  388  584.00000  573.74635  1.76%  2436 42125s
 362101 131439  579.69624   60  676  584.00000  573.75798  1.75%  2436 42154s
 362528 131482     cutoff   66       584.00000  573.76822  1.75%  2435 42183s
 362952 131525  580.74555   69  642  584.00000  573.78059  1.75%  2435 42211s
 363401 131563  574.97546   62  820  584.00000  573.79074  1.75%  2434 42238s
 363834 131580  580.24919   64  547  584.00000  573.80044  1.75%  2434 42266s
 364259 131644  576.87603   64  683  584.00000  573.81099  1.74%  2433 42294s
 364721 131687  576.87207   66  510  584.00000  573.82369  1.74%  2432 42326s
 365166 131684  579.34889   64  644  584.00000  573.83648  1.74%  2432 42353s
 365537 131813  578.12178   61  540  584.00000  573.84438  1.74%  2432 42393s
 366115 131848  580.40239   57  560  584.00000  573.85766  1.74%  2431 42421s
 366519 131891  577.83980   60  686  584.00000  573.86716  1.74%  2430 42448s
 366967 131929  582.70281   63  391  584.00000  573.88047  1.73%  2430 42474s
 367364 132001  581.32776   57  411  584.00000  573.89001  1.73%  2429 42502s
 367846 132018  579.36155   65  443  584.00000  573.89887  1.73%  2428 42526s
 368231 132024  580.75879   63  555  584.00000  573.91010  1.73%  2428 42552s
 368576 132023  576.85858   61  724  584.00000  573.91896  1.73%  2428 42581s
 368865 132039  581.82235   58  391  584.00000  573.92448  1.73%  2428 42610s
 369177 132039  577.07721   58  646  584.00000  573.93400  1.72%  2427 42639s
 369563 132073  582.56026   65  627  584.00000  573.94747  1.72%  2427 42668s
 370026 132098  581.12169   67  559  584.00000  573.95953  1.72%  2427 42695s
 370466 132163  580.95422   68  606  584.00000  573.97299  1.72%  2426 42723s
 370935 132178     cutoff   56       584.00000  573.98868  1.71%  2425 42754s
 371256 132217  579.85817   55  741  584.00000  573.99044  1.71%  2425 42781s
 371680 132202  580.27752   64  777  584.00000  574.00797  1.71%  2424 42808s
 372044 132188     cutoff   57       584.00000  574.01705  1.71%  2424 42836s
 372427 132195  579.51544   54  726  584.00000  574.03026  1.71%  2424 42864s
 372861 132222  579.69531   59  558  584.00000  574.04378  1.70%  2424 42892s
 373283 132255  580.54246   74  515  584.00000  574.05319  1.70%  2423 42921s
 373690 132307  580.19302   68  605  584.00000  574.06330  1.70%  2423 42949s
 374125 132345  581.85014   60  469  584.00000  574.07394  1.70%  2422 42977s
 374565 132403  577.52271   54  730  584.00000  574.08339  1.70%  2422 43005s
 375047 132412  580.55834   56  492  584.00000  574.09261  1.70%  2421 43032s
 375392 132443  575.73004   64  527  584.00000  574.10119  1.70%  2421 43060s
 375793 132456  577.79081   57  681  584.00000  574.11132  1.69%  2421 43098s
 376329 132514     cutoff   59       584.00000  574.12605  1.69%  2420 43127s
 376813 132532  579.95632   71  631  584.00000  574.13823  1.69%  2419 43154s
 377232 132566  581.94019   59  609  584.00000  574.14764  1.69%  2419 43180s
 377624 132570  582.83658   63  525  584.00000  574.15739  1.69%  2419 43200s

Cutting planes:
  Gomory: 1
  Cover: 320
  Implied bound: 400
  Projected implied bound: 2
  Clique: 7
  MIR: 143
  StrongCG: 3
  Flow cover: 3043
  GUB cover: 12
  Inf proof: 3
  Zero half: 63
  Mod-K: 5
  Network: 24
  RLT: 5
  Relax-and-lift: 8

Explored 377964 nodes (914470084 simplex iterations) in 43200.03 seconds (219454.00 work units)
Thread count was 4 (of 32 available processors)

Solution count 10: 584 585 586 ... 606

Time limit reached
Best objective 5.840000000000e+02, best bound 5.750000000000e+02, gap 1.5411%

Wrote result file '/Users/takafumi/Dropbox/2_Study/cspns_gurobi/sol_recomputed_4threads/E150_1000.2_R100.sol'

