
Gurobi 13.0.2 (mac64[arm], gurobi_cl) logging started Sat Jun 27 12:28:25 2026

Set parameter TokenServer to value "10.8.80.200"
Set parameter TimeLimit to value 43200
Set parameter LogFile to value "./log/E150_1000.4_R100.log"
Set parameter Threads to value 4
Using license file /Library/gurobi1302/gurobi.lic

Gurobi Optimizer version 13.0.2 build v13.0.2rc1 (mac64[arm] - Darwin 24.6.0 24G517)
Copyright (c) 2026, Gurobi Optimization, LLC

Read LP format model from file ./lp/E150_1000.4_R100.lp
Reading time = 0.15 seconds
root: 46208 rows, 45753 columns, 621766 nonzeros

Using Gurobi shared library /Library/gurobi1302/macos_universal2/lib/libgurobi130.dylib

CPU model: Apple M3 Ultra
Thread count: 32 physical cores, 32 logical processors, using up to 4 threads

Non-default parameters:
TimeLimit  43200
Threads  4

Optimize a model with 46208 rows, 45753 columns and 621766 nonzeros (Min)
Model fingerprint: 0xe852b48e
Model has 22650 linear objective coefficients
Variable types: 0 continuous, 45753 integer (0 binary)
Coefficient statistics:
  Matrix range     [1e+00, 2e+02]
  Objective range  [1e+00, 2e+02]
  Bounds range     [1e+00, 1e+00]
  RHS range        [1e+00, 1e+00]

Presolve removed 23117 rows and 303 columns
Presolve time: 1.27s
Presolved: 23091 rows, 45450 columns, 373367 nonzeros
Variable types: 0 continuous, 45450 integer (22950 binary)
Deterministic concurrent LP optimizer: primal and dual simplex
Showing primal log only...

Concurrent spin time: 0.24s

Solved with primal simplex

Root simplex log...

Iteration    Objective       Primal Inf.    Dual Inf.      Time
   48579    4.6218224e+01   0.000000e+00   0.000000e+00      5s

Root relaxation: objective 4.621822e+01, 48579 iterations, 3.76 seconds (12.61 work units)

    Nodes    |    Current Node    |     Objective Bounds      |     Work
 Expl Unexpl |  Obj  Depth IntInf | Incumbent    BestBd   Gap | It/Node Time

     0     0   46.21822    0  218          -   46.21822      -     -    5s
     0     0  121.71456    0  249          -  121.71456      -     -    6s
H    0     0                    1013.0000000  121.71456  88.0%     -    9s
H    0     0                    1007.0000000  121.71456  87.9%     -   10s
H    0     0                     923.0000000  121.71456  86.8%     -   10s
H    0     0                     921.0000000  121.71456  86.8%     -   10s
H    0     0                     892.0000000  121.71456  86.4%     -   10s
H    0     0                     804.0000000  121.71456  84.9%     -   10s
H    0     0                     784.0000000  121.71456  84.5%     -   11s
H    0     0                     774.0000000  121.71456  84.3%     -   11s
H    0     0                     772.0000000  121.71456  84.2%     -   11s
H    0     0                     766.0000000  121.71456  84.1%     -   11s
H    0     0                     763.0000000  121.71456  84.0%     -   11s
     0     0  280.95597    0  447  763.00000  280.95597  63.2%     -   16s
     0     0  343.03715    0  487  763.00000  343.03715  55.0%     -   24s
H    0     0                     755.0000000  343.03715  54.6%     -   24s
H    0     0                     743.0000000  343.03715  53.8%     -   25s
H    0     0                     736.0000000  343.03715  53.4%     -   25s
H    0     0                     735.0000000  343.03715  53.3%     -   25s
H    0     0                     733.0000000  343.03715  53.2%     -   25s
H    0     0                     732.0000000  343.03715  53.1%     -   26s
H    0     0                     731.0000000  368.24335  49.6%     -   31s
H    0     0                     730.0000000  368.24335  49.6%     -   31s
H    0     0                     726.0000000  368.24335  49.3%     -   31s
     0     0  368.24335    0  547  726.00000  368.24335  49.3%     -   31s
H    0     0                     720.0000000  368.28279  48.8%     -   31s
H    0     0                     718.0000000  368.28279  48.7%     -   32s
H    0     0                     717.0000000  368.28279  48.6%     -   32s
H    0     0                     712.0000000  368.28279  48.3%     -   32s
H    0     0                     711.0000000  368.28279  48.2%     -   33s
H    0     0                     708.0000000  368.28279  48.0%     -   42s
H    0     0                     707.0000000  368.28279  47.9%     -   44s
H    0     0                     705.0000000  370.72675  47.4%     -   46s
     0     0  370.72675    0  521  705.00000  370.72675  47.4%     -   46s
     0     0  370.72692    0  530  705.00000  370.72692  47.4%     -   46s
     0     0  388.27067    0  582  705.00000  388.27067  44.9%     -   50s
     0     0  388.56973    0  598  705.00000  388.56973  44.9%     -   51s
     0     0  388.67808    0  604  705.00000  388.67808  44.9%     -   51s
     0     0  388.67808    0  606  705.00000  388.67808  44.9%     -   51s
H    0     0                     704.0000000  405.32063  42.4%     -   59s
H    0     0                     703.0000000  405.32063  42.3%     -   59s
     0     0  405.32063    0  579  703.00000  405.32063  42.3%     -   59s
H    0     0                     690.0000000  416.73096  39.6%     -   66s
H    0     0                     689.0000000  416.73096  39.5%     -   66s
H    0     0                     688.0000000  416.73096  39.4%     -   66s
     0     0  416.73096    0  623  688.00000  416.73096  39.4%     -   67s
     0     0  417.69654    0  613  688.00000  417.69654  39.3%     -   68s
     0     0  417.74931    0  632  688.00000  417.74931  39.3%     -   70s
     0     0  417.92808    0  610  688.00000  417.92808  39.3%     -   71s
     0     0  419.23374    0  622  688.00000  419.23374  39.1%     -   74s
     0     0  419.23870    0  631  688.00000  419.23870  39.1%     -   74s
     0     0  427.15093    0  599  688.00000  427.15093  37.9%     -   81s
     0     0  437.63143    0  617  688.00000  437.63143  36.4%     -   88s
     0     0  438.88696    0  654  688.00000  438.88696  36.2%     -   91s
     0     0  439.18928    0  665  688.00000  439.18928  36.2%     -   94s
     0     0  439.19711    0  676  688.00000  439.19711  36.2%     -   95s
     0     0  445.18619    0  710  688.00000  445.18619  35.3%     -  100s
     0     0  447.74395    0  738  688.00000  447.74395  34.9%     -  103s
     0     0  448.54966    0  757  688.00000  448.54966  34.8%     -  105s
     0     0  448.97510    0  764  688.00000  448.97510  34.7%     -  107s
     0     0  449.08638    0  776  688.00000  449.08638  34.7%     -  107s
     0     0  449.13735    0  775  688.00000  449.13735  34.7%     -  108s
     0     0  449.14438    0  786  688.00000  449.14438  34.7%     -  108s
     0     0  454.37667    0  747  688.00000  454.37667  34.0%     -  112s
H    0     0                     685.0000000  454.38161  33.7%     -  113s
H    0     0                     684.0000000  454.38161  33.6%     -  113s
H    0     0                     681.0000000  454.38161  33.3%     -  113s
     0     0  454.84245    0  760  681.00000  454.84245  33.2%     -  117s
     0     0  455.57293    0  757  681.00000  455.57293  33.1%     -  118s
     0     0  455.61355    0  791  681.00000  455.61355  33.1%     -  119s
     0     0  455.62980    0  791  681.00000  455.62980  33.1%     -  121s
     0     0  457.71234    0  761  681.00000  457.71234  32.8%     -  124s
     0     0  458.15227    0  772  681.00000  458.15227  32.7%     -  128s
     0     0  458.20447    0  791  681.00000  458.20447  32.7%     -  130s
     0     0  458.20765    0  814  681.00000  458.20765  32.7%     -  130s
     0     0  459.87707    0  759  681.00000  459.87707  32.5%     -  134s
     0     0  460.52639    0  787  681.00000  460.52639  32.4%     -  135s
     0     0  460.94901    0  793  681.00000  460.94901  32.3%     -  136s
     0     0  460.96009    0  822  681.00000  460.96009  32.3%     -  137s
     0     0  461.75827    0  788  681.00000  461.75827  32.2%     -  139s
     0     0  462.19295    0  798  681.00000  462.19295  32.1%     -  141s
     0     0  462.31411    0  800  681.00000  462.31411  32.1%     -  143s
     0     0  462.37998    0  798  681.00000  462.37998  32.1%     -  143s
     0     0  462.40053    0  802  681.00000  462.40053  32.1%     -  144s
     0     0  462.80925    0  805  681.00000  462.80925  32.0%     -  146s
     0     0  462.91847    0  826  681.00000  462.91847  32.0%     -  148s
     0     0  462.92379    0  850  681.00000  462.92379  32.0%     -  148s
     0     0  463.03659    0  848  681.00000  463.03659  32.0%     -  149s
     0     0  463.05285    0  860  681.00000  463.05285  32.0%     -  150s
     0     0  463.46352    0  813  681.00000  463.46352  31.9%     -  151s
     0     0  463.52895    0  838  681.00000  463.52895  31.9%     -  152s
     0     0  463.54255    0  840  681.00000  463.54255  31.9%     -  152s
     0     0  463.78362    0  806  681.00000  463.78362  31.9%     -  155s
     0     0  463.85222    0  821  681.00000  463.85222  31.9%     -  156s
     0     0  463.85580    0  838  681.00000  463.85580  31.9%     -  156s
     0     0  464.27364    0  814  681.00000  464.27364  31.8%     -  157s
H    0     0                     679.0000000  464.29010  31.6%     -  158s
     0     0  464.32772    0  824  679.00000  464.32772  31.6%     -  159s
     0     0  464.32860    0  844  679.00000  464.32860  31.6%     -  159s
     0     0  464.92960    0  820  679.00000  464.92960  31.5%     -  161s
     0     0  465.10731    0  843  679.00000  465.10731  31.5%     -  162s
     0     0  465.15346    0  844  679.00000  465.15346  31.5%     -  162s
     0     0  465.15484    0  854  679.00000  465.15484  31.5%     -  162s
     0     0  465.17680    0  855  679.00000  465.17680  31.5%     -  163s
     0     0  465.37323    0  861  679.00000  465.37323  31.5%     -  164s
     0     0  465.37323    0  859  679.00000  465.37323  31.5%     -  164s
     0     0  465.46902    0  859  679.00000  465.46902  31.4%     -  164s
     0     0  465.46902    0  816  679.00000  465.46902  31.4%     -  168s
     0     2  465.46902    0  805  679.00000  465.46902  31.4%     -  188s
     1     4  467.15129    1  775  679.00000  465.46902  31.4%  2544  190s
     6    11  468.90628    3  790  679.00000  466.17821  31.3%  5525  197s
H    8    11                     674.0000000  466.17821  30.8%  4822  197s
H   10    16                     670.0000000  466.17821  30.4%  4578  201s
H   18    20                     669.0000000  466.17821  30.3%  8431  204s
    19    21  475.62928    6  712  669.00000  466.17821  30.3%  8949  209s
    20    25  470.57893    7  780  669.00000  466.17821  30.3%  8682  213s
    24    29  472.57072    8  754  669.00000  466.17821  30.3% 10973  216s
H   26    29                     667.0000000  466.17821  30.1% 10553  216s
    28    33  474.55582    8  748  667.00000  466.17821  30.1% 11921  221s
    32    37  472.85375    9  726  667.00000  466.17821  30.1% 11396  226s
H   34    37                     666.0000000  466.17821  30.0% 11121  226s
H   36    40                     623.0000000  466.17821  25.2% 11361  231s
H   39    44                     615.0000000  466.17821  24.2% 10768  235s
H   43    46                     613.0000000  466.17821  24.0% 12297  240s
    49    52  481.61496   10  719  613.00000  466.17821  24.0% 11452  250s
    51    55  478.76075   13  709  613.00000  466.17821  24.0% 11446  255s
H   54    59                     612.0000000  466.17821  23.8% 11112  259s
    58    62  479.78472   15  727  612.00000  466.17821  23.8% 12140  265s
    61    65  482.88436   12  710  612.00000  466.17821  23.8% 11863  271s
    64    69  482.30195   16  723  612.00000  466.17821  23.8% 11564  276s
    68    73  491.21745   17  649  612.00000  466.17821  23.8% 11484  281s
    72    75  482.88503   17  719  612.00000  466.17821  23.8% 11893  287s
    74    79  483.29102   18  718  612.00000  466.17821  23.8% 11745  292s
    78    82  484.40344   19  697  612.00000  466.17821  23.8% 11451  298s
    81    86  484.79405   20  697  612.00000  466.17821  23.8% 11351  302s
    85    90  484.87292   21  700  612.00000  466.17821  23.8% 11286  309s
    89    95  484.87373   22  694  612.00000  466.17821  23.8% 11101  316s
H   91    95                     611.0000000  466.17821  23.7% 11004  316s
    94    99  485.38213   24  692  611.00000  466.17821  23.7% 11234  321s
    98   103  486.12619   25  687  611.00000  466.17821  23.7% 11080  329s
   102   114  491.20409   25  698  611.00000  466.17821  23.7% 11108  335s
   113   119  486.39979   26  683  611.00000  466.17821  23.7% 11904  340s
   118   123  486.55971   27  701  611.00000  466.17821  23.7% 11633  347s
   122   128  487.25526   28  681  611.00000  466.17821  23.7% 11415  353s
H  125   128                     610.0000000  466.17821  23.6% 11207  353s
   127   132  488.83636   28  696  610.00000  466.17821  23.6% 11176  358s
   131   136  489.01653   29  679  610.00000  466.17821  23.6% 11077  365s
H  134   136                     609.0000000  466.17821  23.5% 10937  365s
   135   144  490.52510   29  681  609.00000  466.17821  23.5% 11014  372s
   143   148  489.27742   30  666  609.00000  466.17821  23.5% 11424  379s
   147   152  489.45317   31  673  609.00000  466.17821  23.5% 11378  386s
   151   157  489.77532   32  680  609.00000  466.17821  23.5% 11648  393s
H  152   157                     607.0000000  466.17821  23.2% 11571  393s
H  156   163                     606.0000000  466.17821  23.1% 11552  399s
H  162   167                     605.0000000  466.17821  22.9% 11419  411s
   166   179  491.33937   34  662  605.00000  466.17821  22.9% 11485  420s
   178   186  493.35726   38  666  605.00000  466.17821  22.9% 11201  431s
   185   202  493.48338   39  657  605.00000  466.17821  22.9% 11144  439s
   201   210  494.03453   43  645  605.00000  466.17821  22.9% 10985  451s
   209   221  504.40428   45  634  605.00000  466.17821  22.9% 10995  462s
   220   229  505.50097   47  627  605.00000  466.17821  22.9% 10825  474s
   228   243  508.48762   48  644  605.00000  466.17821  22.9% 10804  486s
   242   262  508.59769   50  651  605.00000  466.17821  22.9% 10517  498s
   261   271  512.53474   52  633  605.00000  466.17821  22.9% 10154  510s
   270   291  511.23095   54  666  605.00000  466.17821  22.9% 10166  520s
   290   308  511.43293   55  654  605.00000  466.17821  22.9%  9928  531s
   307   325  511.82370   56  671  605.00000  466.17821  22.9%  9824  543s
   324   357  513.02726   57  639  605.00000  466.17821  22.9%  9743  555s
   356   382  515.76497   63  590  605.00000  466.17821  22.9%  9517  568s
   381   413  517.85146   67  584  605.00000  466.17821  22.9%  9440  580s
   412   425  518.81835   75  576  605.00000  466.17821  22.9%  9199  594s
   424   469  519.47232   78  596  605.00000  466.17821  22.9%  9106  607s
   468   497  520.58990   92  581  605.00000  466.17821  22.9%  8858  620s
   496   538  522.65273   97  589  605.00000  466.17821  22.9%  8686  636s
   537   585  527.98581  100  595  605.00000  466.17821  22.9%  8405  651s
   584   615  549.44315  105  474  605.00000  466.17821  22.9%  8228  667s
   614   638  553.56702  112  458  605.00000  466.17821  22.9%  8128  685s
H  637   683                     604.0000000  466.17821  22.8%  8001  703s
   682   709  559.43548  131  411  604.00000  466.17821  22.8%  7696  722s
   710   713  559.91846  138  436  604.00000  466.17821  22.8%  7538  740s
   714   764  559.91846  139  431  604.00000  466.17821  22.8%  7515  758s
   765   895  566.15466  171  419  604.00000  466.17821  22.8%  7212  776s
   896  1046  575.84089  209  418  604.00000  466.17821  22.8%  6519  790s
  1049  1219  583.66672  254  389  604.00000  466.17821  22.8%  5896  807s
  1222  1411  591.02113  305  393  604.00000  466.17821  22.8%  5309  821s
  1417  1515 infeasible  364       604.00000  467.63206  22.6%  4794  837s
  1533  1665  477.40054    5  725  604.00000  467.68955  22.6%  4632  855s
  1716  1781  486.66389   13  628  604.00000  467.68955  22.6%  4950  870s
  1834  1782  559.04339  208  447  604.00000  467.68955  22.6%  5121  887s
  1836  1783  565.98755  161  489  604.00000  467.68955  22.6%  5116  898s
  1837  1784  592.12492  431  514  604.00000  467.68955  22.6%  5113  920s
  1838  1785  570.03244  365  570  604.00000  467.68955  22.6%  5110  926s
  1839  1785  484.91837   20  656  604.00000  467.68955  22.6%  5107  932s
  1840  1786  540.60783  107  668  604.00000  467.72387  22.6%  5105  938s
  1841  1787  479.29316   15  687  604.00000  474.93575  21.4%  5102  944s
  1842  1787  545.51782  141  726  604.00000  476.14769  21.2%  5099  948s
  1843  1788  484.04643    7  724  604.00000  484.04643  19.9%  5096  953s
  1844  1789  536.14254   95  724  604.00000  484.96751  19.7%  5093  956s
  1845  1789  490.98819    8  689  604.00000  490.98819  18.7%  5091  961s
  1846  1790  555.39516  218  702  604.00000  492.53421  18.5%  5088  965s
  1847  1791  546.97113  112  721  604.00000  494.95213  18.1%  5085 1006s
H 1847  1701                     603.0000000  496.21182  17.7%  5085 1010s
  1849  1702  577.99926  310  751  603.00000  499.00998  17.2%  5080 1017s
  1850  1703  591.04625  415  751  603.00000  500.38793  17.0%  5077 1023s
  1851  1703  561.90272  142  781  603.00000  502.16566  16.7%  5074 1030s
  1853  1705  588.83820  516  742  603.00000  504.51545  16.3%  5069 1044s
  1854  1705  554.84481  213  791  603.00000  505.27899  16.2%  5066 1049s
  1855  1706  566.29548  243  760  603.00000  506.58999  16.0%  5063 1055s
  1857  1707  559.54124  132  803  603.00000  508.20953  15.7%  5058 1063s
  1858  1708  508.29515   23  839  603.00000  508.29515  15.7%  5055 1067s
  1859  1709  521.56314   47  827  603.00000  509.63542  15.5%  5052 1072s
  1860  1709  522.41649   97  850  603.00000  509.75136  15.5%  5050 1075s
  1863  1711  527.85730   64  876  603.00000  510.27299  15.4%  5042 1083s
  1864  1712  588.12803  504  891  603.00000  510.72445  15.3%  5039 1087s
  1866  1713  585.09719  450  912  603.00000  511.20261  15.2%  5033 1092s
  1870  1716  511.27101   33  943  603.00000  511.27101  15.2%  5023 1095s
  1877  1721  559.40349  221  947  603.00000  511.31514  15.2%  5004 1101s
  1884  1725  570.56174  181  967  603.00000  511.35189  15.2%  4985 1105s
H 1884  1638                     602.0000000  513.36990  14.7%  4985 1110s
  1885  1639  522.96151   62  866  602.00000  513.36990  14.7%  4983 1116s
  1886  1640  576.43979  215  919  602.00000  513.65856  14.7%  4980 1120s
  1891  1643  562.48659  144  952  602.00000  514.02137  14.6%  4967 1125s
  1895  1646  514.04491   55  961  602.00000  514.04491  14.6%  4956 1130s
  1898  1648  577.01358  224  846  602.00000  515.78802  14.3%  4949 1135s
  1900  1649  516.27261   88  889  602.00000  516.27261  14.2%  4943 1140s
  1907  1654  555.57661  201  925  602.00000  516.31947  14.2%  4925 1145s
  1909  1655  583.24528  438  872  602.00000  517.23893  14.1%  4920 1150s
  1913  1658  590.18522  296  960  602.00000  517.23893  14.1%  4910 1155s
  1917  1660  549.70631  186  918  602.00000  518.34212  13.9%  4900 1162s
  1919  1662  550.07714  183  934  602.00000  518.37698  13.9%  4894 1165s
  1924  1665  519.38116   47  884  602.00000  519.38116  13.7%  4882 1181s
  1926  1666  572.70378  373  935  602.00000  519.53721  13.7%  4877 1185s
  1930  1669  522.96151   62  987  602.00000  519.69918  13.7%  4867 1190s
  1935  1672  538.42676   97  927  602.00000  520.16583  13.6%  4854 1196s
  1940  1676  540.60783  107  976  602.00000  520.16583  13.6%  4841 1200s
  1946  1680  555.39516  218 1019  602.00000  520.66915  13.5%  4827 1205s
  1949  1682  577.99926  310  993  602.00000  520.86308  13.5%  4819 1210s
  1953  1684  588.83820  516  979  602.00000  521.20557  13.4%  4809 1219s
  1954  1685  554.84481  213 1008  602.00000  521.20557  13.4%  4807 1221s
  1959  1688  521.68670   47  926  602.00000  521.68670  13.3%  4794 1226s
  1961  1690  567.99788  304  959  602.00000  521.90890  13.3%  4790 1231s
  1965  1692  580.60253  428  993  602.00000  521.94097  13.3%  4780 1236s
  1970  1696  522.11705   33  956  602.00000  522.11705  13.3%  4768 1242s
  1973  1698  522.19427    9 1019  602.00000  522.19427  13.3%  4760 1245s
  1978  1701  589.28547  403  968  602.00000  522.48488  13.2%  4748 1250s
  1983  1704  527.72256   61 1025  602.00000  522.54392  13.2%  4736 1255s
  1987  1707  561.89056  277 1004  602.00000  522.64666  13.2%  4727 1265s
  1991  1710  562.48659  144 1051  602.00000  522.71149  13.2%  4717 1270s
  1993  1711  576.26051  213  961  602.00000  523.12119  13.1%  4713 1277s
  1995  1712  523.17055   55 1003  602.00000  523.17055  13.1%  4708 1281s
  1999  1715  590.57655  410  923  602.00000  524.03397  13.0%  4699 1286s
  2002  1717  572.26282  286  995  602.00000  524.28965  12.9%  4692 1290s
  2010  1722  573.75117  349  997  602.00000  524.67056  12.8%  4673 1295s
  2019  1728  550.07714  183 1032  602.00000  524.70510  12.8%  4652 1300s
  2026  1733  572.70378  373 1036  602.00000  524.74733  12.8%  4636 1305s
  2029  1735  564.81138  223 1025  602.00000  525.30051  12.7%  4629 1310s
  2036  1740  565.98755  161 1025  602.00000  525.47302  12.7%  4613 1315s
  2042  1744  545.51782  141  989  602.00000  525.78209  12.7%  4600 1328s
  2044  1745  536.14254   95 1018  602.00000  525.91768  12.6%  4595 1331s
  2049  1748  577.99926  310 1030  602.00000  525.97440  12.6%  4584 1335s
  2054  1752  554.84481  213 1007  602.00000  526.04353  12.6%  4573 1341s
  2059  1755  526.12007   47 1021  602.00000  526.12007  12.6%  4562 1346s
  2062  1757  595.61728  337  998  602.00000  526.46946  12.5%  4555 1352s
  2068  1761  574.88388  390 1029  602.00000  526.46946  12.5%  4542 1356s
  2073  1764  526.46946    9 1075  602.00000  526.46946  12.5%  4531 1360s
  2078  1768  589.28547  403 1085  602.00000  526.54926  12.5%  4520 1365s
  2080  1769  539.23176  101 1005  602.00000  526.89148  12.5%  4516 1370s
  2085  1772  527.29249   62 1057  602.00000  527.29249  12.4%  4505 1375s
  2090  1776  562.27839  212  974  602.00000  527.93960  12.3%  4494 1381s
  2093  1778  576.26051  213 1037  602.00000  528.01386  12.3%  4488 1385s
  2098  1781  577.01358  224 1011  602.00000  528.33896  12.2%  4477 1390s
  2104  1785  528.52111   58 1049  602.00000  528.52111  12.2%  4464 1395s
  2107  1787  555.57661  201 1010  602.00000  528.81728  12.2%  4458 1404s
  2108  1788  564.95078  225 1052  602.00000  528.89135  12.1%  4456 1405s
  2116  1793  529.09615   12 1019  602.00000  529.09615  12.1%  4439 1411s
  2121  1796  568.76623  179 1020  602.00000  529.39954  12.1%  4428 1417s
  2124  1798  529.67822   47 1041  602.00000  529.67822  12.0%  4422 1420s
  2131  1803  550.52170  160 1039  602.00000  529.89424  12.0%  4408 1425s
  2136  1806  565.98755  161 1059  602.00000  529.94927  12.0%  4397 1430s
  2141  1810  530.14436   15  985  602.00000  530.14436  11.9%  4387 1435s
  2144  1812  536.14254   95 1029  602.00000  530.20543  11.9%  4381 1440s
  2147  1814  546.97113  112 1040  602.00000  530.21897  11.9%  4375 1445s
  2155  1819  566.29548  243 1048  602.00000  530.24602  11.9%  4358 1450s
  2161  1823  567.99788  304 1010  602.00000  530.42728  11.9%  4346 1459s
  2162  1824  595.61728  337 1009  602.00000  530.49687  11.9%  4344 1460s
  2171  1830  537.82961  108 1002  602.00000  530.72514  11.8%  4326 1465s
  2178  1834  589.28547  403 1077  602.00000  530.93018  11.8%  4312 1470s
  2187  1840  561.89056  277 1067  602.00000  531.03196  11.8%  4295 1477s
  2190  1842  562.27839  212 1081  602.00000  531.03200  11.8%  4289 1480s
  2195  1846  531.15324   55 1064  602.00000  531.15324  11.8%  4279 1485s
  2206  1853  558.74476  194 1094  602.00000  531.17655  11.8%  4258 1490s
  2211  1856  531.19900   71 1094  602.00000  531.19900  11.8%  4248 1498s
  2213  1858  590.18522  296 1091  602.00000  531.20424  11.8%  4244 1501s
  2221  1863  568.76623  179  970  602.00000  531.70156  11.7%  4229 1506s
  2222  1864  531.74066   78  995  602.00000  531.74066  11.7%  4227 1510s
  2229  1868  564.81138  223 1066  602.00000  531.80174  11.7%  4214 1515s
  2235  1872  538.42676   97 1059  602.00000  531.84383  11.7%  4202 1525s
  2242  1877  545.51782  141 1039  602.00000  531.93909  11.6%  4189 1531s
  2246  1880  555.39516  218 1084  602.00000  531.96490  11.6%  4182 1535s
  2250  1882  591.04625  415 1087  602.00000  532.23727  11.6%  4174 1540s
  2255  1886  566.29548  243 1073  602.00000  532.25704  11.6%  4165 1545s
  2262  1890  595.61728  337 1087  602.00000  532.38457  11.6%  4152 1550s
  2268  1894  574.88388  390 1081  602.00000  532.40195  11.6%  4141 1558s
  2271  1896  537.82961  108 1099  602.00000  532.40195  11.6%  4136 1560s
  2274  1898  559.70453  134 1008  602.00000  532.71219  11.5%  4130 1565s
  2283  1904  533.64109   61  967  602.00000  533.64109  11.4%  4114 1578s
  2284  1905  570.56174  181 1022  602.00000  533.64109  11.4%  4112 1580s
  2287  1907  561.89056  277 1012  602.00000  533.84533  11.3%  4107 1585s
  2291  1910  562.48659  144 1043  602.00000  533.89355  11.3%  4100 1590s
  2296  1913  582.79866  347 1042  602.00000  533.96748  11.3%  4091 1595s
  2301  1916  534.08491   64 1020  602.00000  534.08491  11.3%  4082 1602s
  2305  1919  534.24540   42 1059  602.00000  534.24540  11.3%  4075 1605s
  2311  1923  534.27210   71 1091  602.00000  534.27210  11.3%  4064 1614s
  2312  1924  545.27767  138 1100  602.00000  534.27210  11.3%  4062 1615s
  2318  1928  588.28391  270 1085  602.00000  534.44275  11.2%  4052 1620s
  2323  1931  595.75669  499 1101  602.00000  534.44808  11.2%  4043 1626s
  2328  1934  583.79875  456 1062  602.00000  534.46870  11.2%  4035 1630s
  2337  1940  592.12492  431 1084  602.00000  534.64875  11.2%  4019 1635s
  2341  1943  534.66817   15 1084  602.00000  534.66817  11.2%  4012 1640s
  2342  1944  545.51782  141  964  602.00000  534.88123  11.1%  4010 1645s
  2348  1948  534.88123   27 1079  602.00000  534.88123  11.1%  4000 1651s
  2349  1948  577.99926  310 1032  602.00000  534.88123  11.1%  3998 1655s
  2352  1950  535.08231    3 1035  602.00000  535.08231  11.1%  3993 1660s
  2362  1957  595.61728  337 1021  602.00000  535.13425  11.1%  3976 1665s
  2368  1961  574.88388  390 1048  602.00000  535.15299  11.1%  3966 1671s
  2374  1965  559.70453  134 1053  602.00000  535.16248  11.1%  3956 1675s
  2381  1971  559.88196  133  490  602.00000  535.16338  11.1%  4376 1691s
  2382  1972  559.00578  207  527  602.00000  535.16338  11.1%  4374 1718s
  2383  1973  535.16338   61  566  602.00000  535.16338  11.1%  4372 1725s
  2384  1973  570.56174  181  637  602.00000  535.16338  11.1%  4370 1735s
  2385  1974  535.16338   62  662  602.00000  535.16338  11.1%  4369 1742s
  2386  1975  576.43979  215  679  602.00000  535.16338  11.1%  4367 1750s
  2387  1975  561.89056  277  685  602.00000  535.16338  11.1%  4365 1760s
  2388  1976  535.16338   22  738  602.00000  535.16338  11.1%  4363 1771s
  2389  1977  535.16928   57  771  602.00000  535.16928  11.1%  4361 1777s
  2390  1977  562.27839  212  781  602.00000  535.73962  11.0%  4360 1787s
  2391  1978  562.48659  144  779  602.00000  535.74767  11.0%  4358 1794s
  2392  1979  593.03410  439  771  602.00000  536.22417  10.9%  4356 1865s
  2393  1979  576.26051  213  792  602.00000  536.26247  10.9%  4354 1873s
  2394  1980  546.02562  151  793  602.00000  536.26247  10.9%  4352 1878s
  2395  1981  536.26247   55  805  602.00000  536.26247  10.9%  4350 1883s
  2396  1981  582.79866  347  833  602.00000  536.26247  10.9%  4349 1887s
  2397  1982  558.85914  205  830  602.00000  536.26247  10.9%  4347 1891s
  2398  1983  577.01358  224  834  602.00000  536.26247  10.9%  4345 1896s
  2399  1983  590.57655  410  844  602.00000  536.26247  10.9%  4343 1901s
  2400  1984  536.26247   88  868  602.00000  536.26247  10.9%  4341 1905s
  2402  1985  572.26282  286  869  602.00000  536.26247  10.9%  4338 1914s
  2403  1986  536.26247   26  885  602.00000  536.26247  10.9%  4336 1917s
  2405  1987  536.26247   42  913  602.00000  536.26247  10.9%  4332 1922s
  2406  1988  558.74476  194  908  602.00000  536.26247  10.9%  4331 1925s
  2409  1990  583.24528  438  917  602.00000  536.70358  10.8%  4325 1931s
  2417  1995  549.70631  186  988  602.00000  536.84108  10.8%  4311 1935s
  2420  1997  553.09714  151 1005  602.00000  537.20957  10.8%  4305 1940s
  2426  2001  572.70378  373  999  602.00000  537.31408  10.7%  4295 1945s
  2427  2002  565.26409  231  911  602.00000  537.59981  10.7%  4293 1957s
  2430  2004  537.70410   62 1007  602.00000  537.70410  10.7%  4288 1960s
  2434  2007  559.04339  208  992  602.00000  537.83710  10.7%  4281 1965s
  2438  2009  570.03244  365  992  602.00000  537.99079  10.6%  4274 1970s
  2443  2013  537.99079    7 1015  602.00000  537.99079  10.6%  4265 1976s
  2450  2017  591.04625  415 1024  602.00000  537.99079  10.6%  4253 1980s
  2453  2019  588.83820  516  972  602.00000  538.26978  10.6%  4248 1987s
  2456  2021  538.26978   95 1034  602.00000  538.26978  10.6%  4242 1991s
  2460  2024  538.28076   97 1047  602.00000  538.28076  10.6%  4235 1995s
  2465  2027  580.60253  428 1038  602.00000  538.46055  10.6%  4227 2000s
  2471  2031  538.46991  108 1048  602.00000  538.46991  10.6%  4217 2005s
  2476  2035  538.46991   20 1044  602.00000  538.46991  10.6%  4208 2010s
  2480  2037  539.23176  101  930  602.00000  538.61340  10.5%  4201 2017s
  2481  2038  559.88196  133  902  602.00000  538.65744  10.5%  4200 2028s
  2482  2039  559.00578  207  902  602.00000  538.65744  10.5%  4198 2049s
  2483  2041  539.64353   24  786  602.00000  538.65744  10.5%  4414 2068s
  2484  2044  541.10726   25  807  602.00000  538.65744  10.5%  4417 2087s
  2487  2047  541.69790   26  818  602.00000  540.54876  10.2%  4427 2099s
  2491  2057  542.16704   27  788  602.00000  541.17063  10.1%  4435 2116s
  2502  2065  543.99011   29  754  602.00000  541.17063  10.1%  4580 2129s
  2514  2065  543.51954   31  724  602.00000  541.17063  10.1%  4782 2137s
  2518  2069  550.39917   32  720  602.00000  541.17063  10.1%  4789 2148s
  2523  2074  544.43780   32  689  602.00000  541.17063  10.1%  4792 2160s
  2530  2080  544.84132   32  718  602.00000  541.17063  10.1%  4810 2168s
  2538  2082  545.44007   33  682  602.00000  541.17063  10.1%  4888 2179s
  2543  2083  547.55094   34  667  602.00000  541.17063  10.1%  4899 2188s
  2546  2092  547.65251   35  666  602.00000  541.17063  10.1%  4908 2199s
  2556  2094  550.97801   36  667  602.00000  541.17063  10.1%  5078 2209s
  2561  2099  550.06908   37  625  602.00000  541.17063  10.1%  5104 2218s
  2568  2101  551.14259   38  634  602.00000  541.17063  10.1%  5187 2229s
  2572  2104  556.27351   41  613  602.00000  541.17063  10.1%  5195 2238s
  2576  2112  552.77624   39  661  602.00000  541.17063  10.1%  5206 2248s
  2586  2114  566.21411   40  609  602.00000  541.17063  10.1%  5364 2255s
  2591  2123  553.74502   41  615  602.00000  541.17063  10.1%  5376 2263s
  2602  2127  555.03013   42  577  602.00000  541.17063  10.1%  5485 2272s
  2609  2135  558.51953   42  585  602.00000  541.17063  10.1%  5554 2282s
  2620  2144  569.68429   43  575  602.00000  541.17063  10.1%  5670 2292s
  2632  2148  562.49965   51  520  602.00000  541.17063  10.1%  5769 2303s
  2640  2160  558.45570   45  568  602.00000  541.17063  10.1%  5841 2313s
  2655  2168  564.47828   46  553  602.00000  541.17063  10.1%  5963 2325s
  2668  2181  559.65325   47  569  602.00000  541.17063  10.1%  6082 2336s
  2685  2190  559.84075   48  582  602.00000  541.17063  10.1%  6199 2349s
  2700  2204  560.82866   49  608  602.00000  541.17063  10.1%  6284 2360s
  2719  2219  560.82454   50  558  602.00000  541.17063  10.1%  6392 2374s
  2741  2229  561.47541   51  548  602.00000  541.17063  10.1%  6527 2386s
  2763  2230  563.39823   52  527  602.00000  541.17063  10.1%  6611 2398s
  2781  2234  569.26358   52  525  602.00000  541.17063  10.1%  6619 2410s
  2803  2242  564.76681   53  518  602.00000  541.17063  10.1%  6658 2426s
  2827  2260  566.48710   54  553  602.00000  541.70001  10.0%  6813 2440s
  2853  2290  567.77116   58  453  602.00000  541.70001  10.0%  7018 2455s
  2892  2319  572.08022   63  438  602.00000  541.70001  10.0%  7205 2470s
  2943  2333  573.45208   68  442  602.00000  541.70001  10.0%  7351 2485s
  2985  2349  581.89941   73  458  602.00000  541.70484  10.0%  7518 2500s
  3017  2389  577.45346   79  449  602.00000  541.70484  10.0%  7735 2516s
  3070  2433  589.03211   87  355  602.00000  541.70484  10.0%  7976 2532s
  3147  2475  598.22352  108  334  602.00000  541.70484  10.0%  8122 2545s
  3256  2471  593.39170  128  354  602.00000  541.70484  10.0%  8098 2559s
  3350  2456  551.60573   29  681  602.00000  542.64620  9.86%  8099 2576s
  3379  2475  554.45448   32  640  602.00000  542.64620  9.86%  8249 2591s
  3407  2505  558.78817   35  586  602.00000  542.64620  9.86%  8435 2605s
  3447  2553  567.07927   38  507  602.00000  542.64620  9.86%  8565 2620s
  3524  2595  566.62856   44  486  602.00000  542.64620  9.86%  8635 2637s
  3605  2596  580.01443   49  399  602.00000  543.34745  9.74%  8649 2656s
  3646  2618  581.18789   55  485  602.00000  543.34745  9.74%  8853 2674s
  3684  2658  590.47155   62  437  602.00000  543.34745  9.74%  9078 2693s
  3737  2699  580.90739   73  420  602.00000  543.34745  9.74%  9292 2715s
  3829  2713  546.43772   30  757  602.00000  543.34745  9.74%  9418 2735s
  3890  2738  555.78647   34  603  602.00000  543.34745  9.74%  9607 2756s
  3936  2762  555.31668   36  640  602.00000  543.34745  9.74%  9840 2776s
  3975  2815  560.79048   40  506  602.00000  543.34745  9.74%  9989 2802s
  4049  2859  567.00365   54  448  602.00000  543.34745  9.74% 10148 2826s
  4119  2938  574.98428   64  430  602.00000  543.34745  9.74% 10396 2854s
  4263  2940  597.28249   87  377  602.00000  543.34745  9.74% 10427 2881s
  4338  2971  549.11954   32  734  602.00000  543.34745  9.74% 10600 2908s
  4394  3042  555.52863   40  613  602.00000  543.34745  9.74% 10861 2936s
  4508  3079  566.33602   56  526  602.00000  543.34745  9.74% 10904 2965s
  4615  3135  580.49622   79  506  602.00000  544.07781  9.62% 10964 2999s
  4729  3182  552.10146   27  709  602.00000  544.07781  9.62% 11041 3029s
  4815  3251  564.13668   42  595  602.00000  544.07781  9.62% 11263 3061s
  4973  3252  579.16559   62  508  602.00000  544.75246  9.51% 11237 3095s
  5035  3293  553.43631   30  690  602.00000  544.75246  9.51% 11402 3127s
  5096  3396  559.84811   37  640  602.00000  544.75246  9.51% 11565 3163s
  5235  3467  589.59049   60  510  602.00000  544.84150  9.49% 11659 3201s
  5402  3513  558.34278   47  565  602.00000  545.33083  9.41% 11712 3242s
  5545  3550  552.93861   38  606  602.00000  545.44497  9.39% 11804 3283s
  5641  3601  572.32537   47  300  602.00000  545.44497  9.39% 11940 3326s
  5747  3640  558.67449   31  713  602.00000  545.44497  9.39% 11925 3370s
  5836  3684  575.69828   48  574  602.00000  545.44497  9.39% 12051 3412s
  5912  3751  597.38275   82  465  602.00000  545.75363  9.34% 12049 3456s
  6049  3794  588.88115   48  385  602.00000  545.89324  9.32% 12042 3510s
  6159  3861  558.52169   44  666  602.00000  545.89324  9.32% 12236 3562s
  6309  3957  550.48663   36  692  602.00000  545.89324  9.32% 12372 3614s
  6485  4019  585.27646   74  347  602.00000  545.89324  9.32% 12449 3667s
  6652  4168  561.12377   50  594  602.00000  546.46234  9.23% 12550 3726s
  6880  4215  582.62196   94  421  602.00000  546.46234  9.23% 12674 3784s
  7046  4285  561.64280   45  594  602.00000  546.50306  9.22% 12809 3843s
  7180  4442  595.59133   99  412  602.00000  546.53213  9.21% 13016 3909s
  7452  4520  565.89482   52  554  602.00000  546.74678  9.18% 12972 3979s
  7661  4621  553.19744   33  778  602.00000  546.74678  9.18% 13073 4053s
  7887  4548  571.27283   57  533  602.00000  546.74678  9.18% 13205 4106s
  7892  4560  571.78715   58  559  602.00000  546.90517  9.15% 13206 4165s
  7916  4704  573.51968   62  547  602.00000  546.90517  9.15% 13242 4237s
  8106  4828  555.04217   33  690  602.00000  546.98515  9.14% 13261 4310s
  8353  4881  550.86706   31  797  602.00000  547.21686  9.10% 13386 4382s
  8552  4995  564.02096   35  592  602.00000  547.56540  9.04% 13478 4468s
  8822  5217  575.11737   51  542  602.00000  547.56540  9.04% 13693 4556s
  9140  5530  564.26498   41  681  602.00000  547.98329  8.97% 13806 4648s
  9520  5806  555.92976   34  685  602.00000  548.13338  8.95% 13796 4737s
  9882  6007  558.47501   38  705  602.00000  548.25108  8.93% 13784 4830s
 10133  6318  580.53612   64  484  602.00000  548.25500  8.93% 13833 4932s
 10529  6671  553.30697   32  714  602.00000  548.52299  8.88% 13912 5055s
 10950  6945  575.81403   53  507  602.00000  548.56718  8.88% 13963 5153s
 11319  7184  580.58003   82  474  602.00000  548.66494  8.86% 13898 5248s
 11651  7375  564.58452   39  567  602.00000  548.83836  8.83% 13835 5329s
 11920  7653     cutoff   81       602.00000  548.91271  8.82% 13844 5446s
 12383  7898  598.42663   99  477  602.00000  549.10446  8.79% 13761 5561s
 12848  8130  559.56776   29  669  602.00000  549.28216  8.76% 13654 5677s
 13170  8378  555.58136   36  754  602.00000  549.38078  8.74% 13653 5801s
 13513  8745  564.60300   40  659  602.00000  549.39483  8.74% 13716 5930s
 13991  9070  557.86246   35  663  602.00000  549.39483  8.74% 13766 6057s
 14429  9411  589.69741   42  482  602.00000  549.92065  8.65% 13795 6177s
 14900  9768  572.21232   66  564  602.00000  550.07457  8.63% 13775 6300s
 15404  9824  596.18286   64  307  602.00000  550.13057  8.62% 13695 6407s
 15498 10143  559.89563   40  641  602.00000  550.13057  8.62% 13727 6526s
 15886 10371  587.06822   79  468  602.00000  550.39619  8.57% 13829 6642s
 16221 10646  568.13549   35  595  602.00000  550.44739  8.56% 13825 6764s
 16552 11074  576.89018   65  535  602.00000  550.54379  8.55% 13953 6892s
 17101 11418  569.79412   47  620  602.00000  550.76892  8.51% 13926 7011s
 17579 11829  564.04872   43  558  602.00000  550.87510  8.49% 13895 7122s
 18087 12164  558.86936   37  680  602.00000  550.97862  8.48% 13874 7241s
 18511 12363  565.88063   39  545  602.00000  551.01017  8.47% 13894 7350s
 18770 12649  573.40156   60  552  602.00000  551.05202  8.46% 13927 7462s
 19123 13012  591.44698   83  387  602.00000  551.06436  8.46% 13935 7588s
H19301 12979                     601.0000000  551.06777  8.31% 13900 7588s
H19691 11851                     595.0000000  551.23740  7.36% 13881 7710s
 20002 12179  565.00375   46  644  595.00000  551.38186  7.33% 13938 7828s
H20356 11867                     594.0000000  551.49268  7.16% 13908 7828s
 20454 12239  592.89008   92  406  594.00000  551.50962  7.15% 13931 7951s
 20981 12240  579.60323   52  447  594.00000  551.64650  7.13% 13921 8532s
 20983 12241  567.99379   55  488  594.00000  551.64650  7.13% 13919 8542s
 20984 12242  574.09323   43  564  594.00000  551.64650  7.13% 13919 8565s
 20985 12243  578.55162   52  598  594.00000  551.64650  7.13% 13918 8572s
H20985 11630                     593.0000000  551.64650  6.97% 13918 8581s
 20987 11631  573.12051   46  663  593.00000  551.64650  6.97% 13917 8587s
H20987 11050                     592.0000000  551.64650  6.82% 13917 8595s
 20989 11051  590.03209   64  685  592.00000  551.64650  6.82% 13916 8605s
 20990 11052  570.62880   65  695  592.00000  551.64650  6.82% 13915 8613s
 20991 11053  585.33218   63  682  592.00000  551.64650  6.82% 13914 8621s
 20992 11053  579.26657   61  680  592.00000  551.64650  6.82% 13914 8627s
 20993 11054  569.19976   45  725  592.00000  551.64650  6.82% 13913 8633s
 20994 11055  563.26015   38  747  592.00000  551.64650  6.82% 13912 8641s
 20995 11055  583.12182   46  769  592.00000  551.64650  6.82% 13912 8645s
 20996 11056  585.09136   60  807  592.00000  551.64650  6.82% 13911 8651s
 20997 11057  589.54227   69  801  592.00000  551.64650  6.82% 13910 8656s
 20998 11057  586.50475   72  838  592.00000  551.64650  6.82% 13910 8661s
 20999 11058  563.39567   43  871  592.00000  551.64650  6.82% 13909 8668s
 21000 11059  568.58485   36  841  592.00000  551.64650  6.82% 13908 8670s
 21001 11059  553.86611   34  855  592.00000  551.64650  6.82% 13908 8676s
 21002 11060  577.73758   53  845  592.00000  551.64650  6.82% 13907 8680s
 21003 11061  571.65515   40  854  592.00000  551.64650  6.82% 13906 8687s
 21005 11062  570.17882   55  913  592.00000  551.64650  6.82% 13905 8692s
 21007 11063  583.51022   55  916  592.00000  551.64650  6.82% 13904 8695s
 21010 11065  575.09408   72  932  592.00000  551.64650  6.82% 13902 8701s
 21013 11067  567.32560   56  973  592.00000  551.64650  6.82% 13900 8705s
 21018 11071  566.27759   52  970  592.00000  551.64650  6.82% 13896 8713s
 21019 11071  571.72103   69  986  592.00000  551.64650  6.82% 13896 8715s
 21023 11074  574.83643   37  983  592.00000  551.64650  6.82% 13893 8720s
 21025 11075  555.52173   38  994  592.00000  551.64650  6.82% 13892 8746s
 21026 11076  589.80361  109  925  592.00000  551.64650  6.82% 13891 8750s
 21031 11079  587.75069   83 1012  592.00000  551.64650  6.82% 13888 8781s
 21034 11081  573.77432   54 1008  592.00000  551.64650  6.82% 13886 8785s
 21036 11083  579.87474   66 1037  592.00000  551.64650  6.82% 13884 8808s
 21037 11083  573.63397   44 1004  592.00000  551.64650  6.82% 13884 8818s
 21040 11085  575.71888   56 1046  592.00000  551.64650  6.82% 13882 8843s
 21041 11086  568.17484   49  979  592.00000  551.64650  6.82% 13881 8887s
 21045 11089  586.85457   69 1024  592.00000  551.64650  6.82% 13878 8916s
 21046 11089  568.92045   56  988  592.00000  551.64650  6.82% 13878 8925s
 21050 11092  580.30814   54 1010  592.00000  551.64650  6.82% 13875 8944s
 21051 11093  561.68905   35  984  592.00000  551.64650  6.82% 13875 8947s
 21053 11094  585.71923   73  994  592.00000  551.64650  6.82% 13873 8979s
 21054 11095  573.57127   46  955  592.00000  551.64650  6.82% 13873 8998s
 21055 11095  588.07495   59  971  592.00000  551.64650  6.82% 13872 9000s
 21056 11096  582.99102   65 1028  592.00000  551.64650  6.82% 13871 9022s
 21057 11097  556.92677   37 1008  592.00000  551.64650  6.82% 13871 9026s
 21059 11098  564.24409   45 1044  592.00000  551.64650  6.82% 13869 9053s
 21060 11099  588.05215   63  985  592.00000  551.64650  6.82% 13869 9059s
 21061 11099  563.41271   42  999  592.00000  551.64650  6.82% 13868 9061s
 21065 11102  581.19448   67 1086  592.00000  551.64650  6.82% 13865 9088s
 21066 11103  573.90512   66 1014  592.00000  551.64650  6.82% 13865 9091s
 21069 11105  586.35180   59 1070  592.00000  551.64650  6.82% 13863 9118s
 21070 11105  581.07026   53 1067  592.00000  551.64650  6.82% 13862 9121s
 21073 11107  558.05846   38 1085  592.00000  551.64650  6.82% 13860 9151s
 21076 11109  566.19377   45 1050  592.00000  551.64650  6.82% 13858 9179s
 21077 11110  587.15125   67  999  592.00000  551.64650  6.82% 13857 9185s
 21080 11112  566.38451   50 1056  592.00000  551.64650  6.82% 13855 9211s
 21084 11115  574.09323   43 1040  592.00000  551.64650  6.82% 13853 9235s
 21085 11115  578.55162   52 1050  592.00000  551.64650  6.82% 13852 9240s
 21088 11117  583.31229   83 1082  592.00000  551.64650  6.82% 13850 9261s
 21092 11120  579.26657   61 1088  592.00000  551.64650  6.82% 13848 9287s
H21092 10562                     591.0000000  551.64650  6.66% 13848 9292s
 21093 10563  569.19976   45 1074  591.00000  551.64650  6.66% 13847 9303s
 21094 10563  563.26015   38 1088  591.00000  551.64650  6.66% 13846 9325s
 21097 10565  589.54227   69 1108  591.00000  551.64650  6.66% 13844 9350s
 21099 10567  563.39567   43 1113  591.00000  551.64650  6.66% 13843 9373s
 21100 10567  568.58485   36 1082  591.00000  551.64650  6.66% 13842 9375s
 21101 10568  553.86611   34 1096  591.00000  551.64650  6.66% 13842 9398s
 21102 10569  577.73758   53 1097  591.00000  551.64650  6.66% 13841 9400s
 21105 10571  570.17882   55 1105  591.00000  551.64650  6.66% 13839 9421s
 21108 10573  583.52443   74 1059  591.00000  551.64650  6.66% 13837 9425s
 21109 10573  577.77178   59 1070  591.00000  551.64650  6.66% 13836 9450s
 21110 10574  575.09408   72 1079  591.00000  551.64650  6.66% 13836 9455s
 21112 10575  586.98727   56 1094  591.00000  551.64650  6.66% 13834 9472s
 21114 10577  556.63163   39 1090  591.00000  551.64650  6.66% 13833 9497s
 21115 10577  563.02370   49 1069  591.00000  551.64650  6.66% 13832 9502s
 21116 10578  563.44191   39 1105  591.00000  551.64650  6.66% 13832 9522s
 21118 10579  566.27759   52 1099  591.00000  551.64650  6.66% 13831 9541s
 21119 10580  571.72103   69 1105  591.00000  551.64650  6.66% 13830 9555s
 21120 10581  567.08153   61 1105  591.00000  551.64650  6.66% 13829 9578s
 21121 10581  577.94587   67 1105  591.00000  551.64650  6.66% 13829 9603s
 21122 10582  572.06638   57 1010  591.00000  551.64650  6.66% 13828 9625s
 21124 10583  584.91414   61 1113  591.00000  551.64650  6.66% 13827 9647s
 21125 10584  555.52173   38 1091  591.00000  551.64650  6.66% 13826 9673s
 21127 10585  591.00000   98 1103  591.00000  551.64650  6.66% 13825 9675s
 21129 10587  562.19300   49 1103  591.00000  551.64650  6.66% 13823 9701s
 21133 10589  567.17737   39 1094  591.00000  551.64650  6.66% 13821 9718s
 21134 10590  573.77432   54 1022  591.00000  551.64650  6.66% 13820 9720s
 21137 10592  573.63397   44 1103  591.00000  551.64650  6.66% 13818 9740s
 21141 10595  568.17484   49 1108  591.00000  551.64650  6.66% 13815 9765s
 21144 10597  580.90694   66 1102  591.00000  551.64650  6.66% 13814 9790s
 21146 10598  568.92045   56 1111  591.00000  551.64650  6.66% 13812 9809s
 21147 10599  582.10757   59 1117  591.00000  551.64650  6.66% 13812 9811s
 21148 10599  591.00000   65 1112  591.00000  551.64650  6.66% 13811 9835s
 21150 10601  580.30814   54 1104  591.00000  551.64650  6.66% 13810 9862s
 21152 10602  591.00000  104 1096  591.00000  551.64650  6.66% 13808 9865s
 21154 10603  573.57127   46 1095  591.00000  551.64650  6.66% 13807 9888s
 21155 10604  588.07495   59 1046  591.00000  551.64650  6.66% 13806 9891s
 21156 10605  582.99102   65 1061  591.00000  551.64650  6.66% 13806 9911s
 21157 10605  556.92677   37 1083  591.00000  551.64650  6.66% 13805 9915s
 21158 10606  570.31596   39 1089  591.00000  551.64650  6.66% 13804 9936s
 21160 10607  588.05215   63 1103  591.00000  551.64650  6.66% 13803 9957s
 21162 10609  560.98647   48 1098  591.00000  551.64650  6.66% 13802 9979s
 21163 10609  576.90713   50 1099  591.00000  551.64650  6.66% 13801 9982s
 21164 10610  574.29474   62 1101  591.00000  551.64650  6.66% 13800 10004s
 21165 10611  581.19448   67 1103  591.00000  551.64650  6.66% 13800 10037s
 21167 10612  576.58691   42 1078  591.00000  551.64650  6.66% 13798 10057s
 21170 10614  581.07026   53 1099  591.00000  551.64650  6.66% 13797 10084s
 21171 10615  587.99296   63 1109  591.00000  551.64650  6.66% 13796 10086s
 21172 10615  566.01515   58 1109  591.00000  551.64650  6.66% 13795 10111s
 21173 10616  558.05846   38 1109  591.00000  551.64650  6.66% 13795 10131s
 21174 10617  579.83320   68 1019  591.00000  551.64650  6.66% 13794 10154s
 21175 10617  559.62598   39 1115  591.00000  551.64650  6.66% 13793 10174s
 21176 10618  566.19377   45 1087  591.00000  551.64650  6.66% 13793 10196s
 21177 10619  587.15125   67 1072  591.00000  551.64650  6.66% 13792 10231s
 21178 10619  583.22052   52 1072  591.00000  551.64650  6.66% 13791 10253s
 21179 10622  551.64650   37  904  591.00000  551.64650  6.66% 13826 10271s
 21180 10624  551.64650   38  906  591.00000  551.64650  6.66% 13825 10283s
 21182 10627  553.95660   38  800  591.00000  551.64650  6.66% 13825 10297s
 21186 10630  555.60706   39  728  591.00000  551.64650  6.66% 13825 10308s
 21190 10642  557.14814   40  696  591.00000  551.64650  6.66% 13827 10322s
 21204 10642  568.90321   42  647  591.00000  551.64650  6.66% 13850 10332s
 21208 10649  558.38003   43  698  591.00000  551.64650  6.66% 13849 10342s
 21217 10652  559.88933   45  630  591.00000  551.64650  6.66% 13859 10351s
 21223 10654  561.62237   46  630  591.00000  551.64650  6.66% 13858 10359s
 21227 10666  562.01031   47  571  591.00000  551.64650  6.66% 13858 10368s
 21240 10673  566.12492   48  524  591.00000  551.64650  6.66% 13872 10374s
 21252 10682  565.27067   50  542  591.00000  551.64650  6.66% 13873 10380s
 21268 10690  565.85947   52  557  591.00000  551.64650  6.66% 13880 10385s
 21282 10701  567.11490   53  558  591.00000  551.64650  6.66% 13885 10391s
 21298 10705  567.93826   54  544  591.00000  551.64650  6.66% 13885 10396s
 21315 10711  571.14592   55  499  591.00000  551.64650  6.66% 13884 10401s
 21334 10708  568.57383   57  506  591.00000  551.64650  6.66% 13880 10411s
 21354 10707  576.40725   58  463  591.00000  551.64650  6.66% 13878 10418s
 21363 10711  573.01633   60  469  591.00000  551.64650  6.66% 13883 10422s
 21370 10719  573.51244   62  498  591.00000  551.64650  6.66% 13889 10428s
 21381 10729  578.83881   65  477  591.00000  551.64650  6.66% 13895 10433s
 21396 10733     cutoff   69       591.00000  551.64650  6.66% 13898 10439s
 21414 10735  586.53218   77  425  591.00000  551.64650  6.66% 13899 10444s
 21435 10736     cutoff   86       591.00000  551.64650  6.66% 13898 10452s
 21446 10751  579.55471   50  494  591.00000  551.64650  6.66% 13904 10458s
 21479 10747  583.09229   58  443  591.00000  551.64650  6.66% 13897 10465s
 21503 10745  586.80797   71  286  591.00000  551.64650  6.66% 13892 10475s
 21518 10750  558.43848   41  759  591.00000  551.64650  6.66% 13902 10480s
 21532 10758  558.94785   42  746  591.00000  551.64650  6.66% 13907 10488s
 21557 10764  563.22446   42  732  591.00000  551.64650  6.66% 13911 10495s
 21573 10777  560.35508   44  700  591.00000  551.64650  6.66% 13920 10502s
 21599 10778  563.14436   45  666  591.00000  551.64650  6.66% 13921 10512s
 21618 10786  567.08683   45  586  591.00000  552.36798  6.54% 13928 10521s
 21633 10796  569.47039   48  479  591.00000  552.36798  6.54% 13939 10536s
 21663 10804  574.57908   56  438  591.00000  552.36798  6.54% 13943 10544s
 21682 10824  583.40702   62  368  591.00000  552.36798  6.54% 13955 10554s
 21715 10845  584.01294   81  398  591.00000  553.46655  6.35% 13960 10564s
 21779 10835  569.08024   42  603  591.00000  553.46655  6.35% 13945 10575s
 21813 10866  564.89789   40  716  591.00000  553.46655  6.35% 13943 10585s
 21859 10871  579.84763   44  642  591.00000  553.46655  6.35% 13939 10598s
 21917 10879  574.93621   44  589  591.00000  555.08628  6.08% 13931 10609s
 21948 10892  586.98208   56  422  591.00000  555.08628  6.08% 13937 10619s
 21996 10915  571.09766   44  668  591.00000  555.50949  6.01% 13936 10644s
 22048 10929  578.21372   59  607  591.00000  556.31688  5.87% 13930 10659s
 22104 10935  578.17244   54  464  591.00000  556.62129  5.82% 13922 10672s
 22140 10956  571.61929   46  567  591.00000  556.68296  5.81% 13925 10688s
 22184 10981  569.36133   47  726  591.00000  556.68296  5.81% 13932 10702s
 22224 11012  574.17154   54  694  591.00000  556.68296  5.81% 13939 10717s
 22282 11032  577.27345   67  610  591.00000  556.68296  5.81% 13934 10732s
 22339 11052  582.80358   81  553  591.00000  556.68296  5.81% 13930 10750s
 22427 11055  558.33781   45  856  591.00000  556.68296  5.81% 13914 10767s
 22476 11064  561.50366   50  766  591.00000  557.05871  5.74% 13920 10784s
 22501 11087  568.30344   57  671  591.00000  557.05871  5.74% 13943 10800s
 22533 11109  573.67906   68  616  591.00000  557.05871  5.74% 13963 10820s
 22578 11133  579.11257   51  606  591.00000  557.07093  5.74% 13968 10837s
 22623 11170  581.49657   49  625  591.00000  557.08720  5.74% 13985 10860s
 22693 11190  567.81163   53  630  591.00000  557.09348  5.74% 13986 10882s
 22751 11190  585.09500   78  512  591.00000  557.09348  5.74% 13993 10901s
 22779 11262  576.48829   45  654  591.00000  557.10303  5.74% 14001 10926s
 22900 11261  560.00371   42  790  591.00000  557.10303  5.74% 13985 10958s
 22982 11298  578.21669   48  547  591.00000  557.10303  5.74% 13982 10982s
 23059 11350  573.26510   48  597  591.00000  557.10303  5.74% 13987 11005s
 23176 11365  584.35773   77  451  591.00000  557.25468  5.71% 13970 11031s
 23270 11444  571.00499   48  777  591.00000  557.94266  5.59% 13962 11061s
 23413 11482  564.67839   42  736  591.00000  557.94266  5.59% 13937 11091s
 23528 11534  582.74382   64  501  591.00000  557.94266  5.59% 13921 11119s
 23652 11563  586.33946   56  503  591.00000  557.94266  5.59% 13899 11147s
 23761 11563  576.83451   51  519  591.00000  557.94266  5.59% 13893 11176s
 23888 11600  566.18570   53  635  591.00000  557.94266  5.59% 13879 11222s
 23997 11594  578.24069   79  516  591.00000  558.68016  5.47% 13865 11254s
 24062 11654  566.24259   45  810  591.00000  558.68016  5.47% 13852 11300s
 24229 11685  570.81204   51  661  591.00000  558.85950  5.44% 13821 11334s
 24382 11736  567.60222   50  761  591.00000  559.07479  5.40% 13807 11371s
 24526 11799  562.97805   48  764  591.00000  559.07479  5.40% 13815 11421s
 24696 11826  571.68988   66  653  591.00000  559.07479  5.40% 13798 11458s
 24820 11911  579.04709   81  523  591.00000  559.61984  5.31% 13783 11503s
 24984 11977  580.93854   48  561  591.00000  559.90616  5.26% 13774 11551s
 25150 12076  572.22226   46  624  591.00000  559.90616  5.26% 13754 11598s
 25376 12161  574.10199   53  540  591.00000  559.90616  5.26% 13730 11649s
 25624 12203  568.30789   50  653  591.00000  560.35644  5.19% 13684 11701s
 25819 12262  572.34117   46  778  591.00000  560.43442  5.17% 13661 11753s
 25982 12329  567.33178   58  737  591.00000  560.43442  5.17% 13688 11806s
 26142 12386  571.68677   73  691  591.00000  560.43442  5.17% 13687 11869s
 26324 12457  563.47562   49  851  591.00000  560.78415  5.11% 13675 11924s
 26543 12521  569.49683   56  726  591.00000  560.81134  5.11% 13656 11989s
 26821 12621  567.68276   48  776  591.00000  561.14983  5.05% 13621 12062s
 27118 12700  587.18173   99  535  591.00000  561.37724  5.01% 13601 12134s
 27425 12780  583.71840   64  456  591.00000  561.37724  5.01% 13565 12203s
 27715 12881  572.35674   45  907  591.00000  561.91425  4.92% 13514 12274s
 27941 12806  588.40040  103  596  591.00000  561.94279  4.92% 13490 12275s
 27985 13029  584.43353   96  516  591.00000  561.94279  4.92% 13488 12355s
 28352 13083  566.14318   44  686  591.00000  561.94279  4.92% 13448 12431s
 28661 13190  578.24544   55  705  591.00000  562.14405  4.88% 13401 12526s
 29156 13239  566.14457   45  832  591.00000  562.49019  4.82% 13296 12616s
 29533 13337  566.70566   52  749  591.00000  562.56069  4.81% 13257 12707s
 29993 13388  588.59151   81  474  591.00000  562.91378  4.75% 13186 12798s
 30396 13449  580.55133   63  525  591.00000  563.05830  4.73% 13116 12897s
 30742 13549  572.16470   52  656  591.00000  563.22753  4.70% 13051 12996s
H31064 13069                     590.0000000  563.33819  4.52% 13027 13098s
 31465 13202  577.34043   55  492  590.00000  563.48080  4.49% 12964 13215s
 31998 13272  574.86012   47  569  590.00000  563.68108  4.46% 12876 13303s
 32472 13401  570.63860   52  720  590.00000  564.06965  4.39% 12808 13392s
 32930 13458  571.42973   65  659  590.00000  564.15216  4.38% 12760 13477s
 33365 13568  573.79876   56  642  590.00000  564.43169  4.33% 12690 13558s
 33840 13644  572.95516   44  665  590.00000  564.55569  4.31% 12632 13637s
 34272 13748  579.79573   60  551  590.00000  564.67991  4.29% 12573 13719s
 34764 13778  578.74335   83  586  590.00000  564.79223  4.27% 12502 13794s
 35153 13811  584.66734   73  580  590.00000  564.88476  4.26% 12451 13872s
 35508 13962  567.78793   51  798  590.00000  565.09794  4.22% 12404 13956s
 36054 14003  584.64477   52  532  590.00000  565.28988  4.19% 12313 14026s
 36395 14159  578.81056   71  675  590.00000  565.44683  4.16% 12271 14107s
 36902 14244  578.11649   57  688  590.00000  565.58182  4.14% 12205 14182s
 37408 14288  581.59866   63  465  590.00000  565.72387  4.11% 12132 14256s
 37806 14360  576.31156   43  522  590.00000  565.88223  4.09% 12084 14330s
 38148 14504  582.51964   52  433  590.00000  565.93466  4.08% 12057 14408s
 38610 14538 infeasible   58       590.00000  566.02794  4.06% 11989 14479s
 38949 14656  581.15478   53  628  590.00000  566.11953  4.05% 11955 14553s
 39361 14784  583.58901   93  567  590.00000  566.24695  4.03% 11918 14632s
 39879 14907  581.58672   55  538  590.00000  566.39304  4.00% 11842 14705s
 40304 15114     cutoff   91       590.00000  566.47329  3.99% 11801 14781s
 40897 15200  570.46008   44  690  590.00000  566.60536  3.97% 11727 14854s
 41464 15225  573.92777   55  718  590.00000  566.73253  3.94% 11660 14924s
 41922 15475  570.43987   56  691  590.00000  566.81418  3.93% 11605 15019s
 42534 15544  578.19445   58  611  590.00000  566.92357  3.91% 11537 15089s
 42998 15619  577.48309   58  640  590.00000  566.96729  3.90% 11491 15149s
 43426 15741  577.67485   50  636  590.00000  567.09472  3.88% 11439 15211s
 43853 15829  577.58215   58  591  590.00000  567.16757  3.87% 11397 15278s
 44311 15770  587.85373   63  479  590.00000  567.26176  3.85% 11345 15332s
 44477 15932  578.96296   63  600  590.00000  567.31307  3.85% 11328 15392s
 44870 15975  578.67175   43  626  590.00000  567.34208  3.84% 11287 15456s
 45242 16124  576.29478   52  628  590.00000  567.49127  3.82% 11253 15521s
 45664 16331  578.59238   65  591  590.00000  567.57807  3.80% 11224 15586s
 46188 16397     cutoff   76       590.00000  567.64405  3.79% 11169 15648s
 46604 16545  580.41898   57  488  590.00000  567.70355  3.78% 11133 15711s
 47109 16596     cutoff   79       590.00000  567.84487  3.76% 11075 15768s
 47478 16724  584.87468   49  433  590.00000  567.91280  3.74% 11047 15828s
 47935 16802  587.01661   57  509  590.00000  567.98723  3.73% 10996 15893s
 48341 16894  588.35995   61  620  590.00000  568.03537  3.72% 10962 15952s
 48742 17009  588.66248   84  523  590.00000  568.12420  3.71% 10929 16017s
 49136 16943  584.92040  103  582  590.00000  568.19398  3.70% 10896 16066s
 49232 17064  578.99688   56  497  590.00000  568.21638  3.69% 10896 16119s
 49550 17192  580.29464   54  699  590.00000  568.25591  3.69% 10862 16184s
 50007 17191  575.45675   50  589  590.00000  568.35026  3.67% 10821 16248s
 50306 17351  583.99321   47  698  590.00000  568.43613  3.65% 10810 16310s
 50785 17401  588.58398   88  573  590.00000  568.47650  3.65% 10762 16371s
 51253 17464  584.84649   60  396  590.00000  568.55662  3.63% 10721 16432s
 51707 17619  582.08080   58  528  590.00000  568.61806  3.62% 10681 16496s
 52095 17936     cutoff   54       590.00000  568.68799  3.61% 10653 16562s
 52709 18284  573.72777   64  739  590.00000  568.78271  3.60% 10591 16645s
 53364 18511  583.45971   61  696  590.00000  568.87939  3.58% 10526 16706s
 53783 18770  580.56515   44  608  590.00000  568.95317  3.57% 10493 16759s
 54279 18934     cutoff   53       590.00000  569.04411  3.55% 10448 16815s
 54640 19187  580.77087   73  669  590.00000  569.08024  3.55% 10423 16867s
 55072 19402  585.31827   84  571  590.00000  569.14720  3.53% 10382 16918s
 55426 19590  580.52685   60  673  590.00000  569.23058  3.52% 10360 16970s
 55873 19784  574.02955   54  557  590.00000  569.29598  3.51% 10321 17024s
 56344 19948  574.55507   56  699  590.00000  569.37236  3.50% 10282 17078s
 56694 20181  586.07908   61  635  590.00000  569.43889  3.48% 10269 17130s
 57176 20368     cutoff   63       590.00000  569.50120  3.47% 10228 17183s
 57592 20564  577.93067   57  662  590.00000  569.53118  3.47% 10197 17234s
 57975 20747  582.55369   67  735  590.00000  569.58203  3.46% 10169 17292s
 58397 21002  577.10330   55  674  590.00000  569.68604  3.44% 10139 17342s
 58848 21168  573.10285   44  667  590.00000  569.75739  3.43% 10104 17391s
 59214 21421  578.50610   56  703  590.00000  569.78137  3.43% 10075 17446s
 59687 21667  578.39611   58  742  590.00000  569.84787  3.42% 10035 17497s
 60104 21884  587.87797   70  513  590.00000  569.90949  3.41%  9999 17548s
 60511 22108  588.54806   98  457  590.00000  569.94269  3.40%  9969 17600s
 61016 22297  581.26014   53  740  590.00000  570.01407  3.39%  9931 17652s
 61450 22586  578.81760   58  650  590.00000  570.05729  3.38%  9899 17705s
 61919 22591  576.65136   62  742  590.00000  570.14095  3.37%  9865 17736s
 61927 22595  576.65177   63  721  590.00000  570.14095  3.37%  9864 17770s
 61931 22671  576.77108   64  691  590.00000  570.14332  3.37%  9864 17810s
 62111 22824     cutoff   52       590.00000  570.16126  3.36%  9851 17856s
 62378 23032     cutoff   64       590.00000  570.18025  3.36%  9833 17909s
 62840 23163  576.83940   62  663  590.00000  570.26319  3.35%  9800 17965s
 63241 23358  572.53291   54  896  590.00000  570.31786  3.34%  9774 18045s
 63667 23643  574.42656   49  683  590.00000  570.38476  3.32%  9754 18123s
 64258 23876  576.86915   55  530  590.00000  570.46208  3.31%  9716 18186s
 64785 24053  579.38914   54  574  590.00000  570.54257  3.30%  9681 18244s
 65202 24261  588.50795   65  459  590.00000  570.57968  3.29%  9657 18300s
 65638 24478  581.90619   61  477  590.00000  570.64036  3.28%  9629 18356s
 66080 24665  588.08617   70  511  590.00000  570.69139  3.27%  9602 18411s
 66454 24896  586.76730   71  589  590.00000  570.76086  3.26%  9582 18466s
 66896 25064  577.71914   58  701  590.00000  570.79525  3.26%  9560 18525s
 67335 25251  585.08436   59  621  590.00000  570.86781  3.24%  9534 18581s
 67752 25429  587.00155   55  441  590.00000  570.88275  3.24%  9511 18632s
 68093 25752  585.29723   64  591  590.00000  570.92722  3.23%  9492 18691s
 68620 25929  581.76070   49  733  590.00000  571.00068  3.22%  9455 18747s
 69023 26089  575.66811   51  527  590.00000  571.04680  3.21%  9436 18801s
 69407 26279  584.88828   70  556  590.00000  571.13432  3.20%  9414 18860s
 69862 26510  576.02856   51  788  590.00000  571.17358  3.19%  9387 18918s
 70291 26685  586.76846   48  705  590.00000  571.22741  3.18%  9366 18970s
 70733 26819     cutoff   56       590.00000  571.27240  3.17%  9338 19023s
 71084 27016  584.75211   61  626  590.00000  571.31040  3.17%  9321 19076s
 71451 27199  579.27951   63  648  590.00000  571.34240  3.16%  9305 19133s
 71886 27372  579.95448   66  685  590.00000  571.42068  3.15%  9278 19186s
 72205 27571  581.91503   70  681  590.00000  571.46535  3.14%  9262 19240s
 72772 27816  583.03065   56  501  590.00000  571.51499  3.13%  9223 19296s
 73261 28033     cutoff   54       590.00000  571.57347  3.12%  9193 19351s
 73773 28295  577.26916   49  559  590.00000  571.60436  3.12%  9166 19424s
 74460 28477  579.89423   54  534  590.00000  571.68588  3.10%  9126 19466s
 74780 28676  578.27787   68  654  590.00000  571.70356  3.10%  9112 19510s
 75147 28871  576.27722   53  636  590.00000  571.72626  3.10%  9096 19558s
 75523 29010  583.45629   59  671  590.00000  571.77005  3.09%  9077 19605s
 75858 29199  577.81456   56  695  590.00000  571.78299  3.09%  9068 19655s
 76290 29379  583.64893   61  674  590.00000  571.82754  3.08%  9043 19704s
 76742 29545  580.58107   77  761  590.00000  571.85937  3.07%  9021 19751s
 77125 29742  577.17935   55  655  590.00000  571.91174  3.07%  9001 19799s
 77538 29904     cutoff   65       590.00000  571.94239  3.06%  8984 19846s
 77932 30097  588.83800   66  526  590.00000  572.00411  3.05%  8965 19897s
 78346 30280  585.13299   56  647  590.00000  572.07656  3.04%  8947 19943s
 78701 30483  586.12296   47  633  590.00000  572.10783  3.03%  8929 19993s
 79173 30693  582.07172   53  619  590.00000  572.17036  3.02%  8904 20041s
 79637 30907  588.71590   64  459  590.00000  572.21944  3.01%  8881 20089s
 80100 31044  586.71536   90  608  590.00000  572.24854  3.01%  8858 20137s
 80442 31229  581.32853   58  689  590.00000  572.28662  3.00%  8848 20186s
 80875 31406  580.14945   50  604  590.00000  572.33828  2.99%  8826 20234s
 81211 31616  582.95734   58  434  590.00000  572.36029  2.99%  8814 20281s
 81685 31755  581.68830   64  727  590.00000  572.40514  2.98%  8789 20334s
 82006 31870  581.68563   66  680  590.00000  572.44620  2.98%  8781 20380s
 82346 31985  581.19559   68  698  590.00000  572.47513  2.97%  8765 20430s
 82716 32198  578.61241   53  472  590.00000  572.50703  2.96%  8749 20484s
 83167 32383     cutoff   54       590.00000  572.53872  2.96%  8728 20534s
 83560 32522  582.94831   52  631  590.00000  572.59693  2.95%  8711 20582s
 83868 32734  582.54258   55  635  590.00000  572.62702  2.94%  8697 20631s
 84224 33032  580.79685   71  548  590.00000  572.65906  2.94%  8687 20700s
 84896 33144  577.89933   61  615  590.00000  572.70306  2.93%  8656 20743s
 85170 33303  582.44861   58  728  590.00000  572.72856  2.93%  8647 20789s
 85505 33473  585.54469   67  550  590.00000  572.78552  2.92%  8636 20842s
 85893 33638  586.46592   47  696  590.00000  572.81648  2.91%  8619 20893s
 86275 33865  582.75293   60  419  590.00000  572.82824  2.91%  8604 20947s
 86715 34024     cutoff   58       590.00000  572.88590  2.90%  8587 20996s
 87169 34193  578.86994   48  572  590.00000  572.92204  2.89%  8566 21048s
 87627 34349  586.53413   61  577  590.00000  572.99224  2.88%  8545 21098s
 88031 34532  586.48251   63  557  590.00000  573.03969  2.87%  8529 21148s
 88444 34719  582.49236   49  384  590.00000  573.07698  2.87%  8512 21202s
 88834 34856  582.33868   52  631  590.00000  573.12534  2.86%  8493 21251s
 89183 35101  584.40306   59  645  590.00000  573.17762  2.85%  8480 21302s
 89605 35299  585.13986   57  674  590.00000  573.21058  2.85%  8466 21353s
 90023 35487     cutoff   73       590.00000  573.23328  2.84%  8450 21404s
 90436 35555  585.10760   76  607  590.00000  573.24846  2.84%  8434 21446s
 90625 35672  586.02744   73  614  590.00000  573.24846  2.84%  8427 21492s
 90915 35898     cutoff   57       590.00000  573.26799  2.84%  8416 21542s
 91417 36077  584.65976   72  380  590.00000  573.33628  2.82%  8395 21595s
 91894 36297  580.09419   54  636  590.00000  573.37441  2.82%  8377 21647s
 92339 36453     cutoff   86       590.00000  573.41582  2.81%  8361 21699s
 92716 36669  585.04354   58  723  590.00000  573.44335  2.81%  8350 21748s
 93173 36892  577.60584   60  727  590.00000  573.46778  2.80%  8332 21799s
 93625 37107  586.81597   56  617  590.00000  573.51910  2.79%  8316 21848s
 94027 37246  586.93086   99  597  590.00000  573.54301  2.79%  8302 21897s
 94466 37454  587.91907   62  651  590.00000  573.59141  2.78%  8286 21965s
 95007 37565  582.09047   58  623  590.00000  573.63426  2.77%  8269 22015s
 95368 37785  580.27049   79  673  590.00000  573.65802  2.77%  8260 22067s
 95838 37891  584.52911   70  695  590.00000  573.71010  2.76%  8241 22116s
 96158 38015  588.48938   56  478  590.00000  573.73908  2.76%  8234 22166s
 96572 38199  579.85898   51  610  590.00000  573.79407  2.75%  8221 22218s
 97052 38401  588.59182   58  370  590.00000  573.82264  2.74%  8202 22269s
 97551 38558  584.15287   57  631  590.00000  573.85002  2.74%  8185 22319s
 98035 38701     cutoff   68       590.00000  573.89241  2.73%  8167 22366s
 98452 38903  582.27516   60  657  590.00000  573.90701  2.73%  8152 22415s
 98892 39080  585.22573   54  684  590.00000  573.93688  2.72%  8137 22465s
 99370 39229  576.06587   56  727  590.00000  573.98527  2.71%  8121 22510s
 99742 39412  588.61164   80  559  590.00000  574.01245  2.71%  8109 22559s
 100224 39618     cutoff   65       590.00000  574.03713  2.71%  8089 22609s
 100722 39742  587.38155   56  272  590.00000  574.06650  2.70%  8068 22655s
 101082 39919  584.08269   62  729  590.00000  574.09347  2.70%  8057 22703s
 101513 40050  586.12633   59  596  590.00000  574.12297  2.69%  8043 22749s
 101917 40184     cutoff   78       590.00000  574.15875  2.68%  8030 22794s
 102277 40359  585.68536   53  498  590.00000  574.18111  2.68%  8022 22842s
 102709 40538  583.71763   60  759  590.00000  574.21941  2.67%  8008 22890s
 103090 40740  582.89927   56  353  590.00000  574.23324  2.67%  7997 22936s
 103533 40905     cutoff   57       590.00000  574.26439  2.67%  7983 22987s
 103943 41033  584.58472   54  430  590.00000  574.30135  2.66%  7970 23032s
 104325 41178  586.13868   78  581  590.00000  574.33746  2.65%  7958 23080s
 104771 41386  585.32367   59  477  590.00000  574.37540  2.65%  7946 23150s
 105304 41534  587.08959   61  406  590.00000  574.40897  2.64%  7931 23199s
 105745 41676  585.57978   72  605  590.00000  574.43402  2.64%  7917 23247s
 106189 41824     cutoff   67       590.00000  574.46271  2.63%  7902 23296s
 106596 42014     cutoff   64       590.00000  574.49430  2.63%  7891 23345s
 107046 42124  579.53253   69  700  590.00000  574.51924  2.62%  7876 23387s
 107341 42339  585.64317   54  491  590.00000  574.53579  2.62%  7866 23435s
 107833 42476  584.33615   68  522  590.00000  574.56477  2.62%  7850 23484s
 108315 42651     cutoff   93       590.00000  574.58873  2.61%  7834 23530s
 108732 42836  577.04888   50  690  590.00000  574.61560  2.61%  7822 23576s
 109171 42972  578.07575   59  833  590.00000  574.64379  2.60%  7809 23624s
 109582 43099     cutoff   65       590.00000  574.67060  2.60%  7799 23673s
 109990 43228  583.16578   56  545  590.00000  574.70811  2.59%  7788 23720s
 110404 43418  582.91997   49  713  590.00000  574.74233  2.59%  7777 23767s
 110819 43537  586.07907   61  578  590.00000  574.76921  2.58%  7766 23813s
 111250 43692  587.52286   77  642  590.00000  574.80157  2.58%  7754 23859s
 111695 43881  587.42951   53  421  590.00000  574.82712  2.57%  7741 23906s
 112159 44002  587.24682   59  656  590.00000  574.86824  2.56%  7727 23950s
 112498 44100  587.70086   55  617  590.00000  574.88212  2.56%  7719 23995s
 112882 44241  579.95916   66  730  590.00000  574.91015  2.56%  7711 24040s
 113336 44333  588.29424   58  749  590.00000  574.94121  2.55%  7699 24084s
 113697 44486  587.34198   52  706  590.00000  574.96489  2.55%  7690 24130s
 114121 44630  583.35524   57  605  590.00000  575.01023  2.54%  7680 24174s
 114542 44776  582.68563   60  570  590.00000  575.04093  2.54%  7669 24222s
 114983 44963     cutoff   77       590.00000  575.06238  2.53%  7658 24284s
 115498 45091  585.94324   76  540  590.00000  575.09072  2.53%  7645 24334s
 115930 45216  584.32092   69  549  590.00000  575.12198  2.52%  7635 24382s
 116282 45339  583.11160   68  600  590.00000  575.14994  2.52%  7627 24432s
 116724 45497  588.23145   66  734  590.00000  575.19091  2.51%  7616 24480s
 117178 45677  582.27488   61  621  590.00000  575.22068  2.50%  7603 24527s
 117630 45779  588.67655   86  601  590.00000  575.24604  2.50%  7591 24574s
 118131 45890  581.62804   61  750  590.00000  575.27034  2.50%  7578 24617s
 118435 46008  579.37917   67  711  590.00000  575.28473  2.49%  7570 24663s
 118871 46148     cutoff   72       590.00000  575.31614  2.49%  7558 24708s
 119259 46210     cutoff   72       590.00000  575.34470  2.48%  7548 24748s
 119512 46342  583.52224   56  591  590.00000  575.34714  2.48%  7541 24795s
 119939 46484  584.44684   54  490  590.00000  575.39255  2.48%  7530 24842s
 120402 46641  585.22283   60  479  590.00000  575.42082  2.47%  7518 24889s
 120842 46814  582.73228   57  599  590.00000  575.45039  2.47%  7508 24935s
 121331 46899  584.90888   55  719  590.00000  575.47736  2.46%  7494 24983s
 121710 47084  583.81462   58  474  590.00000  575.50154  2.46%  7488 25029s
 122168 47242  581.53764   57  803  590.00000  575.54022  2.45%  7476 25077s
 122593 47408  581.73660   72  642  590.00000  575.55951  2.45%  7466 25123s
 123043 47605  585.27733   50  591  590.00000  575.58499  2.44%  7455 25170s
 123551 47743     cutoff   66       590.00000  575.62576  2.44%  7441 25215s
 124034 47875  578.95840   58  605  590.00000  575.65140  2.43%  7429 25262s
 124427 48060  583.51297   62  676  590.00000  575.68769  2.43%  7420 25306s
 124903 48192  585.85130   64  467  590.00000  575.71049  2.42%  7408 25351s
 125345 48387  585.79780   57  480  590.00000  575.74053  2.42%  7398 25411s
 125933 48511  579.80092   60  803  590.00000  575.77730  2.41%  7383 25454s
 126340 48651  588.58849   53  475  590.00000  575.79590  2.41%  7373 25494s
 126774 48759  584.00419   60  526  590.00000  575.82365  2.40%  7362 25534s
 127203 48843  585.93474   61  634  590.00000  575.83768  2.40%  7351 25574s
 127522 48963  582.76746   57  506  590.00000  575.85968  2.40%  7345 25613s
 127923 49066     cutoff   54       590.00000  575.89897  2.39%  7335 25656s
 128357 49198  588.99074   54  663  590.00000  575.92600  2.39%  7325 25697s
 128718 49308     cutoff   47       590.00000  575.93985  2.38%  7318 25738s
 129054 49384  588.35578   79  655  590.00000  575.97471  2.38%  7312 25780s
 129462 49538     cutoff   73       590.00000  575.99629  2.37%  7303 25821s
 129913 49657     cutoff   64       590.00000  576.01914  2.37%  7291 25863s
 130318 49796 infeasible   55       590.00000  576.03471  2.37%  7282 25903s
 130734 49955  580.35948   69  737  590.00000  576.06278  2.36%  7272 25943s
 131159 50108  582.30241   60  432  590.00000  576.07969  2.36%  7261 25984s
 131625 50232  580.80649   53  746  590.00000  576.10065  2.36%  7250 26025s
 132004 50352  588.59222   63  671  590.00000  576.12365  2.35%  7243 26064s
 132403 50424  585.71284   61  651  590.00000  576.14506  2.35%  7232 26105s
 132759 50544     cutoff   60       590.00000  576.17290  2.34%  7226 26146s
 133170 50668  580.31461   46  719  590.00000  576.19959  2.34%  7217 26187s
 133560 50723  588.40315   77  616  590.00000  576.22729  2.33%  7209 26228s
 133866 50850     cutoff   62       590.00000  576.24859  2.33%  7203 26270s
 134286 50977  588.49404   62  643  590.00000  576.27063  2.33%  7193 26311s
 134692 51130  585.71315   66  602  590.00000  576.29032  2.32%  7185 26352s
 135137 51228  586.72540   54  534  590.00000  576.31815  2.32%  7174 26394s
 135557 51364  580.44535   55  542  590.00000  576.34559  2.31%  7164 26452s
 136088 51488  584.86053   61  643  590.00000  576.37295  2.31%  7152 26500s
 136611 51570  588.76100   64  576  590.00000  576.40207  2.30%  7140 26536s
 136903 51647  585.60610   50  581  590.00000  576.41406  2.30%  7133 26573s
 137161 51817     cutoff   77       590.00000  576.42675  2.30%  7127 26621s
 137666 51948  586.45238   68  379  590.00000  576.45188  2.30%  7116 26663s
 138140 52076  583.33481   57  544  590.00000  576.48522  2.29%  7104 26706s
 138595 52251  581.67693   51  567  590.00000  576.50677  2.29%  7094 26748s
 139052 52400  582.26713   56  632  590.00000  576.53266  2.28%  7083 26789s
 139495 52546  584.79270   71  640  590.00000  576.55742  2.28%  7074 26830s
 139905 52699  585.80960   65  516  590.00000  576.57547  2.28%  7066 26870s
 140355 52801     cutoff   69       590.00000  576.59599  2.27%  7055 26912s
 140738 52913     cutoff   52       590.00000  576.61445  2.27%  7050 26953s
 141159 53055  582.90524   54  680  590.00000  576.63377  2.27%  7041 26993s
 141567 53139  587.16598   60  515  590.00000  576.65415  2.26%  7033 27034s
 141944 53247     cutoff   54       590.00000  576.67065  2.26%  7027 27074s
 142331 53345  583.18226   64  543  590.00000  576.67960  2.26%  7018 27115s
 142700 53491     cutoff   62       590.00000  576.71131  2.25%  7012 27157s
 143165 53612  587.64496   60  577  590.00000  576.73327  2.25%  7002 27198s
 143623 53737  585.09109   68  648  590.00000  576.74969  2.25%  6992 27240s
 144005 53916  588.19584   60  505  590.00000  576.76602  2.24%  6985 27281s
 144451 54006  587.19222   51  440  590.00000  576.79101  2.24%  6977 27322s
 144838 54121  588.09326   86  556  590.00000  576.80793  2.24%  6970 27364s
 145263 54221  580.95480   57  750  590.00000  576.84551  2.23%  6963 27404s
 145641 54373  582.44776   60  589  590.00000  576.86836  2.23%  6955 27444s
 146084 54531  583.74248   51  815  590.00000  576.89648  2.22%  6946 27501s
 146659 54631  587.39346   69  665  590.00000  576.93438  2.21%  6936 27540s
 147063 54762  587.68287   75  572  590.00000  576.95240  2.21%  6927 27579s
 147514 54826  581.33766   48  686  590.00000  576.98808  2.21%  6917 27617s
 147872 54930  584.07854   61  687  590.00000  577.00553  2.20%  6911 27655s
 148243 55030  586.67222   60  272  590.00000  577.02119  2.20%  6904 27694s
 148653 55158  586.58153   59  607  590.00000  577.04316  2.20%  6896 27735s
 149054 55281  586.89504   68  533  590.00000  577.05778  2.19%  6890 27774s
 149452 55410  587.05114   69  502  590.00000  577.08062  2.19%  6882 27813s
 149856 55498  579.49595   69  601  590.00000  577.09791  2.19%  6875 27854s
 150283 55613  587.04109   53  675  590.00000  577.12043  2.18%  6867 27893s
 150709 55691     cutoff   63       590.00000  577.13449  2.18%  6858 27933s
 151102 55801  584.68374   49  482  590.00000  577.16422  2.18%  6851 27973s
 151523 55958  585.38619   56  715  590.00000  577.17619  2.17%  6843 28012s
 151946 56065  586.73930   68  585  590.00000  577.19331  2.17%  6835 28052s
 152332 56149  587.97982   67  678  590.00000  577.20925  2.17%  6828 28089s
 152640 56235  584.12934   52  509  590.00000  577.21438  2.17%  6824 28129s
 152983 56319  586.67018  104  617  590.00000  577.23368  2.16%  6818 28169s
 153388 56404     cutoff   54       590.00000  577.25160  2.16%  6812 28210s
 153787 56488  588.13828   55  443  590.00000  577.27564  2.16%  6805 28251s
 154204 56621  586.36954   60  658  590.00000  577.31079  2.15%  6798 28291s
 154680 56731  587.60880   73  608  590.00000  577.33210  2.15%  6788 28331s
 155081 56797     cutoff   63       590.00000  577.35807  2.14%  6781 28368s
 155393 56914  581.92637   48  597  590.00000  577.36958  2.14%  6776 28408s
 155818 57045  584.83059   62  607  590.00000  577.40025  2.14%  6768 28448s
 156261 57105  586.13997   63  566  590.00000  577.41680  2.13%  6760 28487s
 156445 57117  585.74306   88  613  590.00000  577.42477  2.13%  6758 28528s
 156508 57612  579.35239   51  431  590.00000  577.42917  2.13%  6757 28686s
 158344 57720     cutoff   69       590.00000  577.50779  2.12%  6722 28723s
 158714 57816  583.63363   53  722  590.00000  577.52435  2.11%  6717 28759s
 159116 57884  587.88900   51  582  590.00000  577.54649  2.11%  6709 28796s
 159436 57992     cutoff   68       590.00000  577.56478  2.11%  6705 28838s
 159881 58071  587.32252   66  676  590.00000  577.58292  2.10%  6697 28877s
 160310 58171     cutoff   86       590.00000  577.59709  2.10%  6690 28917s
 160747 58250  580.01707   56  636  590.00000  577.61879  2.10%  6682 28955s
 161194 58362     cutoff   48       590.00000  577.63350  2.10%  6675 28993s
 161570 58453  588.82090   54  672  590.00000  577.66126  2.09%  6669 29035s
 161941 58563  586.34322   60  728  590.00000  577.67159  2.09%  6664 29076s
 162340 58659  585.12696   55  606  590.00000  577.69275  2.09%  6659 29116s
 162789 58802     cutoff   59       590.00000  577.71900  2.08%  6651 29154s
 163181 58889     cutoff   67       590.00000  577.73693  2.08%  6644 29192s
 163583 58984  583.36409   49  416  590.00000  577.75723  2.08%  6638 29230s
 163990 59011  588.65703   70  657  590.00000  577.77448  2.07%  6631 29266s
 164287 59123     cutoff   63       590.00000  577.78804  2.07%  6627 29305s
 164677 59240  587.73407   63  503  590.00000  577.80664  2.07%  6621 29343s
 165093 59311  588.76368   85  608  590.00000  577.82480  2.06%  6614 29382s
 165496 59413  585.41896   60  660  590.00000  577.85110  2.06%  6608 29420s
 165922 59485  585.87267   55  611  590.00000  577.86582  2.06%  6601 29459s
 166357 59567  582.71060   54  442  590.00000  577.88856  2.05%  6594 29497s
 166764 59660  587.50900   67  718  590.00000  577.90169  2.05%  6587 29554s
 167334 59765  583.48804   71  791  590.00000  577.93293  2.05%  6578 29593s
 167706 59856  585.25469   60  633  590.00000  577.96052  2.04%  6573 29633s
 168108 59937  587.89536   69  621  590.00000  577.97774  2.04%  6568 29673s
 168475 60018  584.88954   68  617  590.00000  577.99043  2.04%  6562 29714s
 168914 60160  581.94836   54  565  590.00000  578.01421  2.03%  6555 29754s
 169406 60244     cutoff   59       590.00000  578.02785  2.03%  6547 29794s
 169865 60317  588.94758   59  570  590.00000  578.06181  2.02%  6539 29833s
 170290 60410  581.23018   48  605  590.00000  578.08548  2.02%  6533 29872s
 170690 60511  588.13323   66  728  590.00000  578.10405  2.02%  6527 29912s
 171109 60585     cutoff   53       590.00000  578.12791  2.01%  6521 29950s
 171548 60670  588.09245   60  674  590.00000  578.14984  2.01%  6514 29988s
 171993 60772     cutoff   50       590.00000  578.16480  2.01%  6506 30025s
 172416 60828  586.14344   65  863  590.00000  578.18462  2.00%  6499 30063s
 172771 60890  585.43612   67  651  590.00000  578.20539  2.00%  6495 30100s
 173124 61044 infeasible   59       590.00000  578.21641  2.00%  6489 30138s
 173578 61088  584.91912   51  450  590.00000  578.24377  1.99%  6481 30177s
 174028 61195  587.46663   51  474  590.00000  578.27140  1.99%  6474 30215s
 174495 61299     cutoff   62       590.00000  578.29295  1.98%  6466 30252s
 174925 61387  587.29655   69  655  590.00000  578.30668  1.98%  6459 30289s
 175325 61457     cutoff   72       590.00000  578.32431  1.98%  6454 30327s
 175683 61540  588.95307   56  488  590.00000  578.34473  1.98%  6449 30364s
 176093 61637     cutoff   57       590.00000  578.36682  1.97%  6443 30402s
 176550 61703     cutoff   49       590.00000  578.39022  1.97%  6436 30440s
 176973 61810  584.79331   59  442  590.00000  578.40964  1.96%  6430 30495s
 177490 61957  584.82402   67  675  590.00000  578.43265  1.96%  6423 30536s
 178017 62040  586.55981   55  608  590.00000  578.45515  1.96%  6414 30573s
 178425 62128     cutoff   56       590.00000  578.47246  1.95%  6409 30612s
 178793 62272  587.20777   57  662  590.00000  578.49511  1.95%  6405 30649s
 179206 62332     cutoff   78       590.00000  578.51156  1.95%  6399 30684s
 179521 62426  585.29045   67  588  590.00000  578.52806  1.94%  6395 30723s
 180001 62535  583.56544   60  589  590.00000  578.54523  1.94%  6387 30761s
 180379 62611  586.09249   64  431  590.00000  578.56008  1.94%  6383 30800s
 180815 62722  583.60003   55  546  590.00000  578.57770  1.94%  6377 30837s
 181231 62792  587.01843   63  318  590.00000  578.59400  1.93%  6371 30877s
 181639 62873  583.58922   65  504  590.00000  578.61290  1.93%  6366 30915s
 182003 62952  586.60644   61  580  590.00000  578.62926  1.93%  6362 30951s
 182350 62991  588.72417   53  487  590.00000  578.64949  1.92%  6358 30990s
 182764 63038  588.39301   63  516  590.00000  578.66983  1.92%  6353 31027s
 183120 63129  585.68136   58  678  590.00000  578.68379  1.92%  6348 31065s
 183485 63194     cutoff   61       590.00000  578.69919  1.92%  6343 31104s
 183897 63259     cutoff   72       590.00000  578.72173  1.91%  6338 31145s
 184291 63317  582.49665   52  549  590.00000  578.74417  1.91%  6333 31183s
 184730 63384     cutoff   70       590.00000  578.75976  1.91%  6327 31220s
 185094 63425  588.92184   68  556  590.00000  578.77593  1.90%  6322 31259s
 185494 63492     cutoff   62       590.00000  578.79617  1.90%  6316 31298s
 185900 63583  587.14481   64  649  590.00000  578.81736  1.90%  6310 31337s
 186310 63663  585.60568   53  548  590.00000  578.84262  1.89%  6305 31378s
 186753 63733  587.97007   82  551  590.00000  578.86241  1.89%  6299 31416s
 187124 63814  588.96205   67  551  590.00000  578.88155  1.88%  6295 31455s
 187512 63915     cutoff   57       590.00000  578.89846  1.88%  6291 31509s
 188102 63991     cutoff   58       590.00000  578.92198  1.88%  6282 31545s
 188474 64055  588.86237   53  460  590.00000  578.94464  1.87%  6278 31581s
 188834 64101  584.72492   51  629  590.00000  578.95965  1.87%  6273 31621s
 189222 64167  588.22181   63  669  590.00000  578.98117  1.87%  6269 31660s
 189642 64224  585.20880   60  596  590.00000  579.01018  1.86%  6263 31698s
 189950 64324  583.51370   65  733  590.00000  579.02408  1.86%  6261 31737s
 190375 64359  587.64896   63  543  590.00000  579.04148  1.86%  6255 31778s
 190750 64389     cutoff   59       590.00000  579.05977  1.85%  6251 31819s
 191160 64460     cutoff   56       590.00000  579.08240  1.85%  6246 31859s
 191573 64482     cutoff   58       590.00000  579.09714  1.85%  6240 31899s
 191982 64543     cutoff   69       590.00000  579.11895  1.84%  6235 31939s
 192414 64607     cutoff   63       590.00000  579.13551  1.84%  6230 31980s
 192765 64652     cutoff   72       590.00000  579.15271  1.84%  6226 32025s
 193167 64714     cutoff   95       590.00000  579.17959  1.83%  6222 32065s
 193550 64748     cutoff   59       590.00000  579.20256  1.83%  6218 32106s
 193944 64802     cutoff   60       590.00000  579.21510  1.83%  6214 32145s
 194328 64863  583.96330   48  573  590.00000  579.23517  1.82%  6209 32186s
 194772 64912  587.74592   58  714  590.00000  579.25525  1.82%  6203 32226s
 195200 64997  587.45345   78  657  590.00000  579.27057  1.82%  6198 32265s
 195641 65061  587.54414   80  594  590.00000  579.28645  1.82%  6192 32306s
 196132 65124     cutoff   83       590.00000  579.30543  1.81%  6185 32346s
 196583 65146  588.05823   78  701  590.00000  579.32563  1.81%  6180 32385s
 196937 65220  586.32040   63  511  590.00000  579.34043  1.81%  6176 32424s
 197373 65270  586.95171   61  538  590.00000  579.35759  1.80%  6171 32464s
 197792 65312  587.67746   58  466  590.00000  579.37778  1.80%  6166 32517s
 198321 65332  588.42518   62  659  590.00000  579.40132  1.80%  6160 32556s
 198692 65419  585.98959   54  609  590.00000  579.41914  1.79%  6156 32596s
 199177 65472  588.60008   76  639  590.00000  579.43385  1.79%  6150 32634s
 199550 65509  585.93863   51  543  590.00000  579.44907  1.79%  6145 32672s
 199876 65604     cutoff   55       590.00000  579.46468  1.79%  6142 32712s
 200321 65608     cutoff   58       590.00000  579.49338  1.78%  6137 32752s
 200726 65606  587.38944   64  615  590.00000  579.51161  1.78%  6133 32787s
 200890 65682  587.13420   50  434  590.00000  579.51884  1.78%  6132 32827s
 201299 65761  586.20301   74  662  590.00000  579.53798  1.77%  6127 32870s
 201860 65789  586.66049   65  634  590.00000  579.54940  1.77%  6119 32908s
 202168 65821  585.76134   58  544  590.00000  579.57250  1.77%  6117 32949s
 202279 65821  586.25925   65  698  590.00000  579.57299  1.77%  6115 32950s
 202583 65860  587.18160   48  507  590.00000  579.59166  1.76%  6112 32989s
 203078 65919  587.39140   64  672  590.00000  579.60802  1.76%  6105 33028s
 203501 65974  586.41357   71  520  590.00000  579.62794  1.76%  6100 33068s
 203964 66035  584.74621   63  458  590.00000  579.65087  1.75%  6095 33108s
 204343 66088  588.67629   71  626  590.00000  579.66741  1.75%  6091 33147s
 204764 66123     cutoff   52       590.00000  579.68570  1.75%  6087 33187s
 205186 66156  587.54989   69  546  590.00000  579.70180  1.75%  6082 33226s
 205567 66214     cutoff   64       590.00000  579.72654  1.74%  6078 33265s
 205983 66222  587.09558   61  634  590.00000  579.74219  1.74%  6074 33304s
 206364 66270  588.52647   73  535  590.00000  579.75571  1.74%  6070 33341s
 206658 66327     cutoff   55       590.00000  579.77221  1.73%  6068 33381s
 207104 66363  583.23662   54  395  590.00000  579.79061  1.73%  6063 33421s
 207578 66402  586.03845   63  639  590.00000  579.80897  1.73%  6057 33462s
 208022 66437  585.24585   55  701  590.00000  579.82674  1.72%  6052 33515s
 208501 66470     cutoff   66       590.00000  579.85170  1.72%  6048 33558s
 208918 66498  586.91491   63  617  590.00000  579.86913  1.72%  6044 33599s
 209322 66601  587.23655   56  493  590.00000  579.89118  1.71%  6040 33640s
 209739 66627  585.86473   64  595  590.00000  579.90293  1.71%  6035 33682s
 210177 66710  584.37156   71  555  590.00000  579.92759  1.71%  6031 33722s
 210623 66726  586.64328   65  510  590.00000  579.94619  1.70%  6026 33764s
 211137 66774  583.08980   62  604  590.00000  579.96290  1.70%  6020 33803s
 211534 66812  586.15998   59  688  590.00000  579.98062  1.70%  6016 33844s
 211983 66864  586.97672   68  749  590.00000  579.99800  1.70%  6012 33882s
 212375 66915  583.53041   63  298  590.00000  580.01820  1.69%  6008 33920s
 212830 66925  588.31706   63  617  590.00000  580.03077  1.69%  6003 33950s
 212918 66984  586.83466   68  547  590.00000  580.03419  1.69%  6002 33985s
 213253 66993  588.08809   59  370  590.00000  580.03692  1.69%  5998 34022s
 213533 67009  588.06787   58  220  590.00000  580.04201  1.69%  5995 34061s
 213908 67063     cutoff   50       590.00000  580.07492  1.68%  5992 34103s
 214377 67070  585.40068   51  681  590.00000  580.09101  1.68%  5987 34141s
 214750 67095  586.35611   56  606  590.00000  580.10653  1.68%  5983 34180s
 215197 67153  582.53854   52  492  590.00000  580.12153  1.67%  5977 34220s
 215621 67158  586.52718   62  311  590.00000  580.13552  1.67%  5973 34260s
 215964 67201  585.25556   70  706  590.00000  580.15141  1.67%  5970 34301s
 216347 67312  585.74326   61  571  590.00000  580.16990  1.67%  5966 34342s
 216854 67333  587.01383   60  580  590.00000  580.18369  1.66%  5961 34383s
 217337 67381     cutoff   64       590.00000  580.20753  1.66%  5955 34423s
 217783 67418     cutoff   53       590.00000  580.22627  1.66%  5951 34462s
 218213 67449  585.60267   53  816  590.00000  580.24798  1.65%  5947 34502s
 218636 67487  588.42374   64  594  590.00000  580.26411  1.65%  5942 34553s
 219120 67493  583.22188   68  767  590.00000  580.29254  1.65%  5938 34595s
 219585 67497  583.80054   64  683  590.00000  580.31104  1.64%  5934 34632s
 219988 67506  586.81069   58  508  590.00000  580.33026  1.64%  5930 34672s
 220358 67532  585.14353   62  648  590.00000  580.34830  1.64%  5927 34712s
 220772 67574  582.38087   53  817  590.00000  580.36721  1.63%  5923 34752s
 221168 67615     cutoff   87       590.00000  580.37826  1.63%  5919 34791s
 221596 67663     cutoff   74       590.00000  580.39814  1.63%  5915 34832s
 222039 67683     cutoff   61       590.00000  580.41514  1.62%  5910 34871s
 222436 67691     cutoff   63       590.00000  580.43181  1.62%  5906 34910s
 222820 67725     cutoff   73       590.00000  580.45046  1.62%  5903 34949s
 223234 67760  585.68727   61  425  590.00000  580.47495  1.61%  5899 34989s
 223651 67785     cutoff   72       590.00000  580.48997  1.61%  5896 35027s
 223984 67799  588.80639   54  577  590.00000  580.50249  1.61%  5893 35067s
 224398 67809  588.62442   55  588  590.00000  580.51664  1.61%  5889 35106s
 224720 67822     cutoff   51       590.00000  580.53568  1.60%  5887 35145s
 225093 67844     cutoff   64       590.00000  580.55042  1.60%  5884 35185s
 225435 67855  587.40977   54  468  590.00000  580.55714  1.60%  5882 35226s
 225820 67833     cutoff   63       590.00000  580.57665  1.60%  5879 35269s
 226236 67824  587.37825   65  645  590.00000  580.59821  1.59%  5875 35309s
 226656 67814  585.30835   53  639  590.00000  580.61337  1.59%  5872 35350s
 227033 67817  584.94055   58  674  590.00000  580.63268  1.59%  5869 35390s
 227389 67829  587.10576   71  515  590.00000  580.64524  1.59%  5866 35432s
 227797 67841     cutoff   53       590.00000  580.66047  1.58%  5863 35473s
 228257 67831  586.16107   52  658  590.00000  580.68599  1.58%  5859 35514s
 228639 67846  585.11188   58  858  590.00000  580.69964  1.58%  5856 35555s
 229023 67906  586.24721   72  587  590.00000  580.71403  1.57%  5853 35604s
 229473 67963  588.63156   54  674  590.00000  580.73212  1.57%  5849 35648s
 229967 67974     cutoff   70       590.00000  580.75166  1.57%  5844 35687s
 230337 67997  588.86077   49  498  590.00000  580.76659  1.56%  5841 35728s
 230858 68001     cutoff   67       590.00000  580.78656  1.56%  5836 35766s
 231223 68051  585.30933   77  521  590.00000  580.79745  1.56%  5833 35805s
 231649 68024     cutoff   69       590.00000  580.81431  1.56%  5828 35844s
 232032 68034     cutoff   58       590.00000  580.83276  1.55%  5826 35884s
 232424 68029  587.04050   58  760  590.00000  580.85111  1.55%  5823 35922s
 232782 68006  588.66402   49  669  590.00000  580.86629  1.55%  5821 35961s
 233154 68015  584.93820   68  743  590.00000  580.88436  1.55%  5818 36001s
 233573 68038  584.67751   68  799  590.00000  580.90105  1.54%  5814 36041s
 234023 68018  588.23590   76  700  590.00000  580.91799  1.54%  5810 36079s
 234400 67996     cutoff   50       590.00000  580.93592  1.54%  5807 36118s
 234785 68026  588.67865   57  603  590.00000  580.95528  1.53%  5804 36158s
 235212 68017  586.63177   54  587  590.00000  580.96522  1.53%  5800 36196s
 235607 68013  588.30256   66  603  590.00000  580.98526  1.53%  5796 36235s
 236030 68033     cutoff   62       590.00000  581.00049  1.53%  5793 36275s
 236412 68042  585.25356   49  742  590.00000  581.01648  1.52%  5790 36314s
 236830 68024  588.83095   56  672  590.00000  581.03070  1.52%  5786 36354s
 237170 68017  587.20476   63  651  590.00000  581.04855  1.52%  5784 36394s
 237600 68009     cutoff   59       590.00000  581.06519  1.51%  5781 36434s
 237984 68016  588.74791   83  308  590.00000  581.08719  1.51%  5778 36474s
 238358 68025  584.65024   68  604  590.00000  581.10407  1.51%  5775 36514s
 238804 68060  584.70671   68  683  590.00000  581.11579  1.51%  5771 36552s
 239169 68071     cutoff   70       590.00000  581.12875  1.50%  5768 36591s
 239597 68069  587.86180   68  571  590.00000  581.14530  1.50%  5764 36641s
 240075 68082  585.76580   61  319  590.00000  581.16638  1.50%  5761 36682s
 240457 68102  588.42085   66  585  590.00000  581.18299  1.49%  5758 36724s
 240896 68135  585.29833   52  529  590.00000  581.20094  1.49%  5755 36766s
 241316 68136  586.75686   69  463  590.00000  581.21766  1.49%  5752 36807s
 241760 68143  586.77501   55  670  590.00000  581.23023  1.49%  5748 36847s
 242113 68142  588.79967   65  583  590.00000  581.24706  1.48%  5746 36887s
 242492 68145     cutoff   51       590.00000  581.26089  1.48%  5743 36927s
 242918 68102     cutoff   73       590.00000  581.27534  1.48%  5740 36969s
 243329 68072  586.66913   59  635  590.00000  581.29854  1.47%  5738 37009s
 243741 68080     cutoff   53       590.00000  581.31525  1.47%  5734 37047s
 244092 68078  587.00639   49  522  590.00000  581.32395  1.47%  5731 37083s
 244353 68046     cutoff   56       590.00000  581.32891  1.47%  5729 37126s
 244749 68039  588.72378   64  565  590.00000  581.35250  1.47%  5726 37169s
 245145 68000     cutoff   69       590.00000  581.37652  1.46%  5723 37213s
 245568 67966     cutoff   57       590.00000  581.39757  1.46%  5721 37254s
 246009 67966  585.53688   58  593  590.00000  581.42126  1.45%  5717 37296s
 246461 67969  587.37812   68  524  590.00000  581.43335  1.45%  5714 37337s
 246803 67974  587.01613   59  588  590.00000  581.44716  1.45%  5712 37379s
 247233 67943  587.91826   68  603  590.00000  581.46614  1.45%  5709 37421s
 247623 67919  586.04700   58  514  590.00000  581.48386  1.44%  5706 37463s
 248054 67883  588.37783   63  599  590.00000  581.50036  1.44%  5703 37505s
 248435 67846  588.81129   52  553  590.00000  581.51850  1.44%  5701 37547s
 248848 67831     cutoff   65       590.00000  581.53769  1.43%  5699 37588s
 249247 67828  588.91564   60  477  590.00000  581.55602  1.43%  5696 37631s
 249672 67834     cutoff   52       590.00000  581.56912  1.43%  5693 37673s
 250104 67790     cutoff   56       590.00000  581.58833  1.43%  5690 37715s
 250513 67766  586.90237   74  617  590.00000  581.60462  1.42%  5688 37757s
 250922 67713  587.42927   54  694  590.00000  581.62176  1.42%  5685 37799s
 251329 67755     cutoff   64       590.00000  581.64080  1.42%  5683 37840s
 251758 67762  586.48372   62  651  590.00000  581.65024  1.42%  5679 37890s
 252270 67738     cutoff   78       590.00000  581.66918  1.41%  5675 37928s
 252672 67709     cutoff   66       590.00000  581.68277  1.41%  5673 37966s
 253032 67686     cutoff   50       590.00000  581.69783  1.41%  5670 38005s
 253430 67683  588.37299   55  660  590.00000  581.71546  1.40%  5668 38044s
 253864 67680  586.42726   59  663  590.00000  581.73025  1.40%  5664 38082s
 254226 67678  588.12341   68  814  590.00000  581.74644  1.40%  5662 38122s
 254642 67669  587.32369   80  452  590.00000  581.75881  1.40%  5659 38161s
 255042 67629     cutoff   65       590.00000  581.78023  1.39%  5656 38202s
 255460 67630     cutoff   51       590.00000  581.79605  1.39%  5653 38242s
 255867 67612  588.66394   56  467  590.00000  581.80725  1.39%  5651 38282s
*256171 65548              77     589.0000000  581.80759  1.22%  5649 38282s
 256300 65464     cutoff   58       589.00000  581.82473  1.22%  5648 38321s
H256354 55831                     588.0000000  581.82473  1.05%  5648 38321s
 256550 55734     cutoff   57       588.00000  581.84454  1.05%  5648 38362s
 256780 55616 infeasible   54       588.00000  581.86164  1.04%  5648 38402s
 257038 55582     cutoff   55       588.00000  581.88638  1.04%  5649 38435s
 257128 55517  586.89128   58  441  588.00000  581.88975  1.04%  5649 38473s
 257275 55453     cutoff   60       588.00000  581.89050  1.04%  5649 38512s
 257432 55373     cutoff   64       588.00000  581.89316  1.04%  5649 38556s
 257657 55292  585.62756   78  672  588.00000  581.91336  1.04%  5649 38600s
 257975 55180     cutoff   76       588.00000  581.93382  1.03%  5648 38646s
 258257 55043     cutoff   58       588.00000  581.97386  1.02%  5648 38695s
 258543 54906  585.84551   59  379  588.00000  582.01354  1.02%  5648 38744s
 258882 54738     cutoff   58       588.00000  582.03625  1.01%  5649 38795s
 259172 54576     cutoff   63       588.00000  582.06982  1.01%  5650 38846s
 259503 54445  585.32555   60  670  588.00000  582.09508  1.00%  5651 38897s
 259817 54324     cutoff   75       588.00000  582.11833  1.00%  5651 38949s
 260146 54206     cutoff   56       588.00000  582.14165  1.00%  5652 39001s
 260452 54044     cutoff   63       588.00000  582.16411  0.99%  5652 39053s
 260771 53894  585.41521   71  702  588.00000  582.19138  0.99%  5652 39106s
 261128 53753     cutoff   63       588.00000  582.21951  0.98%  5653 39159s
 261456 53588     cutoff   67       588.00000  582.24254  0.98%  5653 39213s
 261807 53464     cutoff   62       588.00000  582.26767  0.97%  5654 39265s
 262138 53289  586.75684   61  677  588.00000  582.28777  0.97%  5654 39319s
 262458 53119  584.66214   69  644  588.00000  582.32041  0.97%  5656 39373s
 262825 52959     cutoff   60       588.00000  582.34417  0.96%  5656 39428s
 263150 52804     cutoff   55       588.00000  582.37009  0.96%  5657 39482s
 263455 52636     cutoff   91       588.00000  582.39775  0.95%  5658 39538s
 263815 52465     cutoff   45       588.00000  582.42191  0.95%  5658 39594s
 264157 52295     cutoff   69       588.00000  582.45228  0.94%  5659 39649s
 264509 52130     cutoff   60       588.00000  582.48229  0.94%  5660 39706s
 264866 51958  583.89391   71  565  588.00000  582.51099  0.93%  5660 39762s
 265282 51812     cutoff   58       588.00000  582.53711  0.93%  5660 39818s
 265643 51612  586.81270   52  666  588.00000  582.56121  0.92%  5660 39876s
 265963 51427     cutoff   63       588.00000  582.59391  0.92%  5662 39934s
 266317 51233     cutoff   55       588.00000  582.62598  0.91%  5662 39992s
 266722 51034     cutoff   50       588.00000  582.65390  0.91%  5662 40050s
 267099 50864  585.71582   58  570  588.00000  582.68429  0.90%  5663 40108s
 267461 50668     cutoff   68       588.00000  582.71102  0.90%  5663 40166s
 267798 50467     cutoff   61       588.00000  582.73980  0.89%  5665 40225s
 268164 50285     cutoff   58       588.00000  582.76919  0.89%  5666 40283s
 268502 50080  585.97375   53  401  588.00000  582.79502  0.89%  5667 40342s
 268851 49894     cutoff   66       588.00000  582.82601  0.88%  5668 40401s
 269192 49783     cutoff   59       588.00000  582.85235  0.88%  5670 40455s
 269410 49576  586.07926   57  447  588.00000  582.86953  0.87%  5670 40514s
 269763 49373     cutoff   50       588.00000  582.90136  0.87%  5671 40574s
 270195 49159     cutoff   63       588.00000  582.92958  0.86%  5671 40633s
 270566 48945     cutoff   57       588.00000  582.95734  0.86%  5672 40693s
 270962 48712     cutoff   59       588.00000  582.98065  0.85%  5672 40752s
 271304 48489  586.19354   69  768  588.00000  583.00999  0.85%  5673 40813s
 271694 48256     cutoff   67       588.00000  583.04010  0.84%  5674 40874s
 272063 48022     cutoff   64       588.00000  583.06883  0.84%  5675 40937s
 272445 47806     cutoff   55       588.00000  583.10013  0.83%  5676 40997s
 272770 47589     cutoff   53       588.00000  583.12478  0.83%  5677 41058s
 273168 47362     cutoff   73       588.00000  583.15815  0.82%  5678 41118s
 273545 47128     cutoff   55       588.00000  583.18453  0.82%  5679 41180s
 273928 46898     cutoff   61       588.00000  583.21688  0.81%  5680 41242s
 274295 46705     cutoff   64       588.00000  583.24230  0.81%  5681 41303s
 274741 46532  586.22656   54  482  588.00000  583.27016  0.80%  5680 41363s
 275126 46323     cutoff   73       588.00000  583.29073  0.80%  5680 41424s
 275548 46078     cutoff   63       588.00000  583.32061  0.80%  5679 41485s
 275929 45826  585.60892   51  389  588.00000  583.34908  0.79%  5680 41547s
 276276 45600     cutoff   59       588.00000  583.37914  0.79%  5682 41609s
 276691 45357     cutoff   61       588.00000  583.40789  0.78%  5683 41670s
 277066 45184     cutoff   56       588.00000  583.43818  0.78%  5683 41726s
 277385 44949     cutoff   63       588.00000  583.45336  0.77%  5683 41787s
 277737 44735     cutoff   61       588.00000  583.48101  0.77%  5684 41850s
 278175 44485     cutoff   64       588.00000  583.51100  0.76%  5683 41911s
 278528 44222     cutoff   63       588.00000  583.53358  0.76%  5685 41974s
 278921 43952     cutoff   71       588.00000  583.56281  0.75%  5685 42036s
 279275 43677     cutoff   65       588.00000  583.59481  0.75%  5687 42100s
 279664 43414     cutoff   53       588.00000  583.62321  0.74%  5688 42163s
 280052 43143     cutoff   61       588.00000  583.65163  0.74%  5689 42226s
 280431 42887     cutoff   53       588.00000  583.67942  0.73%  5690 42287s
 280759 42625     cutoff   55       588.00000  583.70634  0.73%  5691 42350s
 281169 42346     cutoff   56       588.00000  583.73233  0.73%  5692 42414s
 281554 42053     cutoff   54       588.00000  583.76517  0.72%  5693 42480s
 281925 41801  586.95260   79  668  588.00000  583.79461  0.72%  5695 42540s
 282292 41517     cutoff   67       588.00000  583.81561  0.71%  5695 42603s
 282664 41224     cutoff   56       588.00000  583.85381  0.71%  5697 42668s
 283054 40941     cutoff   57       588.00000  583.88924  0.70%  5698 42732s
 283404 40675     cutoff   77       588.00000  583.91559  0.69%  5700 42796s
 283738 40438     cutoff   57       588.00000  583.94013  0.69%  5701 42857s
 284057 40149     cutoff   62       588.00000  583.96087  0.69%  5702 42922s
 284443 39854     cutoff   49       588.00000  583.99144  0.68%  5702 42986s
 284826 39553     cutoff   74       588.00000  584.02408  0.68%  5704 43050s
 285189 39268     cutoff   61       588.00000  584.05159  0.67%  5705 43116s
 285612 38999     cutoff   68       588.00000  584.07863  0.67%  5706 43180s
 286021 38916     cutoff   49       588.00000  584.10544  0.66%  5706 43200s

Cutting planes:
  Learned: 1
  Gomory: 3
  Cover: 309
  Implied bound: 381
  Projected implied bound: 3
  Clique: 2
  MIR: 107
  Flow cover: 2498
  GUB cover: 7
  Inf proof: 10
  Zero half: 84
  Mod-K: 2
  Network: 42
  Relax-and-lift: 10

Explored 286131 nodes (1633204898 simplex iterations) in 43200.05 seconds (166487.64 work units)
Thread count was 4 (of 32 available processors)

Solution count 10: 588 589 590 ... 602

Time limit reached
Best objective 5.880000000000e+02, best bound 5.850000000000e+02, gap 0.5102%

Wrote result file './sol/E150_1000.4_R100.sol'

