
Gurobi 13.0.2 (mac64[arm], gurobi_cl) logging started Mon Sep  7 19:32:39 2026

Set parameter TokenServer to value "10.8.80.200"
Set parameter TimeLimit to value 43200
Set parameter LogFile to value "/Users/takafumi/Dropbox/2_Study/cspns_gurobi/log_recomputed_4threads/E150_1000.1_R100.log"
Set parameter Threads to value 4
Using license file /Library/gurobi1302/gurobi.lic

Gurobi Optimizer version 13.0.2 build v13.0.2rc1 (mac64[arm] - Darwin 24.6.0 24G517)
Copyright (c) 2026, Gurobi Optimization, LLC

Read LP format model from file /Users/takafumi/Dropbox/2_Study/cspns_gurobi/lp/E150_1000.1_R100.lp
Reading time = 0.15 seconds
root: 46208 rows, 45753 columns, 646322 nonzeros

Using Gurobi shared library /Library/gurobi1302/macos_universal2/lib/libgurobi130.dylib

CPU model: Apple M3 Ultra
Thread count: 32 physical cores, 32 logical processors, using up to 4 threads

Non-default parameters:
TimeLimit  43200
Threads  4

Optimize a model with 46208 rows, 45753 columns and 646322 nonzeros (Min)
Model fingerprint: 0x82877847
Model has 22650 linear objective coefficients
Variable types: 0 continuous, 45753 integer (0 binary)
Coefficient statistics:
  Matrix range     [1e+00, 2e+02]
  Objective range  [1e+00, 2e+02]
  Bounds range     [1e+00, 1e+00]
  RHS range        [1e+00, 1e+00]

Presolve removed 23113 rows and 303 columns
Presolve time: 2.23s
Presolved: 23095 rows, 45450 columns, 374399 nonzeros
Variable types: 0 continuous, 45450 integer (22950 binary)
Deterministic concurrent LP optimizer: primal and dual simplex
Showing primal log only...


Root simplex log...

Iteration    Objective       Primal Inf.    Dual Inf.      Time
   47054    2.9634356e+01   2.562899e+01   0.000000e+00      5s
   50802    3.3687977e+01   0.000000e+00   0.000000e+00      6s
Concurrent spin time: 0.20s

Solved with primal simplex

Root relaxation: objective 3.368798e+01, 50802 iterations, 3.65 seconds (10.26 work units)

    Nodes    |    Current Node    |     Objective Bounds      |     Work
 Expl Unexpl |  Obj  Depth IntInf | Incumbent    BestBd   Gap | It/Node Time

     0     0   33.68798    0  225          -   33.68798      -     -    6s
     0     0  104.58505    0  237          -  104.58505      -     -    6s
H    0     0                    1813.0000000  104.58505  94.2%     -    6s
H    0     0                    1309.0000000  104.58505  92.0%     -    7s
H    0     0                     956.0000000  104.58505  89.1%     -    7s
H    0     0                     894.0000000  104.58505  88.3%     -    9s
H    0     0                     873.0000000  104.58505  88.0%     -    9s
H    0     0                     820.0000000  104.58505  87.2%     -   13s
H    0     0                     819.0000000  104.58505  87.2%     -   15s
H    0     0                     818.0000000  104.58505  87.2%     -   15s
H    0     0                     816.0000000  104.58505  87.2%     -   15s
     0     0  257.36032    0  432  816.00000  257.36032  68.5%     -   17s
     0     0  320.31425    0  464  816.00000  320.31425  60.7%     -   27s
H    0     0                     810.0000000  320.31425  60.5%     -   28s
H    0     0                     725.0000000  320.31425  55.8%     -   29s
H    0     0                     723.0000000  320.31425  55.7%     -   29s
H    0     0                     715.0000000  320.31425  55.2%     -   31s
H    0     0                     692.0000000  320.31425  53.7%     -   35s
     0     0  358.85943    0  551  692.00000  358.85943  48.1%     -   43s
H    0     0                     678.0000000  358.93982  47.1%     -   45s
H    0     0                     672.0000000  358.93982  46.6%     -   46s
H    0     0                     671.0000000  358.93982  46.5%     -   46s
H    0     0                     665.0000000  360.95168  45.7%     -   65s
H    0     0                     661.0000000  360.95168  45.4%     -   65s
H    0     0                     658.0000000  360.95168  45.1%     -   65s
H    0     0                     655.0000000  360.95168  44.9%     -   65s
H    0     0                     652.0000000  360.95168  44.6%     -   65s
     0     0  360.95168    0  548  652.00000  360.95168  44.6%     -   65s
     0     0  360.96987    0  557  652.00000  360.96987  44.6%     -   65s
H    0     0                     650.0000000  362.71265  44.2%     -   66s
     0     0  362.71265    0  541  650.00000  362.71265  44.2%     -   66s
     0     0  362.71265    0  543  650.00000  362.71265  44.2%     -   66s
H    0     0                     648.0000000  389.90277  39.8%     -   70s
H    0     0                     643.0000000  389.90277  39.4%     -   70s
     0     0  389.90277    0  624  643.00000  389.90277  39.4%     -   70s
     0     0  397.23838    0  631  643.00000  397.23838  38.2%     -   73s
     0     0  397.73695    0  635  643.00000  397.73695  38.1%     -   74s
     0     0  397.75881    0  650  643.00000  397.75881  38.1%     -   74s
     0     0  397.75881    0  651  643.00000  397.75881  38.1%     -   74s
H    0     0                     641.0000000  397.75881  37.9%     -   77s
H    0     0                     636.0000000  411.56517  35.3%     -   82s
     0     0  411.56517    0  603  636.00000  411.56517  35.3%     -   82s
     0     0  418.61393    0  684  636.00000  418.61393  34.2%     -   87s
     0     0  420.08350    0  641  636.00000  420.08350  33.9%     -   89s
     0     0  421.26808    0  670  636.00000  421.26808  33.8%     -   90s
     0     0  421.28629    0  669  636.00000  421.28629  33.8%     -   90s
     0     0  421.28975    0  671  636.00000  421.28975  33.8%     -   90s
     0     0  427.51184    0  638  636.00000  427.51184  32.8%     -  100s
     0     0  430.22301    0  720  636.00000  430.22301  32.4%     -  106s
     0     0  430.71848    0  725  636.00000  430.71848  32.3%     -  111s
     0     0  430.76810    0  739  636.00000  430.76810  32.3%     -  113s
     0     0  430.77279    0  751  636.00000  430.77279  32.3%     -  114s
     0     0  433.73542    0  743  636.00000  433.73542  31.8%     -  124s
     0     0  434.47216    0  758  636.00000  434.47216  31.7%     -  129s
     0     0  434.59999    0  763  636.00000  434.59999  31.7%     -  132s
     0     0  434.62989    0  764  636.00000  434.62989  31.7%     -  134s
     0     0  434.64083    0  771  636.00000  434.64083  31.7%     -  134s
     0     0  438.92129    0  765  636.00000  438.92129  31.0%     -  141s
     0     0  439.63271    0  797  636.00000  439.63271  30.9%     -  146s
     0     0  439.71802    0  804  636.00000  439.71802  30.9%     -  147s
     0     0  439.71917    0  826  636.00000  439.71917  30.9%     -  148s
     0     0  441.14078    0  807  636.00000  441.14078  30.6%     -  153s
     0     0  441.23581    0  816  636.00000  441.23581  30.6%     -  154s
     0     0  441.26042    0  820  636.00000  441.26042  30.6%     -  155s
     0     0  442.11323    0  796  636.00000  442.11323  30.5%     -  156s
     0     0  442.23061    0  837  636.00000  442.23061  30.5%     -  157s
     0     0  442.25468    0  843  636.00000  442.25468  30.5%     -  158s
     0     0  444.91866    0  778  636.00000  444.91866  30.0%     -  162s
     0     0  445.30921    0  804  636.00000  445.30921  30.0%     -  164s
     0     0  445.35655    0  836  636.00000  445.35655  30.0%     -  164s
     0     0  445.36479    0  833  636.00000  445.36479  30.0%     -  165s
     0     0  446.77922    0  810  636.00000  446.77922  29.8%     -  168s
H    0     0                     633.0000000  446.85720  29.4%     -  169s
     0     0  446.85720    0  817  633.00000  446.85720  29.4%     -  169s
     0     0  446.85804    0  829  633.00000  446.85804  29.4%     -  169s
H    0     0                     632.0000000  447.04880  29.3%     -  172s
H    0     0                     631.0000000  447.04880  29.2%     -  172s
H    0     0                     630.0000000  447.04880  29.0%     -  172s
H    0     0                     620.0000000  447.04880  27.9%     -  172s
     0     0  447.04880    0  813  620.00000  447.04880  27.9%     -  172s
     0     0  447.06992    0  830  620.00000  447.06992  27.9%     -  173s
     0     0  447.42125    0  833  620.00000  447.42125  27.8%     -  176s
     0     0  447.44678    0  826  620.00000  447.44678  27.8%     -  177s
     0     0  447.72266    0  846  620.00000  447.72266  27.8%     -  179s
     0     0  447.77968    0  831  620.00000  447.77968  27.8%     -  180s
     0     0  447.80665    0  842  620.00000  447.80665  27.8%     -  181s
     0     0  447.92429    0  831  620.00000  447.92429  27.8%     -  184s
     0     0  447.94494    0  831  620.00000  447.94494  27.8%     -  184s
     0     0  447.94494    0  789  620.00000  447.94494  27.8%     -  186s
     0     2  455.31105    0  778  620.00000  455.31105  26.6%     -  221s
     1     3  455.31105    1  750  620.00000  455.31105  26.6% 12070  226s
     2     5  455.31105    2  782  620.00000  455.31105  26.6%  8852  232s
     4     8  455.31105    3  795  620.00000  455.31105  26.6%  9413  238s
     7    11  470.94107    3  547  620.00000  455.31105  26.6% 11063  244s
    10    22  471.16788    4  514  620.00000  455.31105  26.6% 10499  250s
H   21    26                     617.0000000  455.31105  26.2% 10912  253s
H   24    26                     612.0000000  455.31105  25.6% 13762  253s
    25    36  471.73739    8  498  612.00000  455.31105  25.6% 14373  258s
    35    39  472.45042   12  511  612.00000  455.31105  25.6% 12330  262s
H   38    47                     611.0000000  455.31105  25.5% 12057  266s
    65    78  474.52974   22  501  611.00000  455.31105  25.5% 14102  272s
    93   105  475.74286   28  441  611.00000  455.31105  25.5% 13598  276s
H  106   109                     609.0000000  455.31105  25.2% 13713  277s
   108   118  480.52915   31  458  609.00000  455.31105  25.2% 14000  280s
   144   155  480.34216   41  446  609.00000  455.31105  25.2% 14014  286s
   160   165  480.98809   46  463  609.00000  455.31105  25.2% 14226  291s
H  162   165                     608.0000000  455.31105  25.1% 14103  291s
   164   183  480.99709   47  452  608.00000  455.31105  25.1% 14141  295s
   200   223  482.96862   56  456  608.00000  455.31105  25.1% 13905  300s
H  222   227                     607.0000000  455.31105  25.0% 13527  302s
   245   252  484.92562   57  523  607.00000  455.31105  25.0% 13244  308s
   251   254  485.51225   72  478  607.00000  455.31105  25.0% 13357  312s
   253   262  485.69965   73  481  607.00000  455.31105  25.0% 13278  315s
   261   266  485.90425   74  493  607.00000  455.31105  25.0% 13159  320s
   273   290  486.13086   76  457  607.00000  455.31105  25.0% 13101  327s
   289   310  486.99589   77  447  607.00000  455.31105  25.0% 12940  330s
   329   343  488.38565   81  421  607.00000  455.31105  25.0% 12411  336s
   358   381  500.01373  106  416  607.00000  455.31105  25.0% 12420  343s
   380   385  488.70104   83  444  607.00000  455.31105  25.0% 12129  347s
H  381   385                     606.0000000  455.31105  24.9% 12097  347s
   384   389  488.78738   84  438  606.00000  455.31105  24.9% 12060  351s
H  385   389                     604.0000000  455.31105  24.6% 12028  351s
   388   404  488.85257   85  438  604.00000  455.31105  24.6% 11991  355s
   428   451  489.21128   91  470  604.00000  455.31105  24.6% 11541  362s
   450   471  489.48175   94  464  604.00000  455.31105  24.6% 11312  366s
   487   501  491.21870  104  467  604.00000  455.31105  24.6% 10983  375s
   500   506  492.98937  107  468  604.00000  455.31105  24.6% 10863  380s
   505   509  493.86520  109  471  604.00000  455.31105  24.6% 10820  386s
   508   518  493.86520  110  474  604.00000  455.31105  24.6% 10789  391s
H  516   518                     603.0000000  455.31105  24.5% 10680  391s
   517   541  494.08028  111  456  603.00000  455.31105  24.5% 10687  395s
   554   571  496.64897  116  441  603.00000  455.31105  24.5% 10309  404s
   570   575  500.26957  118  440  603.00000  455.31105  24.5% 10204  412s
H  572   575                     602.0000000  455.31105  24.4% 10177  412s
   574   595  500.27831  119  439  602.00000  455.31105  24.4% 10152  419s
   594   609  500.90040  123  451  602.00000  455.31105  24.4%  9981  426s
H  600   609                     601.0000000  455.31105  24.2%  9902  426s
   608   626  500.94553  124  451  601.00000  455.31105  24.2%  9822  434s
   625   630  501.46965  129  447  601.00000  455.31105  24.2%  9680  440s
   629   634  502.00801  130  437  601.00000  455.31105  24.2%  9646  447s
   633   653  502.04052  131  426  601.00000  455.31105  24.2%  9606  452s
   652   658  502.21327  132  417  601.00000  455.31105  24.2%  9425  459s
   657   663  502.51271  134  424  601.00000  455.31105  24.2%  9389  465s
   662   667  502.92593  136  436  601.00000  455.31105  24.2%  9358  471s
   666   675  503.52016  137  392  601.00000  455.31105  24.2%  9338  480s
   674   680  513.92620  141  373  601.00000  455.31105  24.2%  9290  487s
   679   691  514.19178  143  408  601.00000  455.31105  24.2%  9259  494s
   690   714  514.26777  144  412  601.00000  455.31105  24.2%  9171  502s
   713   741  516.80020  148  380  601.00000  455.31105  24.2%  9037  510s
   740   765  529.45537  149  374  601.00000  455.31105  24.2%  8860  519s
   764   805  525.48285  151  369  601.00000  455.31105  24.2%  8722  528s
   804   842  529.30280  157  344  601.00000  455.31105  24.2%  8509  540s
   841   901  530.22492  162  358  601.00000  455.31105  24.2%  8269  548s
   900   966  531.31046  166  351  601.00000  455.31105  24.2%  7899  561s
   965  1047  538.37065  167  327  601.00000  455.31105  24.2%  7557  575s
  1047  1048  533.16212  240  432  601.00000  455.31105  24.2%  7165  596s
  1049  1049  489.28735   92  467  601.00000  455.31105  24.2%  7151  612s
  1050  1050  521.21630  210  569  601.00000  455.31105  24.2%  7144  639s
  1051  1051  500.98462  125  587  601.00000  455.31105  24.2%  7137  649s
  1052  1051  478.41135   27  636  601.00000  455.31105  24.2%  7130  659s
  1053  1052  562.28070  273  685  601.00000  455.31105  24.2%  7124  671s
  1054  1053  479.49347   28  759  601.00000  455.52101  24.2%  7117  679s
  1055  1053  513.23206  178  735  601.00000  458.86842  23.6%  7110  684s
  1056  1054  507.48747   73  732  601.00000  460.53427  23.4%  7103  688s
  1057  1055  517.65308  189  729  601.00000  461.46141  23.2%  7097  692s
  1058  1055  488.97186   89  760  601.00000  462.01208  23.1%  7090  697s
  1059  1056  500.52672  111  772  601.00000  463.19269  22.9%  7083  704s
  1060  1057  489.76003   61  773  601.00000  463.54144  22.9%  7077  707s
  1061  1057  511.79993   76  769  601.00000  463.80154  22.8%  7070  711s
  1062  1058  557.99713  255  787  601.00000  463.86041  22.8%  7063  715s
  1066  1061  502.70907  129  760  601.00000  471.37754  21.6%  7037  728s
  1067  1061  505.24384  142  753  601.00000  474.09731  21.1%  7030  735s
  1068  1062  489.45394   93  771  601.00000  475.99420  20.8%  7024  743s
  1069  1063  515.30864  101  785  601.00000  476.98292  20.6%  7017  749s
  1070  1063  560.08018  268  789  601.00000  477.60354  20.5%  7011  752s
  1071  1064  505.47053   92  786  601.00000  477.96022  20.5%  7004  758s
  1072  1065  517.31186  188  806  601.00000  478.09413  20.5%  6997  760s
  1074  1066  572.62691  329  822  601.00000  478.33405  20.4%  6984  766s
  1077  1068  540.28924  167  828  601.00000  478.36940  20.4%  6965  771s
  1080  1070  505.24384  142  775  601.00000  481.71884  19.8%  6946  781s
  1081  1071  487.64833   19  805  601.00000  482.27130  19.8%  6939  786s
  1082  1071  503.08805  137  820  601.00000  482.82002  19.7%  6933  791s
  1083  1072  492.03084   65  810  601.00000  483.14687  19.6%  6926  795s
  1085  1073  483.37216    8  841  601.00000  483.37216  19.6%  6914  801s
  1088  1075  574.29324  336  802  601.00000  485.55014  19.2%  6895  808s
  1089  1076  485.55014   24  817  601.00000  485.55014  19.2%  6888  813s
  1090  1077  519.84610  188  822  601.00000  485.77320  19.2%  6882  818s
  1091  1077  512.56931  171  861  601.00000  485.85938  19.2%  6876  820s
  1093  1079  556.45298  235  864  601.00000  486.00483  19.1%  6863  826s
  1096  1081  570.91831  315  875  601.00000  486.05155  19.1%  6844  831s
H 1098  1027                     599.0000000  487.66863  18.6%  6832  842s
  1099  1028  516.44392   85  796  599.00000  487.66863  18.6%  6826  848s
  1100  1028  520.83835  206  839  599.00000  487.96363  18.5%  6819  853s
  1101  1029  539.11611  152  858  599.00000  488.08614  18.5%  6813  855s
  1103  1030  516.13788  130  892  599.00000  488.18666  18.5%  6801  860s
  1108  1034  515.04358  122  806  599.00000  489.84148  18.2%  6770  868s
  1109  1034  572.80798  332  820  599.00000  490.05375  18.2%  6764  873s
  1110  1035  569.77079  303  829  599.00000  490.21572  18.2%  6758  876s
  1112  1036  540.35830  156  894  599.00000  490.34884  18.1%  6746  880s
  1117  1040  548.87060  188  866  599.00000  491.99232  17.9%  6716  888s
  1118  1040  500.38811  108  871  599.00000  492.02420  17.9%  6710  890s
  1120  1042  572.46854  328  878  599.00000  492.22227  17.8%  6698  895s
  1128  1047  537.81738  248  905  599.00000  492.30785  17.8%  6650  901s
  1129  1048  493.76109   74  837  599.00000  493.76109  17.6%  6644  933s
  1130  1048  532.14454  235  850  599.00000  493.97761  17.5%  6638  940s
  1135  1052  507.54963  142  954  599.00000  494.04367  17.5%  6609  945s
H 1135   997                     596.0000000  497.27720  16.6%  6609  953s
H 1135   946                     594.0000000  497.27720  16.3%  6609  961s
  1136   946  555.73233  242  811  594.00000  497.27720  16.3%  6603  965s
H 1136   897                     593.0000000  498.20629  16.0%  6603  970s
H 1136   851                     591.0000000  498.20629  15.7%  6603  970s
H 1136   807                     587.0000000  498.20629  15.1%  6603  970s
  1140   810  527.48882  154  879  587.00000  498.47536  15.1%  6580  976s
  1146   814  499.83839    4  849  587.00000  499.83839  14.8%  6546  982s
  1150   817  521.21630  210  924  587.00000  500.10704  14.8%  6523  985s
  1156   821  507.48747   73  860  587.00000  501.56202  14.6%  6489  992s
  1157   821  517.65308  189  883  587.00000  501.79415  14.5%  6483  997s
  1158   822  501.95744   89  892  587.00000  501.95744  14.5%  6478 1000s
  1163   825  507.06553   71  919  587.00000  502.07940  14.5%  6450 1005s
  1165   827  502.83129  102  872  587.00000  502.83129  14.3%  6439 1010s
  1172   831  517.31186  188  948  587.00000  502.98809  14.3%  6400 1016s
  1176   834  508.65020   86  956  587.00000  503.37079  14.2%  6379 1020s
  1179   836  503.94219   53  910  587.00000  503.94219  14.1%  6362 1025s
  1183   839  505.41191   65  833  587.00000  505.41191  13.9%  6341 1033s
  1184   839  530.04228  221  857  587.00000  505.61875  13.9%  6336 1036s
  1186   841  505.95618   36  928  587.00000  505.95618  13.8%  6325 1041s
  1190   843  519.84610  188  950  587.00000  506.05444  13.8%  6304 1045s
  1193   845  556.45298  235  859  587.00000  507.19900  13.6%  6288 1052s
  1194   846  520.04435  188  886  587.00000  507.53501  13.5%  6282 1055s
  1198   849  507.70997   80  915  587.00000  507.70997  13.5%  6261 1061s
  1202   851  508.25124   20  919  587.00000  508.25124  13.4%  6241 1068s
H 1202   806                     586.0000000  508.25124  13.3%  6241 1069s
H 1202   763                     585.0000000  508.25124  13.1%  6241 1069s
H 1202   722                     584.0000000  508.25124  13.0%  6241 1069s
H 1203   684                     583.0000000  508.25124  12.8%  6235 1070s
  1209   688  572.80798  332  930  583.00000  508.31203  12.8%  6204 1076s
  1213   691  530.33642  176  956  583.00000  508.31203  12.8%  6184 1080s
  1215   692  565.46525  286  902  583.00000  508.77848  12.7%  6174 1085s
  1219   695  510.04182  148  950  583.00000  508.81330  12.7%  6154 1090s
H 1220   658                     582.0000000  508.98541  12.5%  6149 1093s
H 1220   622                     581.0000000  508.98541  12.4%  6149 1093s
H 1220   588                     580.0000000  508.98541  12.2%  6149 1093s
H 1220   555                     579.0000000  508.98541  12.1%  6149 1093s
H 1221   526                     578.0000000  509.10849  11.9%  6144 1095s
H 1221   496                     575.0000000  509.10849  11.5%  6144 1095s
  1227   500  509.21476   40  934  575.00000  509.21476  11.4%  6113 1103s
  1230   502  532.14454  235  965  575.00000  509.21476  11.4%  6099 1105s
  1234   505  509.37966  120  927  575.00000  509.37966  11.4%  6079 1110s
  1239   508  520.04435  188  900  575.00000  509.82564  11.3%  6054 1118s
  1240   509  527.48882  154  918  575.00000  509.82844  11.3%  6049 1121s
  1243   511  528.12392  115  926  575.00000  509.95912  11.3%  6035 1125s
  1248   514  511.38738  164  920  575.00000  510.18180  11.3%  6011 1130s
  1250   515  521.21630  210  939  575.00000  510.21516  11.3%  6001 1135s
  1254   518  510.24003   28  992  575.00000  510.24003  11.3%  5982 1140s
  1256   519  510.35287   73  961  575.00000  510.35287  11.2%  5972 1145s
  1259   521  510.42631  111  957  575.00000  510.42631  11.2%  5958 1151s
  1261   523  511.79993   76  960  575.00000  510.66771  11.2%  5949 1155s
  1264   525  510.79328   25  949  575.00000  510.79328  11.2%  5935 1160s
  1268   527  511.11840   93  899  575.00000  511.11840  11.1%  5916 1166s
  1271   529  511.17620   92  943  575.00000  511.17620  11.1%  5902 1170s
  1274   531  572.62691  329  923  575.00000  511.63446  11.0%  5888 1176s
  1280   535  511.63446  142  980  575.00000  511.63446  11.0%  5860 1180s
  1284   538  530.04228  221  926  575.00000  511.73542  11.0%  5842 1186s
  1287   540  551.57047  209  913  575.00000  511.96037  11.0%  5828 1190s
  1290   542  519.84610  188  947  575.00000  512.11148  10.9%  5815 1197s
  1291   543  512.56931  171  973  575.00000  512.17774  10.9%  5810 1200s
  1294   545  520.04435  188  919  575.00000  512.34919  10.9%  5797 1207s
  1298   547  512.36268   80  962  575.00000  512.36268  10.9%  5779 1210s
  1301   549  539.11611  152  950  575.00000  512.49219  10.9%  5766 1217s
  1305   552  566.10353  262  999  575.00000  512.49219  10.9%  5748 1220s
  1309   555  572.80798  332  940  575.00000  512.65433  10.8%  5731 1226s
  1311   556  512.65877   82  953  575.00000  512.65877  10.8%  5722 1233s
  1314   558  540.43010  160  945  575.00000  512.67346  10.8%  5709 1235s
  1317   560  548.87060  188  975  575.00000  512.79965  10.8%  5696 1240s
  1321   563  531.79308  233  928  575.00000  512.79965  10.8%  5678 1246s
  1326   566  513.17889    9  967  575.00000  513.17889  10.8%  5657 1251s
H 1326   533                     573.0000000  513.17889  10.4%  5657 1255s
H 1326   502                     572.0000000  513.17889  10.3%  5657 1256s
  1327   503  513.17889   40  898  572.00000  513.17889  10.3%  5653 1281s
  1332   506  513.52705  104  872  572.00000  513.52705  10.2%  5632 1292s
  1334   507  513.52705  120  904  572.00000  513.52705  10.2%  5623 1295s
  1340   511  527.48882  154  931  572.00000  513.52705  10.2%  5598 1300s
  1349   517  513.77702   92  960  572.00000  513.77702  10.2%  5561 1305s
  1353   520  562.28070  273  971  572.00000  513.87687  10.2%  5544 1310s
H 1359   499                     571.0000000  513.87687  10.0%  6375 1323s
  1360   499  513.87687   61  467  571.00000  513.87687  10.0%  6370 1325s
  1361   500  513.87687   76  543  571.00000  513.87687  10.0%  6365 1348s
  1362   501  557.99713  255  543  571.00000  513.87687  10.0%  6361 1354s
  1363   501  513.87687   71  591  571.00000  513.87687  10.0%  6356 1360s
  1364   502  513.87687   25  623  571.00000  513.87687  10.0%  6351 1368s
  1365   503  513.87687  102  609  571.00000  513.87687  10.0%  6347 1377s
  1366   503  513.87687  129  614  571.00000  513.87687  10.0%  6342 1383s
  1367   504  513.87687  142  625  571.00000  513.87687  10.0%  6337 1389s
  1368   505  513.87687   93  650  571.00000  513.87687  10.0%  6333 1393s
  1369   505  515.30864  101  682  571.00000  514.31567  9.93%  6328 1398s
  1370   506  560.08018  268  675  571.00000  514.31567  9.93%  6324 1402s
  1371   507  514.31567   92  673  571.00000  514.31567  9.93%  6319 1410s
  1372   507  517.31186  188  678  571.00000  514.31567  9.93%  6314 1416s
  1373   508  525.56308  152  677  571.00000  514.31567  9.93%  6310 1420s
  1374   509  571.00000  329  720  571.00000  514.31567  9.93%  6305 1425s
  1375   509  522.97926  159  735  571.00000  514.31567  9.93%  6301 1431s
  1376   510  514.31567   86  755  571.00000  514.31567  9.93%  6296 1435s
  1377   511  540.28924  167  739  571.00000  514.32628  9.93%  6291 1440s
  1379   512  514.32628   53  793  571.00000  514.32628  9.93%  6282 1446s
  1381   513  514.32628   19  839  571.00000  514.32628  9.93%  6273 1450s
  1386   517  514.32628   36  815  571.00000  514.32628  9.93%  6251 1460s
  1388   518  571.00000  336  848  571.00000  514.32628  9.93%  6242 1467s
  1392   521  571.00000  328  905  571.00000  514.83008  9.84%  6224 1471s
  1398   525  514.83008   80  924  571.00000  514.83008  9.84%  6197 1476s
  1401   527  539.11611  152  904  571.00000  514.83008  9.84%  6184 1480s
  1404   529  514.83008   20  917  571.00000  514.83008  9.84%  6170 1525s
  1410   533  569.77079  303  911  571.00000  514.83008  9.84%  6144 1531s
  1414   535  540.43010  160  920  571.00000  514.83008  9.84%  6127 1535s
  1417   537  548.87060  188  868  571.00000  514.95300  9.82%  6114 1540s
  1420   539  571.00000  328  883  571.00000  514.95300  9.82%  6101 1545s
  1422   541  571.00000  299  855  571.00000  515.17967  9.78%  6092 1554s
  1423   541  515.17967   51  883  571.00000  515.17967  9.78%  6088 1555s
  1431   547  515.51118   51  882  571.00000  515.51118  9.72%  6054 1560s
  1435   549  515.58627  142  917  571.00000  515.58627  9.70%  6037 1565s
  1439   552  520.04435  188  822  571.00000  515.58627  9.70%  6020 1583s
  1440   553  527.48882  154  822  571.00000  515.58627  9.70%  6016 1599s
  1441   555  521.84589   29  450  571.00000  515.58627  9.70%  6361 1609s
  1442   558  535.80405   30  457  571.00000  515.58627  9.70%  6364 1619s
  1445   560  536.47631   31  442  571.00000  515.96106  9.64%  6367 1627s
  1448   562  536.74206   32  433  571.00000  515.96106  9.64%  6376 1635s
  1451   567  537.02130   33  460  571.00000  515.96106  9.64%  6402 1643s
  1457   579  537.53464   35  456  571.00000  515.96106  9.64%  6413 1650s
  1471   583  548.15415   37  428  571.00000  515.96106  9.64%  6473 1655s
  1493   597  541.25134   39  457  571.00000  515.96106  9.64%  6693 1662s
  1501   609  546.88543   40  415  571.00000  515.96106  9.64%  6722 1665s
  1526   621  542.44967   44  418  571.00000  515.96106  9.64%  6896 1670s
  1547   634  550.77244   46  418  571.00000  515.96106  9.64%  7074 1675s
  1573   636  549.64142   49  398  571.00000  515.96106  9.64%  7153 1680s
  1601   642  563.57105   51  397  571.00000  515.96106  9.64%  7201 1685s
  1639   648  567.91812   59  264  571.00000  516.87894  9.48%  7233 1691s
  1652   654  539.61236   34  461  571.00000  516.87894  9.48%  7308 1696s
  1662   662  543.24332   37  413  571.00000  516.87894  9.48%  7362 1701s
  1673   671  544.78805   40  430  571.00000  516.87894  9.48%  7397 1705s
  1697   701  548.07513   47  350  571.00000  516.87894  9.48%  7463 1712s
  1725   721  549.91446   53  328  571.00000  516.87894  9.48%  7481 1715s
  1803   750  555.26271   68  333  571.00000  516.87894  9.48%  7408 1721s
  1892   757  565.42061   91  250  571.00000  517.32764  9.40%  7293 1730s
  1912   762  557.21692   65  293  571.00000  517.44083  9.38%  7321 1735s
  1946   755  565.30215   86  255  571.00000  517.44083  9.38%  7270 1743s
  1960   774  553.36344   57  368  571.00000  517.44083  9.38%  7263 1747s
  2002   780  560.01063   64  270  571.00000  517.44083  9.38%  7234 1754s
  2043   781  557.32630   49  402  571.00000  517.44083  9.38%  7183 1761s
  2083   770  566.41688   65  311  571.00000  517.44083  9.38%  7103 1768s
  2095   791  555.43017   55  329  571.00000  517.44083  9.38%  7104 1774s
  2129   797  567.14452   74  275  571.00000  517.44083  9.38%  7126 1783s
  2167   801     cutoff   68       571.00000  518.50452  9.19%  7134 1788s
  2188   811  528.23426   34  704  571.00000  518.50452  9.19%  7238 1793s
  2235   821  530.29156   37  666  571.00000  518.50452  9.19%  7245 1802s
  2284   830  531.13036   40  662  571.00000  518.50452  9.19%  7227 1808s
  2311   846  533.56030   44  630  571.00000  518.50452  9.19%  7324 1813s
  2354   858  534.21395   47  623  571.00000  518.50452  9.19%  7354 1822s
  2408   872  542.09818   48  429  571.00000  518.50452  9.19%  7348 1829s
  2452   901  544.00772   54  479  571.00000  518.50452  9.19%  7335 1838s
  2512   940  551.29773   65  466  571.00000  518.50452  9.19%  7344 1845s
  2573   962  558.39582   83  414  571.00000  518.50452  9.19%  7352 1853s
  2656   958  545.29314   41  408  571.00000  518.85878  9.13%  7283 1863s
  2704   973  519.04582   34  767  571.00000  518.85878  9.13%  7344 1872s
  2747   997  551.99786   44  482  571.00000  518.85878  9.13%  7335 1880s
  2800  1000  519.26093   35  724  571.00000  518.85878  9.13%  7344 1890s
  2831  1025  530.09029   37  499  571.00000  518.85878  9.13%  7434 1899s
  2875  1046  554.78708   37  472  571.00000  518.85878  9.13%  7489 1911s
* 2963   980              82     570.0000000  518.85878  8.97%  7389 1911s
  2966  1029  550.75634   44  417  570.00000  519.05345  8.94%  7388 1923s
  3063  1047  533.32983   37  712  570.00000  519.05345  8.94%  7363 1933s
  3111  1079  540.19834   41  617  570.00000  519.28329  8.90%  7443 1944s
  3143  1131  544.06060   48  597  570.00000  519.28329  8.90%  7610 1954s
  3195  1183  551.44151   60  577  570.00000  520.43738  8.70%  7737 1969s
  3281  1213  521.82700   37  737  570.00000  520.45019  8.69%  7764 1981s
  3325  1255  525.16623   38  692  570.00000  520.45019  8.69%  7820 1994s
  3380  1302  533.91156   41  621  570.00000  520.45019  8.69%  7895 2008s
  3437  1392  538.36716   44  470  570.00000  520.45019  8.69%  8054 2020s
  3528  1442  555.61981   52  209  570.00000  520.45019  8.69%  8140 2036s
  3660  1496  530.88470   46  669  570.00000  520.45019  8.69%  8005 2051s
  3714  1580  535.08002   54  645  570.00000  520.45019  8.69%  8104 2070s
  3854  1642  540.82424   64  602  570.00000  520.45019  8.69%  8016 2089s
  3940  1672  554.82086   79  526  570.00000  522.45681  8.34%  8064 2106s
  3985  1676  565.16934  106  455  570.00000  522.45681  8.34%  8082 2121s
  3989  1680  565.89682  107  494  570.00000  522.45681  8.34%  8099 2135s
  3993  1683  565.97668  108  501  570.00000  522.45681  8.34%  8114 2150s
  3997  1704  566.08849  109  520  570.00000  522.45681  8.34%  8128 2166s
  4018  1728  566.37390  110  475  570.00000  522.45681  8.34%  8148 2182s
  4053  1766  567.66000  111  457  570.00000  522.45681  8.34%  8185 2202s
  4107  1787     cutoff  112       570.00000  522.45681  8.34%  8208 2219s
  4134  1831  538.64760   40  587  570.00000  522.45681  8.34%  8331 2242s
  4199  1877  546.50246   41  581  570.00000  522.45681  8.34%  8383 2264s
  4266  1919  535.76117   43  672  570.00000  522.45681  8.34%  8499 2288s
  4334  1991  544.96535   55  624  570.00000  522.45681  8.34%  8549 2311s
  4430  2066  557.39066   75  572  570.00000  523.43288  8.17%  8605 2338s
  4554  2104  535.95377   46  650  570.00000  524.86101  7.92%  8600 2363s
  4592  2153  536.69523   47  640  570.00000  524.86101  7.92%  8676 2387s
  4657  2230  547.51250   65  608  570.00000  524.86101  7.92%  8775 2417s
  4764  2310  541.79518   43  521  570.00000  524.86101  7.92%  8734 2443s
  4884  2395  540.12636   44  509  570.00000  526.62144  7.61%  8731 2469s
  4978  2482  552.62937   63  424  570.00000  526.71740  7.59%  8889 2500s
  5108  2611  544.26704   44  451  570.00000  526.77633  7.58%  8864 2530s
  5289  2706  534.34795   48  690  570.00000  527.05436  7.53%  8911 2562s
  5425  2796  541.87481   56  637  570.00000  527.05436  7.53%  8931 2595s
  5548  2897  552.33815   45  395  570.00000  527.05436  7.53%  8996 2632s
  5715  2973  552.97843   51  574  570.00000  527.54117  7.45%  9035 2665s
  5851  3116  540.88183   58  633  570.00000  528.20826  7.33%  9103 2701s
  6009  3266  564.77859  101  496  570.00000  528.24820  7.32%  9282 2739s
  6237  3397  549.10919   61  572  570.00000  528.78944  7.23%  9292 2779s
  6489  3504  545.04581   47  657  570.00000  529.05821  7.18%  9180 2822s
  6666  3658  533.15893   49  713  570.00000  529.20647  7.16%  9199 2871s
  6852  3842  539.94697   56  614  570.00000  529.25105  7.15%  9281 2919s
  7160  4018  539.96098   40  550  570.00000  529.37452  7.13%  9155 2965s
  7428  4211  553.70610   39  420  570.00000  529.37452  7.13%  9109 3011s
  7716  4379  565.75570   83  482  570.00000  529.86411  7.04%  9145 3059s
  7988  4550  543.22817   58  646  570.00000  529.98966  7.02%  9146 3118s
  8270  4697  547.48611   51  368  570.00000  530.03180  7.01%  9103 3170s
  8488  4937  542.42502   55  551  570.00000  530.39380  6.95%  9116 3227s
  8895  5117  545.53718   45  604  570.00000  530.61219  6.91%  9027 3286s
  9217  5254  535.31632   40  560  570.00000  530.95845  6.85%  8995 3348s
  9459  5533  540.27056   45  639  570.00000  530.95845  6.85%  8990 3414s
  9884  5836  567.10763   85  491  570.00000  531.26840  6.80%  8982 3488s
 10397  6137  542.69712   49  602  570.00000  531.44594  6.76%  8834 3571s
 10885  6374  559.98538   65  392  570.00000  531.83589  6.70%  8789 3634s
 11212  6633  542.76039   52  625  570.00000  531.98570  6.67%  8857 3705s
 11671  6869  542.38791   44  494  570.00000  532.26884  6.62%  8801 3769s
 12049  7140  556.63574   60  616  570.00000  532.34968  6.61%  8742 3844s
 12474  7430  541.29706   37  587  570.00000  532.49169  6.58%  8705 3914s
 12964  7718  563.99172   52  520  570.00000  532.63312  6.56%  8646 3991s
 13358  8020  546.19691   48  568  570.00000  532.79308  6.53%  8609 4065s
 13817  8285  538.16040   48  716  570.00000  532.87681  6.51%  8595 4139s
 14233  8560  539.99168   44  659  570.00000  533.02766  6.49%  8574 4211s
 14688  8768  545.94416   49  438  570.00000  533.03469  6.49%  8607 4283s
 15150  9112  554.53832   53  712  570.00000  533.24275  6.45%  8576 4351s
 15615  9527  550.76622   49  424  570.00000  533.42104  6.42%  8575 4419s
 16230  9776  538.60896   49  759  570.00000  533.69730  6.37%  8460 4491s
 16531 10125  562.94879  102  279  570.00000  533.69730  6.37%  8484 4556s
 17070 10373  550.14960   48  641  570.00000  534.03843  6.31%  8457 4623s
 17447 10748  541.33256   65  537  570.00000  534.12054  6.29%  8504 4691s
 17962 11129  564.63124   77  583  570.00000  534.18665  6.28%  8475 4754s
 18587 11407  551.43141   46  583  570.00000  534.38846  6.25%  8401 4817s
 18988 11696  547.26382   54  386  570.00000  534.49538  6.23%  8389 4878s
 19399 12077  547.93500   45  480  570.00000  534.70931  6.19%  8413 4940s
 19943 12435  537.05090   44  691  570.00000  534.93898  6.15%  8361 5000s
 20427 12865  555.46123   60  592  570.00000  534.97072  6.15%  8349 5061s
 21069 12866  551.94299   62  432  570.00000  535.15270  6.11%  8286 5720s
 21071 12867  553.38744   53  472  570.00000  535.15270  6.11%  8286 5733s
 21072 12868  540.13656   50  539  570.00000  535.15270  6.11%  8285 5757s
 21073 12869  551.63261   54  543  570.00000  535.15270  6.11%  8285 5764s
 21074 12869  563.57460   93  589  570.00000  535.15270  6.11%  8284 5774s
 21075 12870  552.93429   65  615  570.00000  535.15270  6.11%  8284 5786s
 21076 12871  562.61018   89  657  570.00000  535.15270  6.11%  8284 5794s
 21077 12871  559.74649   49  657  570.00000  535.15270  6.11%  8283 5804s
 21078 12872  562.76706   79  671  570.00000  535.15270  6.11%  8283 5810s
 21079 12873  551.52535   69  719  570.00000  535.15270  6.11%  8282 5818s
 21080 12873  559.89181   50  715  570.00000  535.15270  6.11%  8282 5824s
 21081 12874  539.25206   35  729  570.00000  535.15270  6.11%  8282 5829s
 21082 12875  560.31178   67  756  570.00000  535.15270  6.11%  8281 5832s
 21083 12875  564.50175   94  761  570.00000  535.15270  6.11%  8281 5836s
 21084 12876  563.73575   66  756  570.00000  535.15270  6.11%  8280 5840s
 21085 12877  551.64903   44  761  570.00000  535.15270  6.11%  8280 5845s
 21087 12878  559.62033   88  825  570.00000  535.15270  6.11%  8279 5853s
 21088 12879  554.01106   51  804  570.00000  535.15270  6.11%  8279 5856s
 21090 12880  539.16359   46  856  570.00000  535.15270  6.11%  8278 5860s
 21092 12881  557.75166   72  851  570.00000  535.15270  6.11%  8277 5866s
 21093 12882  544.32009   43  863  570.00000  535.15270  6.11%  8277 5871s
 21097 12885  560.49071   62  894  570.00000  535.15270  6.11%  8275 5875s
 21100 12887  560.82365   73  864  570.00000  535.15270  6.11%  8274 5884s
 21101 12887  548.41741   58  864  570.00000  535.15270  6.11%  8274 5887s
 21103 12889  559.63101   92  877  570.00000  535.15270  6.11%  8273 5892s
 21105 12890  564.07039   79  915  570.00000  535.15270  6.11%  8272 5895s
 21110 12893  547.27082   58  965  570.00000  535.15270  6.11%  8270 5925s
 21112 12895  546.67113   53  884  570.00000  535.15270  6.11%  8269 5931s
 21118 12899  564.85115   60  970  570.00000  535.15270  6.11%  8267 5959s
 21119 12899  552.83271   73  971  570.00000  535.15270  6.11%  8267 5961s
 21124 12903  547.57477   48  967  570.00000  535.15270  6.11%  8265 5985s
 21125 12903  555.41632   53  903  570.00000  535.15270  6.11%  8264 5993s
 21131 12907  558.40384   58  979  570.00000  535.15270  6.11%  8262 6016s
 21132 12908  558.18506   75  982  570.00000  535.15270  6.11%  8262 6069s
 21133 12909  561.54409   65  935  570.00000  535.15270  6.11%  8261 6070s
 21142 12915  552.80330   69 1010  570.00000  535.15270  6.11%  8258 6095s
 21143 12915  549.18673   62  950  570.00000  535.15270  6.11%  8257 6102s
 21148 12919  560.56952   72  990  570.00000  535.15270  6.11%  8255 6126s
 21155 12923  549.38434   50 1006  570.00000  535.15270  6.11%  8253 6152s
 21156 12924  551.46212   53  964  570.00000  535.15270  6.11%  8252 6169s
 21157 12925  560.20637   46  963  570.00000  535.15270  6.11%  8252 6170s
 21160 12927  551.08624   63 1008  570.00000  535.15270  6.11%  8251 6190s
 21164 12929  557.75285   83  922  570.00000  535.15270  6.11%  8249 6196s
 21165 12930  555.44322   60  935  570.00000  535.15270  6.11%  8249 6216s
 21168 12932  564.52511   56  967  570.00000  535.15270  6.11%  8248 6220s
 21171 12934  553.38744   53  983  570.00000  535.15270  6.11%  8246 6242s
 21172 12935  540.13656   50  940  570.00000  535.15270  6.11%  8246 6245s
 21176 12937  562.61018   89 1002  570.00000  535.15270  6.11%  8244 6263s
 21177 12938  559.74649   49  981  570.00000  535.15270  6.11%  8244 6265s
 21179 12939  551.52535   69 1010  570.00000  535.15270  6.11%  8243 6288s
 21181 12941  539.25206   35  992  570.00000  535.15270  6.11%  8243 6290s
 21182 12941  560.31178   67 1016  570.00000  535.15270  6.11%  8242 6312s
 21184 12943  563.73575   66  956  570.00000  535.15270  6.11%  8241 6332s
 21187 12945  559.62033   88  976  570.00000  535.15270  6.11%  8240 6335s
 21190 12947  539.16359   46 1000  570.00000  535.15270  6.11%  8239 6355s
 21191 12947  537.96614   51  949  570.00000  535.15270  6.11%  8239 6360s
 21195 12950  558.57117   64  967  570.00000  535.15270  6.11%  8237 6384s
 21196 12951  563.52068   81  951  570.00000  535.15270  6.11%  8237 6386s
 21199 12953  542.46447   50  949  570.00000  535.15270  6.11%  8236 6390s
 21202 12955  559.45790   68 1014  570.00000  535.15270  6.11%  8234 6411s
 21203 12955  559.63101   92  957  570.00000  535.15270  6.11%  8234 6425s
 21205 12957  564.07039   79  983  570.00000  535.15270  6.11%  8233 6443s
 21206 12957  561.76522   80  964  570.00000  535.15270  6.11%  8233 6446s
 21210 12960  547.27082   58  998  570.00000  535.15270  6.11%  8231 6450s
 21211 12961  540.08381   44 1030  570.00000  535.15270  6.11%  8231 6469s
 21212 12961  546.67113   53 1004  570.00000  535.15270  6.11%  8230 6472s
 21215 12963  542.15049   42 1032  570.00000  535.15270  6.11%  8229 6495s
 21217 12965  549.50283   57 1020  570.00000  535.15270  6.11%  8229 6518s
 21218 12965  564.85115   60  964  570.00000  535.15270  6.11%  8228 6524s
 21219 12966  552.83271   73  981  570.00000  535.15270  6.11%  8228 6525s
 21221 12967  543.51253   46 1011  570.00000  535.15270  6.11%  8227 6548s
 21222 12968  561.26589   74  873  570.00000  535.15270  6.11%  8227 6550s
 21225 12970  555.41632   53  961  570.00000  535.15270  6.11%  8225 6555s
 21226 12971  546.03038   47  964  570.00000  535.15270  6.11%  8225 6572s
 21227 12971  552.61926   60  962  570.00000  535.15270  6.11%  8225 6577s
 21230 12973  552.56644   51  974  570.00000  535.15270  6.11%  8223 6580s
 21234 12976  555.05092   67  998  570.00000  535.15270  6.11%  8222 6596s
 21236 12977  555.77179   51  983  570.00000  535.15270  6.11%  8221 6600s
 21240 12980  557.40604   61 1034  570.00000  535.15270  6.11%  8220 6617s
 21241 12981  561.07929   56  995  570.00000  535.15270  6.11%  8219 6621s
 21245 12983  555.38555   64  963  570.00000  535.15270  6.11%  8218 6639s
 21246 12984  565.52565   74  945  570.00000  535.15270  6.11%  8217 6641s
 21249 12986  563.85965   94  984  570.00000  535.15270  6.11%  8216 6659s
 21250 12987  543.78129   64  947  570.00000  535.15270  6.11%  8216 6661s
 21252 12988  556.91533   73  977  570.00000  535.15270  6.11%  8215 6679s
 21253 12989  557.72071   54  950  570.00000  535.15270  6.11%  8215 6681s
 21257 12991  560.20637   46 1000  570.00000  535.15270  6.11%  8213 6698s
 21258 12992  564.89100   68  982  570.00000  535.15270  6.11%  8213 6702s
 21259 12993  561.56243   59  973  570.00000  535.15270  6.11%  8212 6717s
 21261 12994  549.08890   59  935  570.00000  535.15270  6.11%  8212 6720s
 21265 12997  555.44322   60  935  570.00000  535.15270  6.11%  8210 6744s
 21266 12997  563.87951   89  956  570.00000  535.15270  6.11%  8210 6746s
 21270 13000  559.26372   73  964  570.00000  535.15270  6.11%  8208 6764s
 21271 13001  553.38744   53  940  570.00000  535.15270  6.11%  8208 6766s
 21272 13001  540.13656   50  946  570.00000  535.15270  6.11%  8207 6788s
 21273 13002  551.63261   54  940  570.00000  535.15270  6.11%  8207 6791s
 21277 13005  559.74649   49  970  570.00000  535.15270  6.11%  8205 6812s
 21279 13006  551.52535   69  980  570.00000  535.15270  6.11%  8205 6834s
 21280 13007  559.89181   50  976  570.00000  535.15270  6.11%  8204 6836s
 21284 13009  563.73575   66  980  570.00000  535.15270  6.11%  8203 6856s
 21286 13011  565.55646   87  982  570.00000  535.15270  6.11%  8202 6874s
 21287 13011  559.62033   88  961  570.00000  535.15270  6.11%  8201 6875s
 21289 13013  552.67727   52  989  570.00000  535.15270  6.11%  8201 6894s
 21290 13013  539.16359   46  929  570.00000  535.15270  6.11%  8200 6896s
 21293 13015  544.32009   43  981  570.00000  535.15270  6.11%  8199 6916s
 21295 13017  558.57117   64  958  570.00000  535.15270  6.11%  8198 6920s
 21296 13017  563.52068   81  969  570.00000  535.15270  6.11%  8198 6939s
 21297 13018  560.49071   62  994  570.00000  535.15270  6.11%  8198 6941s
 21299 13019  542.46447   50 1009  570.00000  535.15270  6.11%  8197 6958s
 21300 13020  560.82365   73  992  570.00000  535.15270  6.11%  8196 6961s
 21301 13021  548.41741   58  996  570.00000  535.15270  6.11%  8196 6978s
 21302 13021  559.45790   68  933  570.00000  535.15270  6.11%  8196 6980s
 21308 13025  551.79400   61  993  570.00000  535.15270  6.11%  8193 6996s
 21311 13027  540.08381   44  981  570.00000  535.15270  6.11%  8192 7016s
 21313 13029  558.51040   54 1005  570.00000  535.15270  6.11%  8191 7035s
 21315 13030  542.15049   42  992  570.00000  535.15270  6.11%  8191 7055s
 21319 13033  552.83271   73 1022  570.00000  535.15270  6.11%  8189 7073s
 21320 13033  563.86821   68 1007  570.00000  535.15270  6.11%  8189 7075s
 21321 13034  543.51253   46 1025  570.00000  535.15270  6.11%  8188 7093s
 21322 13035  561.26589   74 1003  570.00000  535.15270  6.11%  8188 7095s
 21324 13036  547.57477   48 1006  570.00000  535.15270  6.11%  8187 7112s
 21325 13037  555.41632   53 1004  570.00000  535.15270  6.11%  8187 7116s
 21328 13039  563.62739   54 1013  570.00000  535.15270  6.11%  8186 7133s
 21329 13039  564.20164   90 1018  570.00000  535.15270  6.11%  8185 7135s
 21330 13040  552.56644   51 1020  570.00000  535.15270  6.11%  8185 7152s
 21331 13041  558.40384   58 1020  570.00000  535.15270  6.11%  8185 7171s
 21332 13041  558.18506   75  931  570.00000  535.15270  6.11%  8184 7187s
 21333 13042  561.54409   65 1020  570.00000  535.15270  6.11%  8184 7204s
 21334 13043  555.05092   67  995  570.00000  535.15270  6.11%  8183 7225s
 21336 13044  555.77179   51 1027  570.00000  535.15270  6.11%  8183 7237s
 21339 13046  567.25734   87  988  570.00000  535.15270  6.11%  8181 7240s
 21342 13048  552.80330   69 1019  570.00000  535.15270  6.11%  8180 7258s
 21343 13049  549.18673   62  991  570.00000  535.15270  6.11%  8180 7261s
 21345 13050  555.38555   64 1037  570.00000  535.15270  6.11%  8179 7276s
 21347 13051  545.64618   44 1037  570.00000  535.15270  6.11%  8178 7293s
 21348 13052  560.56952   72 1044  570.00000  535.15270  6.11%  8178 7295s
 21349 13053  563.85965   94 1044  570.00000  535.15270  6.11%  8178 7311s
 21351 13054  549.65530   61 1045  570.00000  535.15270  6.11%  8177 7332s
 21352 13055  556.91533   73  969  570.00000  535.15270  6.11%  8177 7349s
 21353 13055  557.72071   54 1046  570.00000  535.15270  6.11%  8176 7366s
 21354 13056  545.17642   49 1034  570.00000  535.15270  6.11%  8176 7389s
 21355 13057  549.38434   50 1022  570.00000  535.15270  6.11%  8175 7416s
 21356 13057  551.46212   53 1022  570.00000  535.15270  6.11%  8175 7430s
 21359 13060  561.56243   59  470  570.00000  535.15270  6.11%  8213 7439s
 21360 13061  551.08624   63  552  570.00000  535.15270  6.11%  8213 7460s
 21361 13062  549.08890   59  514  570.00000  535.15270  6.11%  8212 7466s
 21362 13062  561.33141  105  579  570.00000  535.15270  6.11%  8212 7472s
 21363 13063  553.78754   83  573  570.00000  535.15270  6.11%  8212 7477s
 21364 13064  557.75285   83  608  570.00000  535.15270  6.11%  8211 7483s
 21365 13064  555.44322   60  649  570.00000  535.15270  6.11%  8211 7489s
 21366 13065  563.87951   89  647  570.00000  535.15270  6.11%  8210 7492s
 21367 13066  542.10188   42  683  570.00000  535.15270  6.11%  8210 7497s
 21368 13066  564.52511   56  679  570.00000  535.15270  6.11%  8210 7501s
 21369 13067  551.94299   62  694  570.00000  535.15270  6.11%  8209 7505s
 21371 13068  553.38744   53  731  570.00000  535.15270  6.11%  8208 7510s
 21373 13070  551.63261   54  810  570.00000  535.15270  6.11%  8208 7517s
 21375 13071  552.93429   65  841  570.00000  535.15270  6.11%  8207 7522s
 21376 13072  562.61018   89  844  570.00000  535.15270  6.11%  8207 7525s
 21382 13076  560.31178   67  925  570.00000  535.15270  6.11%  8204 7530s
 21385 13078  551.64903   44  936  570.00000  535.15270  6.11%  8203 7535s
 21387 13079  559.62033   88  980  570.00000  535.15270  6.11%  8202 7558s
 21388 13080  554.01106   51  963  570.00000  535.15270  6.11%  8202 7561s
 21391 13082  537.96614   51  972  570.00000  535.15270  6.11%  8201 7579s
 21392 13082  557.75166   72  954  570.00000  535.15270  6.11%  8200 7581s
 21394 13084  565.09956   76  979  570.00000  535.15270  6.11%  8200 7596s
 21396 13085  563.52068   81  986  570.00000  535.15270  6.11%  8199 7615s
 21397 13086  560.49071   62 1007  570.00000  535.15270  6.11%  8198 7626s
 21398 13086  538.51171   49  991  570.00000  535.15270  6.11%  8198 7640s
 21399 13087  542.46447   50  991  570.00000  535.15270  6.11%  8198 7646s
 21400 13088  560.82365   73 1002  570.00000  535.15270  6.11%  8197 7666s
 21402 13089  559.45790   68 1007  570.00000  535.15270  6.11%  8197 7686s
 21403 13090  559.63101   92  951  570.00000  535.15270  6.11%  8196 7701s
 21407 13092  544.06285   49  942  570.00000  535.15270  6.11%  8195 7718s
 21408 13093  551.79400   61  923  570.00000  535.15270  6.11%  8194 7720s
 21410 13094  547.27082   58  952  570.00000  535.15270  6.11%  8194 7739s
 21411 13095  540.08381   44  901  570.00000  535.15270  6.11%  8193 7741s
 21414 13097  564.82734   60  987  570.00000  535.15270  6.11%  8192 7759s
 21415 13098  542.15049   42  971  570.00000  535.15270  6.11%  8192 7760s
 21417 13099  549.50283   57  988  570.00000  535.15270  6.11%  8191 7775s
 21420 13101  563.86821   68  982  570.00000  535.15270  6.11%  8190 7792s
 21423 13103  548.91594   46  940  570.00000  535.15270  6.11%  8189 7795s
 21425 13104  555.41632   53  946  570.00000  535.15270  6.11%  8188 7810s
 21429 13107  564.20164   90  935  570.00000  535.22816  6.10%  8186 7829s
 21430 13108  552.56644   51  862  570.00000  535.66774  6.02%  8186 7857s
 21434 13110  555.05092   67  930  570.00000  535.67195  6.02%  8184 7872s
 21436 13112  555.77179   51  919  570.00000  535.76993  6.01%  8184 7875s
 21437 13112  560.98615   65  937  570.00000  535.77328  6.00%  8183 7891s
 21440 13114  557.40604   61  926  570.00000  536.08975  5.95%  8182 7895s
 21442 13116  552.80330   69  934  570.00000  536.10147  5.95%  8181 7909s
 21443 13116  549.18673   62  911  570.00000  536.41211  5.89%  8181 7922s
 21445 13118  555.38555   64  923  570.00000  536.41211  5.89%  8180 7940s
 21447 13119  545.64618   44  918  570.00000  536.46189  5.88%  8179 7952s
 21449 13120  563.85965   94  923  570.00000  536.46189  5.88%  8179 7967s
 21452 13122  556.91533   73  934  570.00000  536.46189  5.88%  8177 7983s
 21453 13123  557.72071   54  918  570.00000  536.46996  5.88%  8177 7985s
 21454 13124  545.17642   49  931  570.00000  536.46996  5.88%  8177 7997s
 21457 13126  560.20637   46  907  570.00000  536.46996  5.88%  8176 8012s
 21459 13127  561.56243   59  928  570.00000  536.46996  5.88%  8175 8026s
 21461 13128  549.08890   59  935  570.00000  536.52346  5.87%  8174 8042s
 21462 13129  561.33141  105  935  570.00000  536.52346  5.87%  8174 8045s
 21463 13130  553.78754   83  935  570.00000  536.52346  5.87%  8173 8061s
 21464 13130  557.75285   83  840  570.00000  536.52346  5.87%  8173 8074s
 21465 13131  555.44322   60  936  570.00000  536.52346  5.87%  8173 8090s
 21466 13132  563.87951   89  951  570.00000  536.57791  5.86%  8172 8102s
 21467 13132  542.10188   42  955  570.00000  536.57791  5.86%  8172 8116s
 21469 13134  551.94299   62  965  570.00000  536.57791  5.86%  8171 8132s
 21470 13134  559.26372   73  966  570.00000  536.57791  5.86%  8171 8150s
 21471 13135  553.38744   53  900  570.00000  536.57791  5.86%  8170 8165s
 21472 13136  540.13656   50  959  570.00000  536.57791  5.86%  8170 8180s
 21474 13137  563.57460   93  910  570.00000  536.57791  5.86%  8169 8198s
 21476 13138  562.61018   89  920  570.00000  536.57791  5.86%  8168 8212s
 21477 13139  559.74649   49  902  570.00000  536.57791  5.86%  8168 8217s
 21478 13140  562.76706   79  922  570.00000  536.57791  5.86%  8168 8232s
 21480 13141  559.89181   50  945  570.00000  536.57791  5.86%  8167 8250s
 21482 13142  560.31178   67  947  570.00000  536.57791  5.86%  8166 8269s
 21483 13143  564.50175   94  893  570.00000  536.57791  5.86%  8166 8290s
 21484 13144  563.73575   66  966  570.00000  536.57791  5.86%  8165 8304s
 21485 13144  551.64903   44  943  570.00000  536.57791  5.86%  8165 8320s
 21486 13145  565.55646   87  943  570.00000  536.57791  5.86%  8165 8343s
 21487 13146  559.62033   88  943  570.00000  539.41377  5.37%  8164 8386s
 21488 13149  539.41377   50  793  570.00000  539.41377  5.37%  8189 8392s
 21490 13153  539.41377   51  786  570.00000  539.41377  5.37%  8189 8396s
 21498 13161  540.90188   53  522  570.00000  539.41377  5.37%  8189 8404s
 21507 13166  549.96756   57  456  570.00000  539.41377  5.37%  8188 8408s
 21515 13170  552.88651   59  444  570.00000  539.41377  5.37%  8187 8411s
 21533 13189  554.07924   63  405  570.00000  539.41377  5.37%  8183 8417s
 21556 13204  557.75596   68  353  570.00000  539.41377  5.37%  8177 8421s
 21581 13209  560.65915   73  337  570.00000  539.41377  5.37%  8170 8426s
 21620 13209     cutoff   83       570.00000  539.41377  5.37%  8158 8433s
 21632 13209  554.80803   63  426  570.00000  539.41377  5.37%  8155 8438s
 21650 13224  556.14674   66  179  570.00000  539.41377  5.37%  8150 8442s
 21677 13245  564.39618   73  326  570.00000  539.41377  5.37%  8143 8445s
 21730 13260  541.00879   53  515  570.00000  539.41377  5.37%  8128 8453s
 21747 13264  543.00554   54  517  570.00000  539.41377  5.37%  8123 8456s
 21767 13279  544.09616   57  464  570.00000  539.41377  5.37%  8119 8464s
 21782 13297  544.73127   59  475  570.00000  539.41377  5.37%  8116 8466s
 21809 13310  545.04259   61  466  570.00000  539.41377  5.37%  8107 8472s
 21879 13301  545.84836   64  465  570.00000  539.41377  5.37%  8086 8478s
 21903 13303  548.89605   65  391  570.00000  539.41377  5.37%  8079 8482s
 21913 13317  548.89605   66  378  570.00000  539.41377  5.37%  8077 8485s
 21951 13347  550.37508   70  364  570.00000  539.41377  5.37%  8068 8492s
 22007 13337  554.05848   75  372  570.00000  539.41377  5.37%  8049 8497s
 22036 13344  552.93450   78  349  570.00000  539.41377  5.37%  8041 8500s
 22052 13355  557.45061   83  291  570.00000  539.41377  5.37%  8037 8506s
 22080 13357  542.74826   56  506  570.00000  539.41377  5.37%  8030 8512s
 22091 13363  548.16890   59  477  570.00000  539.41377  5.37%  8029 8518s
 22101 13376  545.07077   59  479  570.00000  539.41377  5.37%  8027 8524s
 22119 13382  548.33231   60  491  570.00000  539.41377  5.37%  8023 8528s
 22151 13389  552.09092   62  447  570.00000  539.41377  5.37%  8015 8535s
 22188 13397  554.42915   67  399  570.00000  539.41377  5.37%  8005 8541s
 22208 13407  558.18326   72  406  570.00000  539.41377  5.37%  8001 8546s
 22246 13421  550.14026   55  521  570.00000  539.41377  5.37%  7991 8551s
 22278 13444  555.44454   66  456  570.00000  539.41377  5.37%  7983 8561s
 22362 13441  549.59655   57  500  570.00000  539.41377  5.37%  7957 8568s
 22412 13453  559.99075   60  312  570.00000  539.41377  5.37%  7943 8577s
 22481 13444  552.88817   55  428  570.00000  539.41377  5.37%  7922 8586s
 22522 13443  552.96021   57  653  570.00000  540.09466  5.25%  7911 8594s
 22534 13453  559.88707   62  462  570.00000  540.09466  5.25%  7910 8603s
 22555 13461  555.69148   62  484  570.00000  540.09466  5.25%  7906 8611s
 22581 13475  560.78634   61  471  570.00000  540.58436  5.16%  7902 8621s
 22617 13479  544.60287   58  710  570.00000  540.58436  5.16%  7894 8631s
 22644 13493  546.62565   61  678  570.00000  540.58436  5.16%  7889 8641s
 22678 13501  547.14954   63  667  570.00000  540.82878  5.12%  7882 8652s
 22706 13521  552.38548   64  459  570.00000  540.82878  5.12%  7878 8662s
 22748 13535  554.78347   67  437  570.00000  540.82878  5.12%  7869 8674s
 22797 13548  566.07728   80  417  570.00000  541.34567  5.03%  7859 8688s
 22870 13546  552.43142   62  537  570.00000  541.34567  5.03%  7840 8699s
 22892 13579  551.12130   65  593  570.00000  541.34567  5.03%  7838 8708s
 22963 13586  565.50624   74  481  570.00000  541.34567  5.03%  7821 8718s
 23025 13625  559.16389   58  550  570.00000  542.71126  4.79%  7807 8730s
 23131 13642  552.81445   60  685  570.00000  542.84166  4.76%  7778 8742s
 23201 13662  565.90588   72  474  570.00000  542.84166  4.76%  7762 8755s
 23267 13694  551.13125   59  507  570.00000  542.84362  4.76%  7747 8768s
 23372 13719  549.29853   57  519  570.00000  543.41242  4.66%  7720 8782s
 23458 13758  558.20709   59  595  570.00000  543.55924  4.64%  7701 8795s
 23564 13758  550.05282   64  566  570.00000  543.56730  4.64%  7675 8811s
 23608 13809  554.30322   71  514  570.00000  543.56730  4.64%  7667 8829s
 23759 13833  563.85182   61  569  570.00000  543.99948  4.56%  7626 8843s
 23873 13865  555.00659   75  426  570.00000  544.12005  4.54%  7597 8861s
 24022 13868  546.26975   63  575  570.00000  544.30603  4.51%  7559 8878s
 24094 13871     cutoff   69       570.00000  544.30603  4.51%  7545 8896s
 24147 13893  548.94303   68  638  570.00000  544.41394  4.49%  7534 8917s
 24226 13931  550.48737   71  658  570.00000  544.43354  4.49%  7516 8934s
 24341 13958  564.19410   90  551  570.00000  544.43354  4.49%  7490 8952s
 24506 13997  554.61395   59  530  570.00000  544.78149  4.42%  7451 8970s
 24674 14052  559.80913   66  479  570.00000  544.90018  4.40%  7412 8988s
 24861 14092  558.86275   65  503  570.00000  545.07077  4.37%  7370 9012s
 25086 14133  547.00736   66  519  570.00000  545.24233  4.34%  7315 9032s
 25297 14190  556.65959   65  682  570.00000  545.48291  4.30%  7267 9054s
 25543 14184  555.09603   69  629  570.00000  545.66286  4.27%  7210 9077s
 25723 14249  551.34283   68  631  570.00000  545.66286  4.27%  7171 9102s
 25938 14287  550.71125   66  684  570.00000  545.90794  4.23%  7127 9124s
 26231 14328  562.86378   65  411  570.00000  546.06419  4.20%  7063 9149s
 26536 14357  566.93293   61  331  570.00000  546.42958  4.14%  6997 9175s
 26843 14392  551.74007   63  539  570.00000  546.61347  4.10%  6931 9203s
 27115 14426  557.19954   62  492  570.00000  546.91814  4.05%  6877 9229s
 27410 14661  561.36711   69  462  570.00000  547.08052  4.02%  6820 9257s
 27883 14692  557.83394   65  621  570.00000  547.11223  4.02%  6717 9287s
 28356 14684  561.47208   58  427  570.00000  547.17675  4.00%  6624 9317s
 28731 14782     cutoff   72       570.00000  547.44540  3.96%  6556 9348s
 29214 14814  556.92898   71  401  570.00000  547.59799  3.93%  6467 9380s
 29609 14850  551.85837   65  718  570.00000  547.74374  3.90%  6398 9413s
 30087 14871  550.91301   69  604  570.00000  547.82228  3.89%  6317 9447s
 30473 14774  554.67901   70  465  570.00000  547.85990  3.88%  6253 9482s
 30521 14855  564.90608   82  368  570.00000  547.85990  3.88%  6245 9517s
 30792 15018  566.57903   83  377  570.00000  547.85990  3.88%  6200 9553s
 31329 15121  551.31761   72  686  570.00000  548.12038  3.84%  6113 9595s
 31892 15187  561.52618   72  509  570.00000  548.26199  3.81%  6029 9626s
 32427 15121  557.65491   96  464  570.00000  548.29311  3.81%  5948 9654s
 32635 15299     cutoff   70       570.00000  548.29311  3.81%  5919 9684s
 33221 15353  554.12922   63  576  570.00000  548.47653  3.78%  5834 9712s
 33673 15441  567.18699   70  408  570.00000  548.55731  3.76%  5771 9740s
 34182 15590  562.96614   72  615  570.00000  548.65705  3.74%  5703 9765s
 34806 15659  561.14663   70  480  570.00000  548.86344  3.71%  5618 9788s
 35342 15764  561.87695   81  449  570.00000  548.91193  3.70%  5549 9810s
 35913 15808  556.24384   63  445  570.00000  548.97846  3.69%  5477 9836s
 36345 15898  554.02567   77  510  570.00000  549.02908  3.68%  5426 9857s
 36750 16049  563.68484   71  395  570.00000  549.12616  3.66%  5379 9879s
 37314 16144  561.25957   76  543  570.00000  549.15444  3.66%  5312 9900s
 37860 16228  566.91524   67  358  570.00000  549.28965  3.63%  5248 9922s
 38364 16289  552.52553   65  665  570.00000  549.30456  3.63%  5194 9941s
 38804 16380  553.69115   62  500  570.00000  549.37692  3.62%  5148 9961s
 39271 16462  562.08786   78  650  570.00000  549.46790  3.60%  5100 9982s
 39751 16534  563.61252   73  647  570.00000  549.59152  3.58%  5051 10001s
 40223 16590  565.76539  104  439  570.00000  549.62427  3.57%  5005 10021s
 40632 16631  556.84136   73  437  570.00000  549.73382  3.56%  4967 10044s
 41008 16669  556.87739   73  640  570.00000  549.81070  3.54%  4933 10064s
 41319 16733  554.04800   74  713  570.00000  549.84724  3.54%  4906 10083s
 41617 16940  556.18388   76  700  570.00000  549.91246  3.52%  4883 10116s
 42204 16971  565.85643   77  362  570.00000  550.03158  3.50%  4832 10139s
 42685 17002  568.65661   64  283  570.00000  550.13280  3.49%  4789 10163s
 43152 17021  562.07110   84  461  570.00000  550.16357  3.48%  4750 10186s
 43596 17054  564.65473   73  665  570.00000  550.23751  3.47%  4713 10206s
 43943 17111  558.51048   68  572  570.00000  550.31335  3.45%  4686 10228s
 44279 17210  559.63996   71  594  570.00000  550.35794  3.45%  4661 10248s
 44642 17316  551.90679   73  593  570.00000  550.41420  3.44%  4634 10268s
 45020 17466  567.08292   86  370  570.00000  550.43177  3.43%  4606 10290s
 45545 17448  566.78576   64  504  570.00000  550.48626  3.42%  4566 10312s
 45869 17583     cutoff   72       570.00000  550.58777  3.41%  4542 10336s
 46378 17549  560.52867   73  624  570.00000  550.63554  3.40%  4505 10356s
 46668 17600  554.47594   63  511  570.00000  550.65084  3.39%  4486 10378s
 47010 17702  564.53548   73  628  570.00000  550.71891  3.38%  4464 10400s
 47429 17788  559.63694   64  612  570.00000  550.76701  3.37%  4436 10427s
 47860 17938  557.98860   66  722  570.00000  550.84078  3.36%  4408 10448s
 48403 17960  559.84974   79  449  570.00000  550.84877  3.36%  4372 10472s
 48876 18056  563.53265  113  446  570.00000  550.87676  3.35%  4341 10497s
 49349 18144  565.54628   93  320  570.00000  550.89631  3.35%  4311 10517s
 49856 18203  561.38561   74  459  570.00000  550.98816  3.34%  4278 10541s
 50279 18311  551.48515   67  612  570.00000  551.05702  3.32%  4252 10563s
 50756 18417  557.66240   74  663  570.00000  551.09049  3.32%  4223 10583s
 51230 18478  557.36564   67  594  570.00000  551.13833  3.31%  4194 10606s
 51640 18537  553.10431   79  746  570.00000  551.17110  3.30%  4171 10629s
 51989 18653  561.99972   92  586  570.00000  551.17110  3.30%  4153 10658s
 52436 18783  566.56160   90  258  570.00000  551.27190  3.29%  4129 10682s
 52964 18860  559.21050   79  627  570.00000  551.31936  3.28%  4100 10705s
 53462 18916  567.12003   89  521  570.00000  551.39531  3.26%  4072 10727s
 53886 18914  559.95048   84  393  570.00000  551.43898  3.26%  4049 10749s
 54167 19076  560.51131   65  608  570.00000  551.48015  3.25%  4036 10771s
 54686 19086  561.39697   71  667  570.00000  551.54610  3.24%  4009 10794s
 55063 19156  561.59748   95  427  570.00000  551.57529  3.23%  3991 10815s
 55405 19209  565.93013   81  449  570.00000  551.59002  3.23%  3975 10837s
 55786 19292  562.23878   87  593  570.00000  551.64800  3.22%  3957 10863s
 56190 19364  554.43931   78  645  570.00000  551.70415  3.21%  3937 10886s
 56631 19468  564.19209   78  573  570.00000  551.76174  3.20%  3917 10909s
 57144 19480  567.56314   72  499  570.00000  551.81408  3.19%  3891 10931s
 57514 19528  568.83101   80  472  570.00000  551.84391  3.19%  3875 10953s
 57893 19606  556.85845   63  419  570.00000  551.87389  3.18%  3859 10975s
 58296 19728  557.51343   69  569  570.00000  551.92587  3.17%  3841 10998s
 58762 19731  559.16210   65  429  570.00000  551.96328  3.16%  3820 11019s
 59109 19792  556.03416   73  586  570.00000  551.99031  3.16%  3805 11043s
 59543 19853  563.74969   85  315  570.00000  552.02999  3.15%  3785 11065s
 59899 19941  561.27063   82  412  570.00000  552.08401  3.14%  3772 11087s
 60346 20071  554.66345   74  648  570.00000  552.09919  3.14%  3753 11109s
 60861 20112  554.32903   69  734  570.00000  552.14608  3.13%  3731 11134s
 61274 20270  556.60472   65  636  570.00000  552.17599  3.13%  3714 11159s
 61699 20475  559.23581   68  689  570.00000  552.21903  3.12%  3697 11183s
 62117 20723  554.54540   68  437  570.00000  552.24640  3.11%  3682 11205s
 62657 20989  557.36034   64  432  570.00000  552.29218  3.11%  3659 11234s
 63269 21166  556.98413   73  668  570.00000  552.34696  3.10%  3635 11257s
 63639 21388  567.11398   93  428  570.00000  552.38795  3.09%  3620 11277s
 64041 21543  558.41053   62  580  570.00000  552.41556  3.08%  3605 11299s
 64469 21706  567.76499   73  351  570.00000  552.46787  3.08%  3589 11321s
 64886 21848  560.31016   65  369  570.00000  552.55318  3.06%  3574 11340s
 65180 22053  562.81151   76  488  570.00000  552.57204  3.06%  3563 11360s
 65618 22227  565.50629   83  387  570.00000  552.61395  3.05%  3548 11381s
 65962 22415  559.37296   78  678  570.00000  552.63227  3.05%  3537 11402s
 66344 22573  556.55588   69  476  570.00000  552.68557  3.04%  3524 11424s
 66811 22750  557.85372   72  565  570.00000  552.76421  3.02%  3508 11444s
 67170 22987  565.42670   62  642  570.00000  552.79403  3.02%  3496 11466s
 67718 23193  555.80039   75  688  570.00000  552.82107  3.01%  3476 11487s
 68130 23412  559.27160   73  419  570.00000  552.86547  3.01%  3463 11508s
 68591 23554  566.62820   61  398  570.00000  552.89898  3.00%  3448 11528s
 68938 23797  561.90680   81  585  570.00000  552.93614  2.99%  3438 11548s
 69460 24024  559.71038   71  493  570.00000  552.97427  2.99%  3421 11568s
 69928 24209  560.83648   81  360  570.00000  552.99616  2.98%  3405 11591s
 70382 24431  562.52440   70  646  570.00000  553.03391  2.98%  3390 11613s
 70796 24541  559.12368   68  330  570.00000  553.06089  2.97%  3377 11635s
 71105 24716  559.78377   74  732  570.00000  553.08428  2.97%  3370 11656s
 71465 24891  556.80174   65  561  570.00000  553.11063  2.96%  3360 11676s
 71822 25069  558.11178   78  635  570.00000  553.14255  2.96%  3350 11698s
 72161 25333  557.20364   75  506  570.00000  553.17735  2.95%  3340 11717s
 72690 25528  562.39040   65  481  570.00000  553.21261  2.95%  3324 11738s
 73100 25784     cutoff   69       570.00000  553.24623  2.94%  3313 11763s
 73704 25929  555.17019   66  588  570.00000  553.31084  2.93%  3295 11780s
 73991 26151  564.88659   80  263  570.00000  553.33659  2.92%  3287 11801s
 74457 26319  559.13434   71  724  570.00000  553.39143  2.91%  3274 11819s
 74803 26527  561.03358   63  438  570.00000  553.41920  2.91%  3265 11840s
 75264 26733  565.74928   74  393  570.00000  553.45447  2.90%  3253 11860s
 75704 26933  565.38017   60  521  570.00000  553.50803  2.89%  3241 11879s
 76163 27124  565.25564   75  366  570.00000  553.56173  2.88%  3229 11897s
 76558 27295  558.10330   67  406  570.00000  553.59325  2.88%  3219 11916s
 77002 27532  557.55439   62  501  570.00000  553.62341  2.87%  3207 11934s
 77464 27694  562.06234   72  371  570.00000  553.66267  2.87%  3194 11952s
 77883 27937 infeasible   70       570.00000  553.69115  2.86%  3184 11971s
 78457 28089  561.39161   67  397  570.00000  553.73757  2.85%  3167 11990s
 78841 28272  558.29808   72  534  570.00000  553.78196  2.85%  3158 12009s
 79214 28469  558.43775   68  394  570.00000  553.80062  2.84%  3148 12027s
 79633 28656  562.29545   68  446  570.00000  553.82878  2.84%  3138 12045s
 80100 28814  566.71582   92  231  570.00000  553.87002  2.83%  3127 12064s
 80488 28960  567.09114   77  650  570.00000  553.91350  2.82%  3118 12083s
 80810 29114  563.48254   67  482  570.00000  553.93508  2.82%  3110 12103s
 81203 29305  558.35510   64  534  570.00000  553.96660  2.81%  3102 12126s
 81593 29471     cutoff   84       570.00000  553.98583  2.81%  3093 12146s
 81951 29653  560.08338   80  603  570.00000  554.03235  2.80%  3085 12164s
 82422 29796  563.60514   84  347  570.00000  554.05131  2.80%  3074 12183s
 82784 29981     cutoff   69       570.00000  554.08490  2.79%  3065 12201s
 83238 30117  560.20751   75  627  570.00000  554.12585  2.78%  3055 12221s
 83653 30377  564.46260   84  541  570.00000  554.14696  2.78%  3045 12248s
 84239 30563  562.00537   69  661  570.00000  554.19761  2.77%  3033 12264s
 84666 30767  558.72035   69  648  570.00000  554.22044  2.77%  3024 12282s
 85191 30932  564.67927   90  404  570.00000  554.24767  2.76%  3011 12298s
 85618 31060  564.46240   60  472  570.00000  554.28012  2.76%  3001 12314s
 85893 31254  566.75498   64  405  570.00000  554.30904  2.75%  2997 12331s
 86362 31429  567.41816   81  517  570.00000  554.31789  2.75%  2986 12347s
 86749 31578     cutoff   73       570.00000  554.34977  2.75%  2978 12364s
 87179 31752  556.63263   66  554  570.00000  554.37017  2.74%  2969 12381s
 87603 31921  555.83105   73  555  570.00000  554.42471  2.73%  2960 12397s
 87995 32124  561.66532   77  595  570.00000  554.45870  2.73%  2952 12415s
 88387 32333  564.66233   74  535  570.00000  554.48524  2.72%  2944 12432s
 88885 32501  559.59433   75  620  570.00000  554.50928  2.72%  2933 12448s
 89317 32634  557.77761   67  484  570.00000  554.52819  2.71%  2925 12467s
 89623 32803  564.60025   80  605  570.00000  554.56258  2.71%  2919 12484s
 90049 32968  565.09789   83  568  570.00000  554.60186  2.70%  2910 12501s
 90492 33114  558.50990   68  515  570.00000  554.63264  2.70%  2901 12517s
 90884 33326  565.77419   68  570  570.00000  554.65715  2.69%  2894 12535s
 91331 33481  558.18996   70  400  570.00000  554.67971  2.69%  2885 12553s
 91699 33636  561.22548   76  653  570.00000  554.71851  2.68%  2878 12572s
 92103 33801  561.58122   86  589  570.00000  554.75845  2.67%  2871 12588s
 92501 33938  561.78493   76  481  570.00000  554.78243  2.67%  2863 12606s
 92917 34136  563.75559   78  631  570.00000  554.80194  2.67%  2856 12623s
 93425 34287  563.38206   67  470  570.00000  554.85466  2.66%  2845 12639s
 93844 34441  564.91158   81  491  570.00000  554.88120  2.65%  2838 12656s
 94270 34627  565.61717   76  678  570.00000  554.90350  2.65%  2830 12680s
 94723 34770     cutoff   80       570.00000  554.92787  2.64%  2823 12701s
 95202 34974  560.51448   76  745  570.00000  554.96165  2.64%  2815 12721s
 95714 35128  566.95158   72  694  570.00000  554.99003  2.63%  2805 12739s
 96110 35319  563.37646   79  528  570.00000  555.01872  2.63%  2799 12756s
 96651 35505  555.98141   64  554  570.00000  555.04748  2.62%  2789 12775s
 97081 35635  562.36890   75  708  570.00000  555.06418  2.62%  2782 12796s
 97478 35840  565.20311   85  718  570.00000  555.08950  2.62%  2776 12815s
 97995 35995  560.37990   74  408  570.00000  555.13024  2.61%  2766 12833s
 98470 36109  560.11123   74  635  570.00000  555.14531  2.61%  2757 12850s
 98816 36259  564.65597   68  490  570.00000  555.17418  2.60%  2752 12867s
 99273 36421  562.37067   75  689  570.00000  555.19878  2.60%  2744 12883s
 99707 36512  565.04672   70  533  570.00000  555.22788  2.59%  2736 12901s
 100024 36683  558.30979   73  417  570.00000  555.24518  2.59%  2732 12919s
 100518 36851  560.19373   74  785  570.00000  555.27412  2.58%  2724 12938s
 100980 37031  560.72385   79  687  570.00000  555.30308  2.58%  2716 12954s
 101467 37205  563.80825   78  429  570.00000  555.33866  2.57%  2708 12971s
 101990 37317  564.13223   84  364  570.00000  555.37127  2.57%  2699 12987s
 102348 37443  565.82248   74  471  570.00000  555.38246  2.56%  2694 13003s
 102738 37598  567.49948   70  563  570.00000  555.41189  2.56%  2689 13019s
 103202 37700  566.70216   88  418  570.00000  555.44182  2.55%  2681 13036s
 103403 37784     cutoff   85       570.00000  555.44752  2.55%  2678 13053s
 103680 37889  562.45402   81  599  570.00000  555.45066  2.55%  2674 13071s
 104047 38090  561.35021   75  668  570.00000  555.48733  2.55%  2669 13087s
 104597 38272  562.33653   63  745  570.00000  555.52086  2.54%  2660 13111s
 105174 38445  566.11825   84  425  570.00000  555.53817  2.54%  2652 13127s
 105605 38631  559.13539   78  596  570.00000  555.58181  2.53%  2646 13143s
 106104 38787  562.32228   78  641  570.00000  555.60391  2.53%  2638 13157s
 106637 38881  562.15313   77  469  570.00000  555.62124  2.52%  2630 13173s
 106924 39020     cutoff   73       570.00000  555.63445  2.52%  2625 13188s
 107356 39146  564.49824   71  555  570.00000  555.65695  2.52%  2619 13204s
 107768 39286  564.67322   76  448  570.00000  555.68522  2.51%  2614 13219s
 108164 39416  561.97092   70  425  570.00000  555.70686  2.51%  2608 13234s
 108571 39572  561.82779   87  572  570.00000  555.72827  2.50%  2602 13248s
 109003 39729  558.14599   68  316  570.00000  555.75429  2.50%  2596 13263s
 109436 39861  561.07820   70  462  570.00000  555.77157  2.50%  2590 13278s
 109835 39927  563.93501   73  361  570.00000  555.80522  2.49%  2585 13293s
 110155 40030  567.22095   70  766  570.00000  555.82531  2.49%  2581 13308s
 110505 40182  558.73671   68  487  570.00000  555.84124  2.48%  2577 13323s
 110905 40374  564.65825   80  369  570.00000  555.87049  2.48%  2572 13339s
 111409 40540  565.17934   72  499  570.00000  555.89470  2.47%  2564 13354s
 111912 40655  563.08365   65  430  570.00000  555.91161  2.47%  2557 13369s
 112290 40810  563.45476   73  453  570.00000  555.93331  2.47%  2552 13384s
 112781 40940  564.72048   66  519  570.00000  555.96054  2.46%  2545 13399s
 113159 41090  568.41257   81  591  570.00000  555.98988  2.46%  2541 13414s
 113658 41238  565.97055   80  386  570.00000  556.00662  2.45%  2534 13429s
 114144 41339  559.14929   69  524  570.00000  556.04509  2.45%  2527 13444s
 114497 41447  564.44341   73  699  570.00000  556.06258  2.45%  2523 13460s
 114832 41679  561.51191   71  476  570.00000  556.07753  2.44%  2519 13484s
 115584 41774  568.22067   73  609  570.00000  556.10518  2.44%  2508 13496s
 115905 41926  559.92567   74  597  570.00000  556.12227  2.43%  2505 13511s
 116350 42050  565.82409   75  523  570.00000  556.13673  2.43%  2499 13525s
 116710 42208  558.73297   75  362  570.00000  556.16354  2.43%  2495 13538s
 117193 42310     cutoff   70       570.00000  556.18210  2.42%  2488 13552s
 117552 42409  560.20853   71  619  570.00000  556.20126  2.42%  2484 13565s
 117887 42514  568.85505   68  361  570.00000  556.23108  2.42%  2480 13579s
 118262 42637  561.89024   76  621  570.00000  556.24710  2.41%  2476 13592s
 118720 42771  561.43859   73  482  570.00000  556.26570  2.41%  2470 13605s
 119099 42866  562.66040   74  487  570.00000  556.28522  2.41%  2466 13620s
 119412 43013  561.15881   77  789  570.00000  556.30641  2.40%  2463 13633s
 119804 43193  563.03935   79  567  570.00000  556.31212  2.40%  2458 13649s
 120222 43341  561.23277   76  507  570.00000  556.35207  2.39%  2453 13664s
 120676 43514  561.64037   77  690  570.00000  556.36927  2.39%  2448 13678s
 121208 43602  563.63138   81  395  570.00000  556.39310  2.39%  2441 13692s
 121601 43693  567.27100   76  733  570.00000  556.42721  2.38%  2437 13706s
 121891 43736  561.91074   59  383  570.00000  556.43740  2.38%  2434 13722s
 122160 43847  562.82278   80  709  570.00000  556.45707  2.38%  2431 13737s
 122532 43887  564.72236   75  590  570.00000  556.46800  2.37%  2427 13752s
 122830 43994  561.70307   75  759  570.00000  556.49231  2.37%  2425 13766s
 123200 44057  562.94799   74  396  570.00000  556.51118  2.37%  2421 13780s
 123566 44154  565.75494   75  643  570.00000  556.53920  2.36%  2418 13795s
 123934 44259  568.39980   69  544  570.00000  556.56492  2.36%  2414 13810s
 124298 44361  558.52232   77  761  570.00000  556.58577  2.35%  2411 13826s
 124656 44422     cutoff   74       570.00000  556.60479  2.35%  2408 13841s
 125039 44520     cutoff   76       570.00000  556.62515  2.35%  2404 13865s
 125450 44664  567.92888   70  586  570.00000  556.64678  2.34%  2401 13886s
 126051 44775  568.62100   64  677  570.00000  556.67797  2.34%  2394 13903s
 126500 44892     cutoff   85       570.00000  556.69944  2.33%  2390 13921s
 126943 45010  563.64489   77  661  570.00000  556.74229  2.33%  2386 13937s
 127382 45117  567.36321   75  643  570.00000  556.76599  2.32%  2382 13954s
 127728 45209  563.67693   78  368  570.00000  556.78373  2.32%  2379 13972s
 128144 45278  567.24673   77  583  570.00000  556.79890  2.32%  2374 13989s
 128574 45349  562.44142   74  749  570.00000  556.83104  2.31%  2371 14005s
 128970 45459  566.36692   62  499  570.00000  556.85078  2.31%  2368 14022s
 129472 45580  563.99167   73  604  570.00000  556.87384  2.30%  2363 14038s
 129993 45706  560.09721   77  596  570.00000  556.90009  2.30%  2357 14054s
 130479 45832     cutoff   64       570.00000  556.92168  2.29%  2353 14072s
 130943 45928  560.91272   80  634  570.00000  556.94464  2.29%  2348 14088s
 131311 46042  567.40557   80  344  570.00000  556.95589  2.29%  2345 14107s
 131718 46128  565.79346   78  629  570.00000  556.98160  2.28%  2342 14123s
 132121 46264  564.42124   82  489  570.00000  556.99929  2.28%  2338 14139s
 132597 46352  561.35247   69  570  570.00000  557.02642  2.28%  2334 14157s
 132933 46452  566.29183   79  637  570.00000  557.03671  2.27%  2331 14172s
 133280 46540  565.77014   74  424  570.00000  557.05850  2.27%  2328 14188s
 133761 46611  567.70526   63  402  570.00000  557.09601  2.26%  2323 14205s
 134118 46713  562.41380   78  504  570.00000  557.11981  2.26%  2321 14222s
 134565 46805  561.11642   78  252  570.00000  557.14610  2.26%  2317 14238s
 134973 46838  564.70131   65  492  570.00000  557.17349  2.25%  2314 14255s
 135322 46934  561.69307   73  463  570.00000  557.19919  2.25%  2312 14277s
 135781 47057  563.63593   67  548  570.00000  557.22417  2.24%  2308 14295s
 136310 47192     cutoff   64       570.00000  557.24861  2.24%  2303 14311s
 136770 47303  562.63568   76  776  570.00000  557.27641  2.23%  2300 14328s
 137122 47420  568.85113   93  583  570.00000  557.28857  2.23%  2297 14344s
 137565 47491  564.44253   72  273  570.00000  557.30513  2.23%  2293 14360s
 137969 47573     cutoff   87       570.00000  557.32545  2.22%  2290 14376s
 138388 47692  562.95341   81  570  570.00000  557.35083  2.22%  2287 14392s
 138960 47753  562.02272   66  452  570.00000  557.37452  2.21%  2282 14407s
 139392 47848  563.57937   80  554  570.00000  557.40126  2.21%  2278 14423s
 139796 47958  565.00694   76  513  570.00000  557.41576  2.21%  2275 14439s
 140208 48078  564.20696   86  388  570.00000  557.43781  2.20%  2271 14454s
 140665 48146     cutoff   68       570.00000  557.45767  2.20%  2268 14469s
 141046 48218  563.86763   78  568  570.00000  557.47063  2.20%  2265 14484s
 141448 48322  561.75709   88  390  570.00000  557.49543  2.19%  2262 14500s
 141853 48434  561.22183   79  617  570.00000  557.50997  2.19%  2258 14515s
 142264 48506  564.25079   78  460  570.00000  557.52997  2.19%  2255 14531s
 142634 48577  567.41541   71  399  570.00000  557.54666  2.18%  2253 14546s
 143056 48651     cutoff   74       570.00000  557.56746  2.18%  2250 14561s
 143440 48685  566.19357   72  400  570.00000  557.59135  2.18%  2247 14578s
 143779 48771  567.43327   67  461  570.00000  557.60998  2.17%  2245 14594s
 144140 48879  562.21795   78  477  570.00000  557.62830  2.17%  2243 14610s
 144598 48963  563.71985   65  663  570.00000  557.64379  2.17%  2239 14625s
 145035 49014  565.48822   78  429  570.00000  557.65911  2.17%  2236 14640s
 145473 49078     cutoff   66       570.00000  557.68088  2.16%  2233 14658s
 145758 49190  566.77543   76  541  570.00000  557.68793  2.16%  2231 14678s
 146346 49255  564.76456   69  382  570.00000  557.71904  2.15%  2227 14692s
 146699 49325  568.33153   67  349  570.00000  557.73526  2.15%  2224 14707s
 147101 49400  561.71415   68  403  570.00000  557.75617  2.15%  2222 14723s
 147446 49443  566.58976   64  558  570.00000  557.77063  2.15%  2220 14740s
 147790 49513  564.05757   84  559  570.00000  557.78411  2.14%  2217 14756s
 148218 49602  568.47027   64  496  570.00000  557.80956  2.14%  2214 14772s
 148683 49683  564.46856   75  383  570.00000  557.83522  2.13%  2211 14788s
 149084 49762     cutoff   81       570.00000  557.84685  2.13%  2208 14803s
 149492 49799  567.41893   87  429  570.00000  557.87054  2.13%  2206 14819s
 149875 49833  566.33974   80  298  570.00000  557.88799  2.12%  2204 14835s
 150188 49904     cutoff   69       570.00000  557.91106  2.12%  2202 14853s
 150723 49984  560.51507   82  522  570.00000  557.93906  2.12%  2198 14869s
 151159 50061  565.19784   81  569  570.00000  557.95728  2.11%  2195 14885s
 151673 50124  563.08846   75  490  570.00000  557.97531  2.11%  2191 14900s
 152150 50190     cutoff   78       570.00000  557.99607  2.11%  2188 14915s
 152492 50294  561.79577   82  365  570.00000  558.02159  2.10%  2186 14931s
 153090 50380  566.21511   67  488  570.00000  558.04238  2.10%  2181 14947s
 153535 50414  565.33231   72  473  570.00000  558.06585  2.09%  2178 14961s
 153880 50489  565.45709   75  612  570.00000  558.08079  2.09%  2176 14976s
 154275 50558  568.75789   76  555  570.00000  558.09520  2.09%  2173 14992s
 154729 50602  561.10337   67  759  570.00000  558.11174  2.09%  2170 15008s
 155022 50665  567.05265   85  579  570.00000  558.12136  2.08%  2168 15024s
 155355 50727  560.44636   72  703  570.00000  558.14180  2.08%  2167 15040s
 155724 50820  566.92622   82  396  570.00000  558.16301  2.08%  2165 15054s
 156229 50903  563.86231   67  546  570.00000  558.19241  2.07%  2161 15076s
 156696 50997     cutoff   92       570.00000  558.21437  2.07%  2158 15094s
 157161 51078  566.60921   73  434  570.00000  558.24422  2.06%  2156 15109s
 157626 51146     cutoff   70       570.00000  558.26703  2.06%  2152 15125s
 157998 51227  565.43280   83  417  570.00000  558.28665  2.05%  2151 15140s
 158472 51367  564.96168   62  402  570.00000  558.30046  2.05%  2147 15156s
 159083 51425  562.05572   74  740  570.00000  558.32235  2.05%  2142 15171s
 159442 51498  564.33593   77  350  570.00000  558.34159  2.05%  2141 15186s
 159837 51626  562.15390   68  692  570.00000  558.35497  2.04%  2138 15201s
 160353 51688     cutoff   92       570.00000  558.36816  2.04%  2134 15215s
 160779 51741     cutoff   74       570.00000  558.38551  2.04%  2132 15229s
 161169 51808  564.61384   85  332  570.00000  558.39492  2.04%  2129 15244s
 161544 51856  561.92338   69  426  570.00000  558.41499  2.03%  2127 15259s
 161940 51923     cutoff   63       570.00000  558.43757  2.03%  2125 15273s
 162436 52010  566.92825   77  634  570.00000  558.46090  2.02%  2121 15288s
 162897 52124  567.06215   64  357  570.00000  558.48336  2.02%  2118 15301s
 163381 52175  562.09944   80  542  570.00000  558.49678  2.02%  2115 15316s
 163750 52209  562.22887   78  748  570.00000  558.51537  2.01%  2113 15331s
 164084 52262     cutoff   62       570.00000  558.53288  2.01%  2112 15345s
 164448 52314  565.31381   87  398  570.00000  558.55099  2.01%  2110 15359s
 164744 52366  568.43657   78  738  570.00000  558.57101  2.01%  2109 15373s
 165182 52408  567.60915   79  664  570.00000  558.58731  2.00%  2106 15387s
 165592 52510  568.02489   74  509  570.00000  558.61036  2.00%  2104 15403s
 166061 52562  566.17785   88  560  570.00000  558.62731  2.00%  2101 15417s
 166405 52620  568.79042   76  422  570.00000  558.64467  1.99%  2099 15433s
 166819 52737  564.95434   80  642  570.00000  558.65510  1.99%  2097 15453s
 167442 52782  568.13782   84  567  570.00000  558.68400  1.99%  2093 15466s
 167800 52843  567.21251   68  320  570.00000  558.70062  1.98%  2091 15479s
 168163 52869  564.26507   79  609  570.00000  558.71760  1.98%  2089 15493s
 168507 52914  565.25591   72  651  570.00000  558.72693  1.98%  2088 15508s
 168960 52984  568.39854   82  586  570.00000  558.74515  1.97%  2085 15524s
 169261 53013  568.12736   84  396  570.00000  558.75501  1.97%  2084 15538s
 169673 53049  564.06277   75  722  570.00000  558.77650  1.97%  2082 15553s
 170022 53095  567.05716   76  443  570.00000  558.79389  1.97%  2080 15570s
 170278 53108  565.77612   79  443  570.00000  558.80625  1.96%  2079 15585s
 170475 53210  565.62861   69  426  570.00000  558.81245  1.96%  2078 15601s
 170961 53256  565.04142   76  563  570.00000  558.83850  1.96%  2075 15616s
 171441 53300  568.33557   77  689  570.00000  558.86216  1.95%  2073 15631s
 171939 53359  561.18045   68  684  570.00000  558.88500  1.95%  2070 15646s
 172335 53452  566.78544   77  463  570.00000  558.90855  1.95%  2068 15661s
 172812 53523  563.48846   73  450  570.00000  558.92619  1.94%  2065 15676s
 173280 53574  567.75000   75   93  570.00000  558.94363  1.94%  2063 15690s
 173683 53637  568.86313   64  446  570.00000  558.95946  1.94%  2061 15706s
 174140 53698     cutoff   78       570.00000  558.97552  1.93%  2059 15721s
 174609 53731  566.81667   78  414  570.00000  558.99290  1.93%  2056 15735s
 175082 53778  567.85791   78  462  570.00000  559.00734  1.93%  2054 15750s
 175467 53817  564.28758   81  394  570.00000  559.02949  1.92%  2052 15764s
 175961 53852  566.94731   91  391  570.00000  559.05222  1.92%  2049 15778s
 176373 53937  566.94830   66  659  570.00000  559.07309  1.92%  2047 15792s
 176876 53982  563.83751   75  652  570.00000  559.08727  1.91%  2044 15805s
 177286 54060  567.75040   78  408  570.00000  559.10487  1.91%  2042 15824s
 177858 54083     cutoff   70       570.00000  559.12760  1.91%  2039 15838s
 178175 54097     cutoff   69       570.00000  559.14048  1.91%  2038 15852s
 178638 54143  566.62150   80  631  570.00000  559.15952  1.90%  2036 15866s
 179124 54181  564.17453   71  635  570.00000  559.18130  1.90%  2034 15880s
 179496 54224  564.76674   80  681  570.00000  559.19737  1.90%  2032 15895s
 180007 54262  566.54994   74  446  570.00000  559.21264  1.89%  2029 15908s
 180443 54266  565.19616   70  465  570.00000  559.22494  1.89%  2027 15920s
 180831 54321  563.93900   68  286  570.00000  559.24321  1.89%  2025 15935s
 181231 54378     cutoff   80       570.00000  559.26160  1.88%  2024 15949s
 181533 54420     cutoff   79       570.00000  559.27430  1.88%  2023 15962s
 181956 54492  567.01155   86  612  570.00000  559.28795  1.88%  2021 15976s
 182441 54507  563.97748   82  437  570.00000  559.30041  1.88%  2018 15989s
 182841 54549  564.54430   81  400  570.00000  559.31947  1.87%  2016 16003s
 183303 54599  568.66119   72  328  570.00000  559.34283  1.87%  2014 16018s
 183715 54595  566.72179   70  364  570.00000  559.35913  1.87%  2012 16032s
 183984 54631  566.88570   68  475  570.00000  559.37344  1.86%  2011 16046s
 184438 54674  565.88714   79  541  570.00000  559.39148  1.86%  2009 16060s
 184958 54714  562.18279   82  699  570.00000  559.40626  1.86%  2007 16074s
 185387 54759  568.63334   78  643  570.00000  559.42234  1.86%  2005 16088s
 185835 54785  566.16909   80  638  570.00000  559.44524  1.85%  2002 16103s
 186169 54826  567.84292   80  587  570.00000  559.45452  1.85%  2001 16116s
 186582 54920  565.26662   75  415  570.00000  559.46862  1.85%  1999 16130s
 187146 54968     cutoff   77       570.00000  559.49273  1.84%  1996 16144s
 187636 54993     cutoff   83       570.00000  559.50993  1.84%  1993 16163s
 188154 55066  560.09717   70  475  570.00000  559.53050  1.84%  1991 16178s
 188674 55084  567.37865   74  387  570.00000  559.54873  1.83%  1989 16191s
 188973 55118  567.90230   69  450  570.00000  559.56338  1.83%  1988 16205s
 189412 55144  564.87751   77  612  570.00000  559.59082  1.83%  1986 16219s
 189886 55202     cutoff   79       570.00000  559.60688  1.82%  1984 16233s
 190340 55227  565.37992   69  465  570.00000  559.62014  1.82%  1981 16246s
 190843 55267     cutoff   69       570.00000  559.64006  1.82%  1979 16260s
 191256 55300  568.07145   83  620  570.00000  559.65403  1.82%  1977 16272s
 191692 55316  566.66180   85  372  570.00000  559.67167  1.81%  1975 16287s
 191896 55321  565.48009   70  396  570.00000  559.67485  1.81%  1974 16300s
 192175 55332  566.09108   88  620  570.00000  559.69508  1.81%  1973 16313s
 192574 55395  566.48001   76  522  570.00000  559.71096  1.81%  1972 16327s
 193011 55426     cutoff   75       570.00000  559.72271  1.80%  1970 16340s
 193426 55466  567.92437   75  679  570.00000  559.74179  1.80%  1968 16354s
 193869 55476  568.27975   84  621  570.00000  559.75352  1.80%  1966 16366s
 194299 55527  565.37396   80  386  570.00000  559.76698  1.80%  1964 16379s
 194775 55558  563.95194   73  400  570.00000  559.78600  1.79%  1962 16393s
 195257 55592  566.27424   77  339  570.00000  559.80673  1.79%  1959 16406s
 195717 55683  568.48225   77  316  570.00000  559.82637  1.78%  1957 16419s
 196226 55706  565.33457   74  457  570.00000  559.83903  1.78%  1955 16432s
 196629 55739     cutoff   75       570.00000  559.85580  1.78%  1953 16445s
 197026 55773  567.76708   65  504  570.00000  559.87586  1.78%  1952 16460s
 197420 55782     cutoff   70       570.00000  559.89074  1.77%  1950 16473s
 197774 55761  567.13483   77  378  570.00000  559.91025  1.77%  1949 16487s
 198112 55784  565.17378   74  692  570.00000  559.92695  1.77%  1948 16500s
 198560 55813  566.61054   81  464  570.00000  559.94703  1.76%  1946 16520s
 199142 55876  565.97334   55  391  570.00000  559.96930  1.76%  1944 16533s
 199683 55889  566.41673   73  583  570.00000  559.98586  1.76%  1942 16545s
 200071 55922     cutoff   70       570.00000  560.00033  1.75%  1940 16557s
 200463 55962  566.59946   74  465  570.00000  560.01459  1.75%  1938 16568s
 200847 55982  565.66978   75  558  570.00000  560.02808  1.75%  1937 16582s
 201108 56037  565.86417   81  629  570.00000  560.03782  1.75%  1936 16594s
 201515 56048     cutoff   75       570.00000  560.05285  1.75%  1934 16606s
 201943 56092  567.41557   74  407  570.00000  560.06549  1.74%  1932 16620s
 202427 56138     cutoff   70       570.00000  560.08100  1.74%  1930 16634s
 202806 56157     cutoff   73       570.00000  560.09234  1.74%  1928 16646s
 203048 56173  564.99312   87  566  570.00000  560.09291  1.74%  1927 16659s
 203526 56204  568.78375   67  158  570.00000  560.12379  1.73%  1925 16671s
 203949 56238     cutoff   71       570.00000  560.13738  1.73%  1924 16684s
 204336 56254     cutoff   85       570.00000  560.14628  1.73%  1922 16696s
 204769 56269     cutoff   75       570.00000  560.16111  1.73%  1921 16709s
 205184 56300  565.10399   75  564  570.00000  560.17735  1.72%  1919 16723s
 205703 56337  564.57732   65  599  570.00000  560.19493  1.72%  1917 16735s
 206128 56367  567.54611   84  376  570.00000  560.20945  1.72%  1915 16747s
 206589 56414  563.35949   72  630  570.00000  560.22392  1.72%  1913 16760s
 207071 56416  564.54900   74  706  570.00000  560.24216  1.71%  1911 16772s
 207553 56446  563.81173   73  451  570.00000  560.26054  1.71%  1909 16784s
 207999 56436  565.88984   77  506  570.00000  560.27988  1.71%  1907 16796s
 208392 56441  566.18294   78  398  570.00000  560.29366  1.70%  1906 16808s
 208662 56441  567.52771   85  602  570.00000  560.30658  1.70%  1905 16820s
 209091 56482     cutoff   90       570.00000  560.32581  1.70%  1904 16839s
 209845 56514  566.56110   68  561  570.00000  560.35143  1.69%  1900 16848s
 210162 56521     cutoff   73       570.00000  560.36514  1.69%  1899 16859s
 210522 56540  561.52171   65  561  570.00000  560.37876  1.69%  1898 16871s
 210940 56540     cutoff   75       570.00000  560.39005  1.69%  1896 16883s
 210980 56548  563.85619   87  417  570.00000  560.39005  1.69%  1896 16895s
 211113 56566  563.28315   72  563  570.00000  560.39129  1.69%  1896 16909s
 211402 56575  565.95564   87  414  570.00000  560.39208  1.69%  1894 16921s
 211754 56597     cutoff   61       570.00000  560.40526  1.68%  1893 16935s
 212206 56619  568.35416   77  677  570.00000  560.43576  1.68%  1892 16948s
 212707 56640  564.41781   84  625  570.00000  560.45121  1.68%  1889 16961s
 213185 56666  567.33970   66  435  570.00000  560.46758  1.67%  1888 16974s
 213553 56702  567.07726   71  392  570.00000  560.48125  1.67%  1886 16988s
 214094 56729  566.53455   80  756  570.00000  560.49832  1.67%  1884 17000s
 214520 56723     cutoff   78       570.00000  560.51293  1.66%  1882 17012s
 214902 56734  567.39990   72  715  570.00000  560.52760  1.66%  1881 17024s
 215278 56752  565.93915   83  395  570.00000  560.54415  1.66%  1880 17037s
 215654 56762  567.23773   75  607  570.00000  560.55994  1.66%  1878 17050s
 216068 56785  564.86666   84  531  570.00000  560.57668  1.65%  1877 17062s
 216504 56814  565.24863   80  609  570.00000  560.59356  1.65%  1875 17075s
 217028 56800  568.43047   71  331  570.00000  560.61578  1.65%  1873 17086s
 217383 56797  565.68051   71  642  570.00000  560.62736  1.64%  1872 17098s
 217812 56788  566.51494   70  485  570.00000  560.64047  1.64%  1871 17110s
 218223 56788  561.99777   62  627  570.00000  560.65966  1.64%  1869 17124s
 218541 56785  567.55260   86  725  570.00000  560.67179  1.64%  1868 17136s
 219027 56803     cutoff   82       570.00000  560.68962  1.63%  1866 17148s
 219426 56860     cutoff   71       570.00000  560.70402  1.63%  1865 17166s
 220015 56847  564.50252   63  509  570.00000  560.72383  1.63%  1863 17178s
 220445 56849  565.11283   86  401  570.00000  560.73653  1.63%  1862 17190s
 220798 56830     cutoff   76       570.00000  560.74642  1.62%  1860 17204s
 221214 56830  566.82642   76  294  570.00000  560.76742  1.62%  1859 17217s
 221615 56806     cutoff   69       570.00000  560.78045  1.62%  1858 17229s
 221981 56832  567.69135   79  615  570.00000  560.79634  1.61%  1857 17241s
 222421 56829  566.18033   76  634  570.00000  560.80532  1.61%  1856 17254s
 222839 56831  568.84542   70  573  570.00000  560.81897  1.61%  1854 17267s
 223270 56833     cutoff   76       570.00000  560.83447  1.61%  1853 17281s
 223653 56846  568.73471   80  587  570.00000  560.84605  1.61%  1852 17295s
 224151 56849     cutoff   68       570.00000  560.86125  1.60%  1850 17308s
 224597 56838     cutoff   91       570.00000  560.88093  1.60%  1848 17320s
 225058 56863  566.22686   74  603  570.00000  560.90180  1.60%  1847 17333s
 225469 56889     cutoff   96       570.00000  560.90996  1.59%  1845 17345s
 225953 56905  564.84692   97  478  570.00000  560.92888  1.59%  1843 17358s
 226438 56902  565.49466   82  459  570.00000  560.94492  1.59%  1842 17370s
 226837 56915  565.96645   75  609  570.00000  560.96360  1.59%  1841 17384s
 227183 56918  566.51769   84  561  570.00000  560.97284  1.58%  1839 17395s
 227618 56912     cutoff   80       570.00000  560.98500  1.58%  1838 17408s
 228074 56916     cutoff   73       570.00000  561.00439  1.58%  1836 17419s
 228488 56933  567.93529   71  318  570.00000  561.01875  1.58%  1835 17432s
 229016 56902  567.84382   88  599  570.00000  561.04214  1.57%  1833 17444s
 229442 56906 infeasible   88       570.00000  561.05462  1.57%  1831 17456s
 229925 56904  568.01454   74  351  570.00000  561.07868  1.57%  1830 17468s
 230364 56908     cutoff   75       570.00000  561.09555  1.56%  1828 17480s
 230717 56925  568.42220   90  611  570.00000  561.10690  1.56%  1827 17492s
 231244 56891     cutoff   88       570.00000  561.12465  1.56%  1825 17510s
 231828 56876     cutoff   63       570.00000  561.14426  1.55%  1824 17523s
 232276 56877     cutoff   67       570.00000  561.15830  1.55%  1822 17534s
 232690 56902     cutoff   87       570.00000  561.17096  1.55%  1821 17546s
 233178 56923     cutoff   70       570.00000  561.18332  1.55%  1819 17557s
 233601 56903     cutoff   67       570.00000  561.20165  1.54%  1817 17568s
 234016 56885     cutoff   86       570.00000  561.21687  1.54%  1816 17580s
 234326 56857     cutoff   67       570.00000  561.22590  1.54%  1815 17591s
 234767 56843  568.96603   86  520  570.00000  561.24538  1.54%  1814 17602s
 235235 56864  567.98576   70  580  570.00000  561.26287  1.53%  1812 17614s
 235684 56885  567.09310   78  750  570.00000  561.27558  1.53%  1811 17626s
 236206 56855     cutoff   83       570.00000  561.28622  1.53%  1809 17637s
 236604 56876  565.97956   91  506  570.00000  561.29912  1.53%  1807 17648s
 236995 56901     cutoff   69       570.00000  561.31137  1.52%  1806 17660s
 237462 56905  566.90449   77  673  570.00000  561.32314  1.52%  1804 17671s
 237792 56882     cutoff   75       570.00000  561.33683  1.52%  1803 17682s
 238236 56886     cutoff   72       570.00000  561.34996  1.52%  1802 17693s
 238563 56895 infeasible   73       570.00000  561.35096  1.52%  1801 17705s
 238966 56911     cutoff   68       570.00000  561.36579  1.51%  1799 17716s
 239433 56903     cutoff   79       570.00000  561.38368  1.51%  1798 17727s
 239886 56872     cutoff   72       570.00000  561.40155  1.51%  1796 17737s
 240277 56859  563.19148   69  503  570.00000  561.41287  1.51%  1795 17749s
 240669 56857  567.48209   68  405  570.00000  561.42941  1.50%  1794 17760s
 241072 56830  563.00641   73  127  570.00000  561.43961  1.50%  1793 17771s
 241458 56811  566.93455   87  668  570.00000  561.45144  1.50%  1792 17783s
 241855 56797  568.06083   70  676  570.00000  561.47095  1.50%  1791 17794s
 242280 56844     cutoff   85       570.00000  561.48560  1.49%  1789 17805s
 242817 56816     cutoff   66       570.00000  561.49730  1.49%  1787 17822s
 243495 56757  565.43357   75  483  570.00000  561.51809  1.49%  1785 17833s
 243906 56752     cutoff   70       570.00000  561.53633  1.48%  1784 17843s
 244332 56729 infeasible   71       570.00000  561.55181  1.48%  1782 17853s
 244738 56708  564.44370   74  408  570.00000  561.56503  1.48%  1781 17865s
 245010 56720  567.50878   84  497  570.00000  561.57691  1.48%  1780 17876s
 245530 56696     cutoff   79       570.00000  561.58686  1.48%  1778 17886s
 245985 56687  565.60980   70  455  570.00000  561.60096  1.47%  1777 17897s
 246378 56642  568.22395   90  369  570.00000  561.61093  1.47%  1775 17908s
 246748 56617     cutoff   73       570.00000  561.62614  1.47%  1775 17919s
 247149 56595  567.15912   75  515  570.00000  561.64356  1.47%  1774 17929s
 247608 56583     cutoff   88       570.00000  561.65626  1.46%  1772 17940s
 248048 56576  567.44128   82  402  570.00000  561.67103  1.46%  1771 17950s
 248504 56584     cutoff   70       570.00000  561.68166  1.46%  1769 17961s
 248975 56563  564.38341   78  404  570.00000  561.69720  1.46%  1767 17971s
 249368 56551  566.29203   69  473  570.00000  561.71244  1.45%  1766 17982s
 249754 56543  567.16342   87  387  570.00000  561.72852  1.45%  1765 17992s
 250116 56522  567.32308   80  516  570.00000  561.73921  1.45%  1764 18003s
 250503 56491  564.87654   75  693  570.00000  561.74910  1.45%  1763 18013s
 250939 56497  564.96278   72  402  570.00000  561.76539  1.44%  1762 18024s
 251440 56489     cutoff   85       570.00000  561.77991  1.44%  1760 18035s
 251844 56492  565.59292   85  319  570.00000  561.79370  1.44%  1758 18045s
 252319 56484  566.01450   76  710  570.00000  561.80507  1.44%  1757 18055s
 252725 56478  566.67419   65  414  570.00000  561.81820  1.44%  1755 18066s
 253127 56445  567.50202   75  624  570.00000  561.83208  1.43%  1754 18076s
 253552 56422     cutoff   76       570.00000  561.84475  1.43%  1753 18087s
 253996 56399     cutoff   72       570.00000  561.86369  1.43%  1752 18097s
 254393 56371     cutoff   87       570.00000  561.87773  1.42%  1750 18108s
 254706 56380  567.59112   69  436  570.00000  561.88974  1.42%  1750 18119s
 255183 56384  568.48397   83  556  570.00000  561.90322  1.42%  1748 18129s
 255601 56353     cutoff   79       570.00000  561.91755  1.42%  1747 18140s
 255996 56347  563.41317   89  661  570.00000  561.92954  1.42%  1746 18150s
 256347 56331     cutoff   70       570.00000  561.94249  1.41%  1745 18161s
 256826 56302  567.90548   77  430  570.00000  561.95476  1.41%  1743 18172s
 257267 56273     cutoff   74       570.00000  561.96640  1.41%  1742 18182s
 257708 56288  568.55531   69  595  570.00000  561.98012  1.41%  1740 18193s
 258125 56262     cutoff   60       570.00000  561.98987  1.41%  1739 18203s
 258454 56240     cutoff   76       570.00000  562.00368  1.40%  1738 18213s
 258809 56230  565.40169   87  614  570.00000  562.01518  1.40%  1737 18223s
 259222 56198  567.19630   73  330  570.00000  562.02773  1.40%  1736 18234s
 259671 56192  566.76552   80  505  570.00000  562.03754  1.40%  1735 18244s
 260170 56163  566.95492   80  436  570.00000  562.04735  1.40%  1733 18254s
 260549 56129  567.37641   68  350  570.00000  562.05968  1.39%  1732 18265s
 260956 56119  566.03200   71  349  570.00000  562.07272  1.39%  1731 18275s
 261392 56078  566.08961   64  369  570.00000  562.08462  1.39%  1730 18288s
 261622 56055  563.13670   89  734  570.00000  562.09080  1.39%  1729 18298s
 262033 56032  567.30384   67  493  570.00000  562.10706  1.38%  1728 18308s
 262426 55987  565.87361   76  416  570.00000  562.12095  1.38%  1727 18318s
 262806 55961  568.27899   75  574  570.00000  562.13646  1.38%  1726 18328s
 263198 55921     cutoff   68       570.00000  562.14611  1.38%  1725 18339s
 263552 55881  566.78463   68  449  570.00000  562.16034  1.38%  1724 18350s
 263949 55827  566.63031   74  271  570.00000  562.17234  1.37%  1723 18360s
 264357 55831  567.64144   67  677  570.00000  562.18821  1.37%  1722 18371s
 264890 55786  567.29828   93  434  570.00000  562.20153  1.37%  1721 18381s
 265283 55755  565.93434   78  477  570.00000  562.21010  1.37%  1720 18391s
 265670 55728  567.05522   72  416  570.00000  562.22453  1.36%  1719 18402s
 266121 55693 infeasible   85       570.00000  562.23813  1.36%  1717 18412s
 266554 55676     cutoff   71       570.00000  562.25388  1.36%  1716 18422s
 267030 55638  565.67544   78  391  570.00000  562.26919  1.36%  1715 18432s
 267453 55600     cutoff   81       570.00000  562.28189  1.35%  1714 18443s
 267856 55565     cutoff   67       570.00000  562.29525  1.35%  1712 18453s
 268332 55529     cutoff   73       570.00000  562.30968  1.35%  1711 18464s
 268587 55520  565.54836   80  390  570.00000  562.31757  1.35%  1711 18474s
 268851 55500     cutoff   82       570.00000  562.31757  1.35%  1710 18485s
 269255 55464     cutoff   71       570.00000  562.34186  1.34%  1709 18495s
 269612 55451     cutoff   91       570.00000  562.35143  1.34%  1708 18506s
 270065 55411     cutoff   77       570.00000  562.36588  1.34%  1706 18516s
 270501 55348     cutoff   73       570.00000  562.37839  1.34%  1705 18527s
 270877 55306  568.49099   79  475  570.00000  562.39082  1.33%  1704 18537s
 271345 55259  567.40629   80  436  570.00000  562.40729  1.33%  1703 18547s
 271802 55204     cutoff   99       570.00000  562.42197  1.33%  1702 18558s
 272171 55159     cutoff   76       570.00000  562.44037  1.33%  1701 18568s
 272609 55111     cutoff   76       570.00000  562.45538  1.32%  1700 18579s
 272960 55066  567.64759   74  669  570.00000  562.46967  1.32%  1699 18589s
 273377 55001     cutoff   78       570.00000  562.48200  1.32%  1698 18599s
 273768 54952  567.42650   79  564  570.00000  562.49762  1.32%  1698 18609s
 274189 54914  568.86588   82  487  570.00000  562.51029  1.31%  1697 18620s
 274671 54849  568.33865   78  626  570.00000  562.52693  1.31%  1695 18631s
 275173 54815     cutoff   79       570.00000  562.53743  1.31%  1694 18642s
 275666 54771     cutoff   87       570.00000  562.55520  1.31%  1692 18652s
 276148 54732  567.74322   72  433  570.00000  562.57396  1.30%  1691 18662s
 276483 54663     cutoff   69       570.00000  562.58426  1.30%  1690 18672s
 276892 54609  567.55107   73  460  570.00000  562.60161  1.30%  1689 18683s
 277334 54567  565.33759   93  157  570.00000  562.61199  1.30%  1688 18693s
 277827 54487  567.52915   75  384  570.00000  562.62836  1.29%  1686 18703s
 278284 54435  566.88828   80  418  570.00000  562.63936  1.29%  1685 18713s
 278796 54380  565.45180   68  679  570.00000  562.65593  1.29%  1684 18723s
 279201 54329  568.93842   71  647  570.00000  562.66695  1.29%  1683 18732s
 279626 54293     cutoff   85       570.00000  562.68126  1.28%  1682 18742s
 280053 54275  564.12664   89  313  570.00000  562.69960  1.28%  1681 18752s
 280470 54230     cutoff   63       570.00000  562.71440  1.28%  1680 18762s
 280870 54171  567.23428   83  232  570.00000  562.72249  1.28%  1678 18772s
 281295 54109     cutoff   74       570.00000  562.73677  1.27%  1677 18782s
 281739 54044  568.79103   78  575  570.00000  562.75108  1.27%  1676 18792s
 282142 53986  567.89117   71  454  570.00000  562.77052  1.27%  1675 18801s
 282662 53932  567.62779   79  433  570.00000  562.78303  1.27%  1674 18812s
 283085 53900  567.36575   77  415  570.00000  562.79575  1.26%  1673 18822s
 283491 53833  565.71429   69  174  570.00000  562.80801  1.26%  1672 18831s
 283927 53756     cutoff  103       570.00000  562.82426  1.26%  1671 18841s
 284419 53699  563.65954   76  650  570.00000  562.83771  1.26%  1669 18852s
 284740 53637  567.95268   90  362  570.00000  562.84859  1.25%  1669 18861s
 285168 53568  567.03562   78  643  570.00000  562.86072  1.25%  1668 18871s
 285566 53509  567.74023   83  290  570.00000  562.87267  1.25%  1667 18882s
 286027 53444     cutoff   86       570.00000  562.88645  1.25%  1665 18891s
 286477 53382  566.74175   81  438  570.00000  562.90087  1.25%  1664 18901s
 286833 53341     cutoff   81       570.00000  562.91106  1.24%  1664 18911s
 287235 53246  566.41590   77  599  570.00000  562.92108  1.24%  1663 18920s
 287618 53184  568.53734   82  704  570.00000  562.93905  1.24%  1662 18930s
 287981 53141  568.14946   76  409  570.00000  562.95090  1.24%  1661 18941s
 288212 53059  567.42938   73  508  570.00000  562.95813  1.24%  1660 18951s
 288669 52997     cutoff   65       570.00000  562.97609  1.23%  1659 18961s
 289110 52924  565.88930   75  302  570.00000  562.99130  1.23%  1658 18970s
 289567 52869     cutoff   72       570.00000  562.99975  1.23%  1657 18980s
 290026 52816     cutoff   74       570.00000  563.01097  1.23%  1656 18990s
 290483 52734  565.87931   86  315  570.00000  563.02687  1.22%  1655 19000s
 290877 52654  565.03522   81  664  570.00000  563.03992  1.22%  1654 19010s
 291292 52605  566.63162   87  301  570.00000  563.05323  1.22%  1653 19020s
 291804 52544  566.56584   86  664  570.00000  563.06572  1.22%  1651 19030s
 292214 52487  566.47359   83  670  570.00000  563.07877  1.21%  1650 19040s
 292633 52431  568.81727   96  549  570.00000  563.08948  1.21%  1649 19049s
 293094 52342  565.10949   76   72  570.00000  563.10346  1.21%  1648 19059s
 293541 52260     cutoff   91       570.00000  563.11633  1.21%  1647 19068s
 293947 52196     cutoff   78       570.00000  563.13121  1.21%  1646 19077s
 294400 52161  567.95736   61  439  570.00000  563.14308  1.20%  1645 19087s
 294778 52078  568.43317   97   79  570.00000  563.14955  1.20%  1644 19096s
 295119 51987     cutoff   74       570.00000  563.16213  1.20%  1644 19106s
 295518 51923     cutoff   84       570.00000  563.17628  1.20%  1643 19116s
 295878 51852     cutoff   66       570.00000  563.18995  1.19%  1642 19126s
 296332 51765  568.50938   75  301  570.00000  563.20188  1.19%  1641 19136s
 296793 51695  568.51493   79  410  570.00000  563.22022  1.19%  1640 19145s
 297139 51615  566.56060   78  394  570.00000  563.23279  1.19%  1639 19156s
 297620 51523     cutoff   74       570.00000  563.24143  1.19%  1637 19166s
 298083 51451     cutoff   75       570.00000  563.25830  1.18%  1636 19175s
 298560 51385     cutoff   89       570.00000  563.27144  1.18%  1635 19185s
 298909 51289     cutoff   77       570.00000  563.28319  1.18%  1634 19194s
 299280 51206  565.53864   72  362  570.00000  563.29591  1.18%  1634 19204s
 299706 51113  565.33021   83  652  570.00000  563.30995  1.17%  1633 19213s
 300092 51051     cutoff   87       570.00000  563.32557  1.17%  1632 19223s
 300515 50973  566.23232   77  457  570.00000  563.33762  1.17%  1631 19233s
 300937 50903     cutoff   89       570.00000  563.35065  1.17%  1630 19242s
 301350 50813     cutoff   85       570.00000  563.36449  1.16%  1629 19252s
 301798 50739  566.92356   67  415  570.00000  563.38188  1.16%  1628 19262s
 302312 50660  567.84348   91  627  570.00000  563.39290  1.16%  1627 19271s
 302801 50600  567.81921   89  509  570.00000  563.40983  1.16%  1625 19281s
 303139 50520     cutoff   67       570.00000  563.41853  1.15%  1625 19290s
 303612 50452     cutoff   79       570.00000  563.43155  1.15%  1623 19300s
 303996 50374  568.84761   68  483  570.00000  563.44763  1.15%  1623 19309s
 304381 50318  567.07173   72  486  570.00000  563.46128  1.15%  1622 19319s
 304944 50214  567.70880   95  332  570.00000  563.47381  1.14%  1620 19329s
 305406 50120  567.79806   71  778  570.00000  563.48753  1.14%  1619 19338s
 305917 50015     cutoff   84       570.00000  563.50481  1.14%  1618 19347s
 306404 49934  568.56511   76  434  570.00000  563.52370  1.14%  1616 19356s
 306860 49831  568.08936   77  276  570.00000  563.53702  1.13%  1615 19366s
 307322 49743     cutoff   79       570.00000  563.55102  1.13%  1614 19375s
 307702 49643     cutoff   89       570.00000  563.56277  1.13%  1613 19384s
 308161 49592     cutoff  118       570.00000  563.58190  1.13%  1612 19394s
 308469 49486  566.96082   70  625  570.00000  563.59114  1.12%  1612 19403s
 308887 49372     cutoff   80       570.00000  563.60324  1.12%  1611 19412s
 309308 49289  567.05828   65  380  570.00000  563.61746  1.12%  1610 19421s
 309673 49186     cutoff   85       570.00000  563.63230  1.12%  1609 19430s
 310062 49082     cutoff   86       570.00000  563.64238  1.12%  1608 19439s
 310536 48983     cutoff  104       570.00000  563.66287  1.11%  1607 19449s
 310944 48898     cutoff   78       570.00000  563.67336  1.11%  1606 19459s
 311356 48802  567.84113   78  483  570.00000  563.68488  1.11%  1605 19468s
 311852 48741     cutoff   75       570.00000  563.69855  1.11%  1604 19478s
 312297 48667  565.46027   66  453  570.00000  563.71705  1.10%  1603 19487s
 312720 48575     cutoff   82       570.00000  563.72840  1.10%  1602 19496s
 313237 48462  566.30453   83  420  570.00000  563.74520  1.10%  1601 19505s
 313710 48381     cutoff   77       570.00000  563.75775  1.10%  1599 19514s
 313937 48273     cutoff   83       570.00000  563.76926  1.09%  1599 19523s
 314374 48186  566.05568   90  663  570.00000  563.78617  1.09%  1598 19532s
 314792 48077  568.81161   78  603  570.00000  563.79452  1.09%  1597 19541s
 315307 47984  567.03905   79  477  570.00000  563.80817  1.09%  1596 19550s
 315643 47885  568.50359   70  409  570.00000  563.82121  1.08%  1595 19559s
 316060 47768  568.62079   84  437  570.00000  563.83147  1.08%  1594 19568s
 316483 47691     cutoff   86       570.00000  563.84490  1.08%  1593 19577s
 316827 47606     cutoff   90       570.00000  563.85648  1.08%  1593 19586s
 317272 47508     cutoff   73       570.00000  563.87075  1.08%  1592 19595s
 317745 47418  565.32216   77  404  570.00000  563.87955  1.07%  1590 19604s
 318148 47329     cutoff   78       570.00000  563.89328  1.07%  1589 19613s
 318671 47233     cutoff   82       570.00000  563.90551  1.07%  1588 19622s
 319156 47136  567.82480   77  713  570.00000  563.91867  1.07%  1587 19631s
 319555 47009     cutoff   83       570.00000  563.93212  1.06%  1586 19640s
 319998 46890     cutoff   65       570.00000  563.94368  1.06%  1585 19649s
 320412 46811     cutoff   91       570.00000  563.95818  1.06%  1584 19657s
 320859 46717  565.76919   80  397  570.00000  563.97001  1.06%  1583 19666s
 321280 46637  565.24864   77  562  570.00000  563.98248  1.06%  1582 19675s
 321730 46533     cutoff   75       570.00000  563.99298  1.05%  1581 19684s
 322100 46420  566.33903   78  543  570.00000  564.00508  1.05%  1580 19693s
 322504 46307     cutoff   81       570.00000  564.01871  1.05%  1579 19702s
 322994 46213     cutoff   81       570.00000  564.03418  1.05%  1578 19710s
 323389 46099  567.52240   91  354  570.00000  564.04286  1.05%  1577 19719s
 323905 45986     cutoff   83       570.00000  564.05578  1.04%  1576 19727s
 324373 45898     cutoff   79       570.00000  564.06799  1.04%  1575 19736s
 324718 45804 infeasible   90       570.00000  564.08113  1.04%  1574 19746s
 325066 45784     cutoff   61       570.00000  564.09139  1.04%  1573 19756s
 325094 45771     cutoff   68       570.00000  564.09296  1.04%  1573 19764s
 325134 45715  566.12205   70  264  570.00000  564.09416  1.04%  1573 19773s
 325411 45587     cutoff   72       570.00000  564.09785  1.04%  1572 19782s
 325789 45450     cutoff   76       570.00000  564.10238  1.03%  1571 19791s
 326326 45386  567.62690   78  367  570.00000  564.13033  1.03%  1570 19800s
 326660 45271     cutoff   86       570.00000  564.14017  1.03%  1569 19808s
 327109 45147     cutoff   83       570.00000  564.15104  1.03%  1568 19817s
 327593 45019     cutoff   85       570.00000  564.16667  1.02%  1567 19825s
 328062 44909     cutoff   87       570.00000  564.18089  1.02%  1566 19834s
 328523 44772     cutoff   83       570.00000  564.19491  1.02%  1565 19842s
 328932 44691     cutoff   80       570.00000  564.20981  1.02%  1564 19852s
 329171 44544     cutoff   71       570.00000  564.21747  1.01%  1563 19861s
 329770 44410  567.39503   74  402  570.00000  564.23435  1.01%  1562 19870s
 330128 44281  568.62514   72  450  570.00000  564.24605  1.01%  1561 19879s
 330474 44150  567.21940   94  592  570.00000  564.25972  1.01%  1561 19887s
 330926 44045     cutoff   75       570.00000  564.27463  1.00%  1560 19895s
 331317 43903  568.02938   62  408  570.00000  564.28833  1.00%  1559 19904s
 331566 43903     cutoff   78       570.00000  564.28907  1.00%  1558 19905s
 331861 43795  566.88548   80  646  570.00000  564.30438  1.00%  1557 19913s
 332332 43690  566.52578   83  467  570.00000  564.31740  1.00%  1556 19922s
 332805 43574     cutoff   82       570.00000  564.32935  0.99%  1555 19930s
 333251 43438  566.87994   69  732  570.00000  564.34267  0.99%  1554 19939s
 333740 43306  567.46851   76  427  570.00000  564.35503  0.99%  1553 19947s
 334132 43196  568.44275   90  656  570.00000  564.36880  0.99%  1552 19955s
 334538 43107  566.63457   93  354  570.00000  564.38104  0.99%  1551 19966s
 334837 43023  567.49058   87  342  570.00000  564.38284  0.99%  1551 19974s
 335222 42908  567.01905   78  468  570.00000  564.38448  0.99%  1550 19983s
 335560 42758  566.66538   80  422  570.00000  564.40243  0.98%  1549 19992s
 336078 42634  567.56863   81  434  570.00000  564.42704  0.98%  1548 20001s
 336564 42531     cutoff   79       570.00000  564.44051  0.98%  1547 20009s
 337053 42345  566.80804   85  245  570.00000  564.45780  0.97%  1546 20017s
 337605 42207  568.56309   86  196  570.00000  564.46857  0.97%  1544 20025s
 338043 42069     cutoff   70       570.00000  564.47903  0.97%  1543 20033s
 338489 41914  567.57147   76  441  570.00000  564.49516  0.97%  1542 20041s
 338927 41766     cutoff   70       570.00000  564.50968  0.96%  1541 20051s
 339466 41626  567.22943   76  403  570.00000  564.52618  0.96%  1540 20059s
 339866 41453     cutoff   78       570.00000  564.54121  0.96%  1539 20067s
 340297 41338     cutoff   88       570.00000  564.55818  0.95%  1538 20076s
 340609 41195     cutoff   69       570.00000  564.56747  0.95%  1538 20084s
 341087 41052  568.45471   80  354  570.00000  564.58321  0.95%  1536 20092s
 341524 40917     cutoff   72       570.00000  564.59497  0.95%  1536 20100s
 341893 40704     cutoff   73       570.00000  564.60857  0.95%  1535 20108s
 342330 40518     cutoff  289       570.00000  564.62189  0.94%  1534 20116s
 342732 40340  565.76123   74  449  570.00000  564.63192  0.94%  1533 20124s
 343172 40183     cutoff   84       570.00000  564.64299  0.94%  1532 20132s
 343617 40047     cutoff   68       570.00000  564.65718  0.94%  1531 20141s
 344030 39870     cutoff   88       570.00000  564.67186  0.93%  1530 20148s
 344380 39736  568.61484   74  529  570.00000  564.68802  0.93%  1530 20156s
 344857 39592     cutoff   73       570.00000  564.70480  0.93%  1529 20164s
 345365 39415  568.27186   73  440  570.00000  564.71777  0.93%  1527 20172s
 345773 39271     cutoff   74       570.00000  564.73207  0.92%  1527 20180s
 346227 39080     cutoff   76       570.00000  564.74563  0.92%  1526 20187s
 346724 38915  566.89457   82  724  570.00000  564.76397  0.92%  1524 20195s
 347169 38748     cutoff   80       570.00000  564.78102  0.92%  1523 20203s
 347623 38566  568.48031   74  514  570.00000  564.79649  0.91%  1522 20211s
 348048 38402     cutoff   77       570.00000  564.81220  0.91%  1522 20219s
 348507 38227  567.65507   75  423  570.00000  564.82656  0.91%  1521 20226s
 348933 38095     cutoff   76       570.00000  564.84242  0.90%  1520 20235s
 349256 37901     cutoff   99       570.00000  564.85140  0.90%  1519 20242s
 349679 37734  566.64844   68  379  570.00000  564.86705  0.90%  1518 20249s
 350172 37730  566.96217   67  538  570.00000  564.87983  0.90%  1517 20258s
 350184 37648  567.35215   68  525  570.00000  564.88096  0.90%  1517 20265s
 350436 37522  568.16226   80  408  570.00000  564.88574  0.90%  1516 20273s
 350779 37360  567.19958   80  458  570.00000  564.89043  0.90%  1516 20281s
 351240 37165     cutoff   83       570.00000  564.91305  0.89%  1515 20289s
 351643 36983  568.92347   70  342  570.00000  564.92554  0.89%  1514 20296s
 352075 36838  568.29110   78  396  570.00000  564.94325  0.89%  1513 20305s
 352482 36666  567.16857   79  485  570.00000  564.95403  0.89%  1512 20313s
 352995 36498  567.61910   79  680  570.00000  564.96919  0.88%  1511 20321s
 353456 36303  566.41027   86  585  570.00000  564.98531  0.88%  1510 20328s
 353937 36149  566.62758   73  538  570.00000  565.00215  0.88%  1509 20336s
 354367 35975     cutoff   77       570.00000  565.01372  0.87%  1508 20344s
 354810 35771     cutoff   90       570.00000  565.02752  0.87%  1507 20351s
 355209 35582     cutoff   68       570.00000  565.03890  0.87%  1506 20359s
 355659 35416     cutoff   88       570.00000  565.05809  0.87%  1505 20367s
 356069 35214     cutoff   86       570.00000  565.07075  0.86%  1504 20374s
 356555 35035     cutoff   91       570.00000  565.08758  0.86%  1503 20382s
 357031 34838  568.89862   79  633  570.00000  565.10335  0.86%  1502 20390s
 357436 34652  568.58594   79  268  570.00000  565.11703  0.86%  1501 20398s
 357938 34436     cutoff   76       570.00000  565.13343  0.85%  1500 20405s
 358388 34287     cutoff   72       570.00000  565.14744  0.85%  1499 20413s
 358836 34099  568.21621   80  663  570.00000  565.16349  0.85%  1498 20420s
 359341 33914     cutoff   76       570.00000  565.17675  0.85%  1497 20428s
 359732 33679  566.98636   76  231  570.00000  565.19113  0.84%  1496 20435s
 360172 33478     cutoff   89       570.00000  565.20984  0.84%  1495 20443s
 360627 33278  568.82547   88  695  570.00000  565.22376  0.84%  1494 20450s
 361069 33070  567.51892   87  378  570.00000  565.24081  0.83%  1493 20457s
 361501 32871     cutoff   70       570.00000  565.25460  0.83%  1492 20465s
 361968 32636     cutoff   76       570.00000  565.27028  0.83%  1491 20472s
 362460 32462     cutoff   76       570.00000  565.28679  0.83%  1490 20480s
 362766 32264  567.51182   82  385  570.00000  565.29834  0.82%  1490 20487s
 363235 32062     cutoff   95       570.00000  565.31839  0.82%  1489 20494s
 363662 31920     cutoff   89       570.00000  565.33260  0.82%  1488 20502s
 363985 31815  566.18626   76  553  570.00000  565.34019  0.82%  1487 20509s
 364230 31668     cutoff   91       570.00000  565.34043  0.82%  1486 20516s
 364479 31445  568.25707   80  317  570.00000  565.34277  0.82%  1486 20524s
 364856 31212  566.95469   89  250  570.00000  565.37204  0.81%  1485 20531s
 365420 30975 infeasible   78       570.00000  565.39214  0.81%  1484 20538s
 365859 30841  568.97750   64  410  570.00000  565.40663  0.81%  1483 20545s
 366118 30566  568.60987   80  413  570.00000  565.41657  0.80%  1482 20552s
 366587 30365  567.74823   82  351  570.00000  565.43568  0.80%  1481 20560s
 367089 30112     cutoff   84       570.00000  565.45209  0.80%  1480 20567s
 367556 29894     cutoff   91       570.00000  565.46799  0.80%  1479 20574s
 367997 29665  567.65984   85  316  570.00000  565.48174  0.79%  1478 20581s
 368415 29410     cutoff   78       570.00000  565.49821  0.79%  1477 20589s
 368970 29208     cutoff   77       570.00000  565.51624  0.79%  1476 20596s
 369414 28957     cutoff   74       570.00000  565.53208  0.78%  1475 20604s
 369865 28707     cutoff   72       570.00000  565.54960  0.78%  1474 20611s
 370348 28499     cutoff   80       570.00000  565.57210  0.78%  1473 20619s
 370837 28233     cutoff   84       570.00000  565.58215  0.78%  1472 20625s
 371262 27993     cutoff   87       570.00000  565.59889  0.77%  1471 20633s
 371743 27788     cutoff   86       570.00000  565.61965  0.77%  1470 20639s
 372077 27529 infeasible   75       570.00000  565.63596  0.77%  1469 20646s
 372496 27260     cutoff   74       570.00000  565.65274  0.76%  1469 20653s
 372968 27037  566.74071   78  533  570.00000  565.67012  0.76%  1468 20660s
 373396 26774     cutoff   78       570.00000  565.68788  0.76%  1467 20666s
 373869 26524  567.81155   89  262  570.00000  565.70738  0.75%  1466 20673s
 374321 26245     cutoff   83       570.00000  565.72414  0.75%  1465 20680s
 374745 25949     cutoff   71       570.00000  565.74144  0.75%  1464 20687s
 375257 25695  568.74599   81  609  570.00000  565.76353  0.74%  1463 20693s
 375688 25377     cutoff   79       570.00000  565.77943  0.74%  1462 20700s
 376154 25061     cutoff   94       570.00000  565.79776  0.74%  1461 20708s
 376665 24720     cutoff   83       570.00000  565.81804  0.73%  1460 20715s
 377237 24390  568.45599   83  374  570.00000  565.84251  0.73%  1458 20723s
 377839 24030  566.60892   80  449  570.00000  565.86690  0.73%  1457 20731s
 378378 23740     cutoff   82       570.00000  565.88755  0.72%  1456 20739s
 378857 23387     cutoff   84       570.00000  565.90963  0.72%  1455 20747s
 379382 23028     cutoff   76       570.00000  565.93717  0.71%  1454 20755s
 379969 22661     cutoff  103       570.00000  565.96006  0.71%  1452 20763s
 380557 22288     cutoff   70       570.00000  565.98639  0.70%  1451 20770s
 381067 21914     cutoff   82       570.00000  566.00856  0.70%  1450 20778s
 381668 21553  566.82875   75  318  570.00000  566.02890  0.70%  1449 20785s
 382268 21181  568.05032   84  706  570.00000  566.05704  0.69%  1447 20793s
 382880 20812     cutoff   99       570.00000  566.08499  0.69%  1446 20801s
 383483 20415     cutoff   72       570.00000  566.11001  0.68%  1444 20808s
 384132 20012     cutoff   71       570.00000  566.13771  0.68%  1443 20815s
 384726 19608     cutoff   94       570.00000  566.15751  0.67%  1441 20823s
 385416 19267     cutoff   74       570.00000  566.19100  0.67%  1439 20831s
 386024 18855     cutoff   77       570.00000  566.21582  0.66%  1438 20838s
 386667 18405  566.40710   82   68  570.00000  566.23934  0.66%  1436 20846s
 387297 17943     cutoff   73       570.00000  566.26964  0.65%  1435 20853s
 388010 17389     cutoff   77       570.00000  566.30028  0.65%  1433 20861s
 388790 16868     cutoff   84       570.00000  566.34047  0.64%  1431 20870s
 389552 16340     cutoff   74       570.00000  566.37502  0.64%  1429 20878s
 390335 15855     cutoff   77       570.00000  566.41895  0.63%  1427 20887s
 391104 15272     cutoff   89       570.00000  566.45006  0.62%  1425 20895s
 391935 14636  568.84776   69  356  570.00000  566.48824  0.62%  1423 20904s
 392786 14019     cutoff   98       570.00000  566.53648  0.61%  1421 20913s
 393642 13418     cutoff   73       570.00000  566.58520  0.60%  1419 20922s
 394443 12807     cutoff   76       570.00000  566.63032  0.59%  1417 20931s
 395232 12172     cutoff   96       570.00000  566.66845  0.58%  1415 20939s
 396022 11554     cutoff   87       570.00000  566.71575  0.58%  1413 20946s
 396785 10882     cutoff   86       570.00000  566.76760  0.57%  1411 20954s
 397656 10222     cutoff   88       570.00000  566.81732  0.56%  1408 20962s
 398474  9711     cutoff   77       570.00000  566.86563  0.55%  1406 20968s
 399117  9039     cutoff   89       570.00000  566.91201  0.54%  1405 20974s
 399917  8282     cutoff   75       570.00000  566.97868  0.53%  1402 20982s
 400836  7910 infeasible   90       570.00000  567.02886  0.52%  1400 20987s
 401292  7525     cutoff   84       570.00000  567.03317  0.52%  1399 20991s
 401742  7131     cutoff   74       570.00000  567.06311  0.52%  1397 20996s
 402199  6708     cutoff   82       570.00000  567.07091  0.51%  1396 21000s
 403324  5771     cutoff   74       570.00000  567.21130  0.49%  1393 21009s
 403895  5104  568.85577   82  198  570.00000  567.28666  0.48%  1391 21014s
 404664  4402     cutoff   93       570.00000  567.35721  0.46%  1389 21018s
 405444  3794     cutoff   79       570.00000  567.43822  0.45%  1387 21022s
 406137  3127  568.02013   92   18  570.00000  567.52272  0.43%  1385 21026s
 407610  1675     cutoff   79       570.00000  567.74270  0.40%  1380 21033s
 408415   805 infeasible   84       570.00000  567.91136  0.37%  1378 21037s

Cutting planes:
  Learned: 1
  Gomory: 3
  Lift-and-project: 1
  Cover: 293
  Implied bound: 345
  Projected implied bound: 1
  Clique: 4
  MIR: 142
  StrongCG: 2
  Flow cover: 2580
  GUB cover: 13
  Inf proof: 4
  Zero half: 43
  Mod-K: 1
  Network: 13
  RLT: 8
  Relax-and-lift: 55

Explored 410184 nodes (563368895 simplex iterations) in 21040.04 seconds (92233.48 work units)
Thread count was 4 (of 32 available processors)

Solution count 10: 570 571 572 ... 582

Optimal solution found (tolerance 1.00e-04)
Best objective 5.700000000000e+02, best bound 5.700000000000e+02, gap 0.0000%

Wrote result file '/Users/takafumi/Dropbox/2_Study/cspns_gurobi/sol_recomputed_4threads/E150_1000.1_R100.sol'

