
Gurobi 13.0.2 (mac64[arm], gurobi_cl) logging started Mon Sep  7 19:32:39 2026

Set parameter TokenServer to value "10.8.80.200"
Set parameter TimeLimit to value 43200
Set parameter LogFile to value "/Users/takafumi/Dropbox/2_Study/cspns_gurobi/log_recomputed_4threads/E150_1000.1_R50.log"
Set parameter Threads to value 4
Using license file /Library/gurobi1302/gurobi.lic

Gurobi Optimizer version 13.0.2 build v13.0.2rc1 (mac64[arm] - Darwin 24.6.0 24G517)
Copyright (c) 2026, Gurobi Optimization, LLC

Read LP format model from file /Users/takafumi/Dropbox/2_Study/cspns_gurobi/lp/E150_1000.1_R50.lp
Reading time = 0.11 seconds
root: 46208 rows, 45753 columns, 405058 nonzeros

Using Gurobi shared library /Library/gurobi1302/macos_universal2/lib/libgurobi130.dylib

CPU model: Apple M3 Ultra
Thread count: 32 physical cores, 32 logical processors, using up to 4 threads

Non-default parameters:
TimeLimit  43200
Threads  4

Optimize a model with 46208 rows, 45753 columns and 405058 nonzeros (Min)
Model fingerprint: 0x1fd4bacf
Model has 22650 linear objective coefficients
Variable types: 0 continuous, 45753 integer (0 binary)
Coefficient statistics:
  Matrix range     [1e+00, 2e+02]
  Objective range  [1e+00, 2e+02]
  Bounds range     [1e+00, 1e+00]
  RHS range        [1e+00, 1e+00]

Presolve removed 23116 rows and 307 columns
Presolve time: 1.07s
Presolved: 23092 rows, 45446 columns, 281774 nonzeros
Variable types: 0 continuous, 45446 integer (22946 binary)
Found heuristic solution: objective 8510.0000000
Deterministic concurrent LP optimizer: primal and dual simplex
Showing primal log only...

Concurrent spin time: 0.00s

Solved with primal simplex

Root relaxation: objective 1.147396e+02, 69826 iterations, 1.76 seconds (3.74 work units)

    Nodes    |    Current Node    |     Objective Bounds      |     Work
 Expl Unexpl |  Obj  Depth IntInf | Incumbent    BestBd   Gap | It/Node Time

     0     0  114.73965    0  432 8510.00000  114.73965  98.7%     -    3s
     0     0  577.97626    0  448 8510.00000  577.97626  93.2%     -   11s
H    0     0                    2668.0000000  577.97626  78.3%     -   12s
H    0     0                    2661.0000000  577.97626  78.3%     -   12s
H    0     0                    2639.0000000  577.97626  78.1%     -   12s
H    0     0                    2632.0000000  577.97626  78.0%     -   12s
H    0     0                    2479.0000000  577.97626  76.7%     -   12s
H    0     0                    2127.0000000  577.97626  72.8%     -   12s
H    0     0                    1973.0000000  577.97626  70.7%     -   12s
H    0     0                    1549.0000000  577.97626  62.7%     -   13s
H    0     0                    1532.0000000  577.97626  62.3%     -   13s
H    0     0                    1423.0000000  577.97626  59.4%     -   15s
H    0     0                    1392.0000000  577.97626  58.5%     -   15s
H    0     0                    1367.0000000  577.97626  57.7%     -   16s
H    0     0                    1360.0000000  577.97626  57.5%     -   17s
H    0     0                    1252.0000000  577.97626  53.8%     -   22s
H    0     0                    1202.0000000  577.97626  51.9%     -   22s
H    0     0                    1197.0000000  577.97626  51.7%     -   22s
     0     0  681.67374    0  514 1197.00000  681.67374  43.1%     -   28s
     0     0  705.54159    0  523 1197.00000  705.54159  41.1%     -   39s
H    0     0                    1188.0000000  705.54159  40.6%     -   40s
H    0     0                    1186.0000000  705.54159  40.5%     -   40s
H    0     0                    1153.0000000  705.54159  38.8%     -   41s
H    0     0                    1148.0000000  705.54159  38.5%     -   43s
H    0     0                    1107.0000000  705.54159  36.3%     -   44s
H    0     0                    1092.0000000  705.54159  35.4%     -   54s
H    0     0                    1090.0000000  705.54159  35.3%     -   54s
H    0     0                    1077.0000000  705.54159  34.5%     -   54s
H    0     0                    1064.0000000  705.54159  33.7%     -   54s
H    0     0                    1063.0000000  705.54159  33.6%     -   54s
H    0     0                    1062.0000000  705.54159  33.6%     -   54s
H    0     0                    1061.0000000  705.54159  33.5%     -   54s
H    0     0                    1059.0000000  705.54159  33.4%     -   54s
H    0     0                    1058.0000000  705.54159  33.3%     -   54s
     0     0  722.81434    0  567 1058.00000  722.81434  31.7%     -   57s
H    0     0                    1056.0000000  722.88419  31.5%     -   59s
H    0     0                    1055.0000000  722.88419  31.5%     -   63s
H    0     0                    1053.0000000  722.88419  31.4%     -   63s
H    0     0                    1046.0000000  722.88419  30.9%     -   69s
H    0     0                    1045.0000000  722.88419  30.8%     -   71s
H    0     0                    1038.0000000  722.88419  30.4%     -   77s
H    0     0                    1034.0000000  722.88419  30.1%     -   78s
H    0     0                    1017.0000000  722.88419  28.9%     -   78s
H    0     0                    1016.0000000  722.88419  28.8%     -   78s
H    0     0                    1015.0000000  722.88419  28.8%     -   79s
H    0     0                    1005.0000000  722.88419  28.1%     -   79s
H    0     0                     998.0000000  722.88419  27.6%     -   79s
H    0     0                     994.0000000  722.88419  27.3%     -   82s
H    0     0                     992.0000000  729.77051  26.4%     -   84s
     0     0  739.62609    0  572  992.00000  739.62609  25.4%     -   84s
     0     0  739.62609    0  577  992.00000  739.62609  25.4%     -   85s
     0     0  739.62609    0  578  992.00000  739.62609  25.4%     -   85s
H    0     0                     988.0000000  763.51791  22.7%     -   92s
H    0     0                     969.0000000  763.51791  21.2%     -   92s
     0     0  763.51791    0  617  969.00000  763.51791  21.2%     -   92s
     0     0  768.27654    0  675  969.00000  768.27654  20.7%     -   97s
     0     0  768.61056    0  675  969.00000  768.61056  20.7%     -   98s
     0     0  768.61213    0  684  969.00000  768.61213  20.7%     -   98s
     0     0  785.42407    0  641  969.00000  785.42407  18.9%     -  111s
     0     0  797.99281    0  684  969.00000  797.99281  17.6%     -  121s
     0     0  802.36762    0  678  969.00000  802.36762  17.2%     -  127s
     0     0  803.71290    0  725  969.00000  803.71290  17.1%     -  132s
     0     0  808.38719    0  732  969.00000  808.38719  16.6%     -  134s
     0     0  808.38719    0  740  969.00000  808.38719  16.6%     -  134s
     0     0  809.64142    0  718  969.00000  809.64142  16.4%     -  141s
     0     0  817.39366    0  739  969.00000  817.39366  15.6%     -  145s
     0     0  818.29833    0  759  969.00000  818.29833  15.6%     -  149s
     0     0  818.36525    0  772  969.00000  818.36525  15.5%     -  149s
     0     0  819.19759    0  781  969.00000  819.19759  15.5%     -  151s
     0     0  819.30814    0  780  969.00000  819.30814  15.4%     -  153s
     0     0  819.32798    0  789  969.00000  819.32798  15.4%     -  153s
     0     0  820.65821    0  802  969.00000  820.65821  15.3%     -  156s
     0     0  820.82628    0  800  969.00000  820.82628  15.3%     -  159s
     0     0  820.84708    0  822  969.00000  820.84708  15.3%     -  159s
     0     0  822.64574    0  789  969.00000  822.64574  15.1%     -  164s
     0     0  823.64849    0  785  969.00000  823.64849  15.0%     -  168s
     0     0  823.75854    0  808  969.00000  823.75854  15.0%     -  169s
     0     0  823.76127    0  814  969.00000  823.76127  15.0%     -  169s
     0     0  826.02200    0  767  969.00000  826.02200  14.8%     -  172s
     0     0  826.14338    0  770  969.00000  826.14338  14.7%     -  174s
     0     0  826.18208    0  802  969.00000  826.18208  14.7%     -  174s
     0     0  826.90395    0  807  969.00000  826.90395  14.7%     -  177s
     0     0  827.04596    0  814  969.00000  827.04596  14.6%     -  178s
     0     0  827.09341    0  830  969.00000  827.09341  14.6%     -  179s
     0     0  827.23377    0  834  969.00000  827.23377  14.6%     -  180s
     0     0  827.25506    0  834  969.00000  827.25506  14.6%     -  181s
     0     0  827.25506    0  762  969.00000  827.25506  14.6%     -  184s
H    0     0                     968.0000000  827.25506  14.5%     -  197s
     0     2  827.25506    0  748  968.00000  827.25506  14.5%     -  204s
     1     3  834.39371    1  549  968.00000  827.25506  14.5%  6725  207s
     5    10  837.07711    3  573  968.00000  827.38951  14.5%  4599  212s
    13    17  841.84458    5  577  968.00000  827.56984  14.5%  4378  218s
H   16    21                     964.0000000  827.56984  14.2%  4090  220s
H   17    21                     963.0000000  827.56984  14.1%  4879  220s
H   18    21                     960.0000000  827.56984  13.8%  6134  220s
H   21    25                     950.0000000  827.56984  12.9%  7033  222s
    24    29  844.09467    7  548  950.00000  827.56984  12.9%  8097  226s
H   29    33                     946.0000000  827.56984  12.5%  7626  228s
H   32    51                     945.0000000  827.56984  12.4%  7800  230s
H   51    55                     943.0000000  827.56984  12.2%  9449  233s
    54    58  848.45094   13  557  943.00000  827.56984  12.2%  9639  237s
    57    62  849.71204   14  556  943.00000  827.56984  12.2%  9467  240s
    69    73  850.31685   16  601  943.00000  827.56984  12.2% 10567  248s
    72    77  850.34644   17  585  943.00000  827.56984  12.2% 10326  250s
H   74    77                     942.0000000  827.56984  12.1% 10120  250s
H   75    77                     939.0000000  827.56984  11.9% 10238  250s
H   79    81                     936.0000000  827.56984  11.6% 10383  251s
H   80    85                     935.0000000  827.56984  11.5% 10362  254s
    84   100  850.72156   19  575  935.00000  827.56984  11.5% 10752  256s
    99   107  850.73054   20  567  935.00000  827.56984  11.5% 10458  260s
   125   133  855.89840   22  491  935.00000  827.56984  11.5% 11706  265s
H  130   133                     933.0000000  827.56984  11.3% 11593  265s
   160   168  853.28930   26  540  933.00000  827.56984  11.3% 11836  271s
   186   201  855.58729   28  532  933.00000  827.56984  11.3% 11515  276s
   215   224  856.25173   29  536  933.00000  827.56984  11.3% 10971  281s
H  222   224                     930.0000000  827.56984  11.0% 10916  281s
   239   261  857.60442   34  520  930.00000  827.56984  11.0% 10966  285s
   272   292  859.86442   43  503  930.00000  827.56984  11.0% 10845  291s
   291   308  861.80369   48  456  930.00000  827.56984  11.0% 10782  295s
   321   341  864.56030   58  502  930.00000  827.56984  11.0% 10725  303s
   340   353  866.08598   63  481  930.00000  827.56984  11.0% 10787  309s
   352   357  867.34690   65  468  930.00000  827.56984  11.0% 10683  312s
H  353   357                     929.0000000  827.56984  10.9% 10653  312s
   356   367  867.50923   66  478  929.00000  827.56984  10.9% 10627  316s
   366   370  876.88314  117  448  929.00000  827.56984  10.9% 10470  320s
   369   379  877.01078  118  445  929.00000  827.56984  10.9% 10433  326s
H  378   381                     928.0000000  827.56984  10.8% 10285  330s
   380   385  878.70231  127  446  928.00000  827.56984  10.8% 10366  336s
   384   389  858.39438   21  524  928.00000  827.56984  10.8% 10382  340s
   388   394  862.23374   22  511  928.00000  827.56984  10.8% 10354  345s
H  389   394                     925.0000000  827.56984  10.5% 10328  345s
   401   423  863.78433   23  493  925.00000  827.56984  10.5% 10441  353s
   422   488  863.97108   23  485  925.00000  827.56984  10.5% 10231  358s
   489   512  868.38787   34  449  925.00000  827.56984  10.5%  9471  362s
   513   516  870.07981   40  448  925.00000  827.56984  10.5%  9345  368s
   517   520  870.42751   41  448  925.00000  827.56984  10.5%  9351  373s
   521   524  871.49196   42  472  925.00000  827.56984  10.5%  9320  377s
   525   528  871.48016   42  436  925.00000  827.56984  10.5%  9278  382s
   529   532  873.57839   43  433  925.00000  827.56984  10.5%  9253  387s
   533   553  875.01164   43  447  925.00000  827.56984  10.5%  9204  392s
   554   635  873.69004   44  441  925.00000  827.56984  10.5%  8943  397s
   636   744  876.45215   53  426  925.00000  827.56984  10.5%  8258  402s
   750   841  881.37566   75  467  925.00000  827.56984  10.5%  7492  407s
   862   901  888.24344   94  417  925.00000  827.56984  10.5%  6879  411s
   942   954  897.05504  124  456  925.00000  827.81288  10.5%  6758  415s
  1004   982  901.89103  144  414  925.00000  827.81288  10.5%  6591  424s
  1024  1047  901.91836  145  406  925.00000  827.81288  10.5%  6583  429s
  1090  1048  909.05479  153  514  925.00000  827.81288  10.5%  6434  440s
  1092  1049  896.49292  120  521  925.00000  827.81288  10.5%  6422  455s
  1093  1050  891.15875  128  586  925.00000  827.81288  10.5%  6417  484s
  1094  1051  898.84661  128  626  925.00000  827.81288  10.5%  6411  493s
  1095  1051  850.82639   42  658  925.00000  827.81288  10.5%  6405  503s
  1096  1052  911.74012  215  673  925.00000  827.81288  10.5%  6399  509s
  1097  1053  918.38359  209  724  925.00000  827.81288  10.5%  6393  516s
  1098  1053  900.66241  234  747  925.00000  827.81288  10.5%  6387  521s
  1099  1054  908.26803  147  771  925.00000  828.49250  10.4%  6382  526s
  1102  1056  899.59313  139  737  925.00000  835.70879  9.65%  6364  536s
  1103  1057  908.70402  196  726  925.00000  836.48178  9.57%  6358  543s
  1104  1057  873.40346   91  753  925.00000  837.64721  9.44%  6353  546s
  1107  1059  843.35431   14  772  925.00000  839.68390  9.22%  6335  550s
  1109  1061  912.25106  221  775  925.00000  840.37653  9.15%  6324  555s
  1112  1063  894.65085  140  740  925.00000  843.33235  8.83%  6307  563s
  1113  1063  918.12645  206  783  925.00000  844.32896  8.72%  6301  567s
  1114  1064  846.59864   32  778  925.00000  844.86675  8.66%  6296  571s
  1117  1066  891.55690  131  811  925.00000  845.15746  8.63%  6279  576s
  1118  1067  914.75314  182  750  925.00000  847.23923  8.41%  6273  582s
  1120  1068  864.67965   76  758  925.00000  847.84352  8.34%  6262  586s
  1122  1069  891.21649   89  788  925.00000  849.17688  8.20%  6251  590s
  1125  1071  901.30601  174  788  925.00000  849.78217  8.13%  6234  629s
  1126  1072  898.69662  110  792  925.00000  849.78217  8.13%  6228  631s
  1128  1073  851.12243   17  741  925.00000  851.12243  7.99%  6217  636s
  1130  1075  875.54233  105  760  925.00000  852.21848  7.87%  6206  640s
  1132  1076  884.54967   80  746  925.00000  852.73078  7.81%  6195  645s
  1134  1077  853.66641    4  772  925.00000  853.66641  7.71%  6185  651s
  1136  1079  898.68560  215  806  925.00000  853.66641  7.71%  6174  655s
  1138  1080  897.37123  194  672  925.00000  853.82509  7.69%  6163  676s
  1139  1081  853.82509   14  672  925.00000  853.82509  7.69%  6157  700s
  1140  1083  861.35418   10  591  925.00000  853.83177  7.69%  6633  710s
  1141  1086  865.94823   11  465  925.00000  853.83177  7.69%  6639  720s
  1144  1089  867.76839   12  509  925.00000  854.37582  7.64%  6646  729s
  1148  1097  868.86756   13  514  925.00000  854.68759  7.60%  6652  737s
  1157  1106  869.41992   15  566  925.00000  855.11495  7.56%  6726  743s
  1169  1114  878.65169   17  472  925.00000  855.11495  7.56%  6991  748s
  1181  1116  873.89667   20  412  925.00000  855.11676  7.55%  7155  754s
  1187  1124  874.37140   21  402  925.00000  855.11757  7.55%  7163  757s
  1197  1129  874.97699   23  419  925.00000  855.18734  7.55%  7314  760s
  1215  1143  877.93644   27  408  925.00000  855.70515  7.49%  7566  767s
  1226  1150  879.83928   29  421  925.00000  855.70515  7.49%  7674  771s
  1240  1158  880.81542   31  390  925.00000  855.70515  7.49%  7806  777s
  1257  1170  887.19498   33  361  925.00000  855.70515  7.49%  7915  782s
  1267  1174  887.37443   35  357  925.00000  855.70515  7.49%  7994  786s
  1274  1184  888.27428   36  358  925.00000  855.70515  7.49%  8030  790s
  1297  1196  890.33584   41  315  925.00000  855.70515  7.49%  8173  798s
  1306  1202  890.81305   43  308  925.00000  855.70515  7.49%  8253  802s
  1315  1211  896.81566   45  265  925.00000  855.70515  7.49%  8236  807s
  1327  1222  897.48378   48  223  925.00000  855.70515  7.49%  8337  811s
  1342  1232  901.49759   51  259  925.00000  855.70515  7.49%  8455  816s
  1357  1233  903.00607   54  265  925.00000  855.70515  7.49%  8549  820s
  1363  1249  899.36471   56  286  925.00000  855.70515  7.49%  8530  825s
  1381  1263  908.03928   62  235  925.00000  855.70515  7.49%  8546  830s
  1405  1264  915.52309   68  220  925.00000  855.70515  7.49%  8553  835s
  1427  1267  912.71419   81  258  925.00000  855.70515  7.49%  8516  840s
  1452  1270  912.71466   96  245  925.00000  855.70515  7.49%  8474  847s
  1477  1280  857.81159   17  597  925.00000  855.70515  7.49%  8504  852s
  1495  1304  859.28887   18  582  925.00000  855.70515  7.49%  8605  859s
  1529  1317  862.17529   21  522  925.00000  855.70515  7.49%  8677  865s
  1562  1323  863.43343   23  504  925.00000  855.70515  7.49%  8650  872s
  1596  1345  866.69146   25  462  925.00000  855.90467  7.47%  8638  878s
  1630  1350  871.81653   27  476  925.00000  855.90467  7.47%  8752  885s
  1648  1373  873.83622   28  387  925.00000  855.90467  7.47%  8768  891s
  1688  1375  876.07477   32  404  925.00000  855.90467  7.47%  8787  899s
  1725  1407  877.78693   36  380  925.00000  857.09283  7.34%  8824  907s
  1774  1429  882.91741   40  346  925.00000  857.09283  7.34%  8917  914s
  1826  1437  881.92286   43  388  925.00000  857.09283  7.34%  8894  921s
  1868  1457  882.78792   47  335  925.00000  857.09857  7.34%  8961  929s
  1902  1470  884.34717   52  320  925.00000  857.09857  7.34%  9089  937s
  1927  1504  900.56791   56  281  925.00000  857.09857  7.34%  9208  946s
  1969  1518  888.45338   64  368  925.00000  857.09857  7.34%  9330  954s
  1997  1519  904.57309   67  205  925.00000  857.09857  7.34%  9394  963s
  2007  1545  893.86281   70  196  925.00000  857.09857  7.34%  9414  972s
  2037  1624  895.46922   77  183  925.00000  857.09857  7.34%  9431  983s
  2139  1655  912.93922   99  133  925.00000  857.09857  7.34%  9331  993s
  2256  1671  908.52395  128  163  925.00000  857.14620  7.34%  9080 1004s
  2380  1663  861.56723   23  571  925.00000  857.14620  7.34%  8875 1014s
  2432  1679  864.58206   25  531  925.00000  857.14620  7.34%  8956 1024s
  2465  1692  866.24437   32  534  925.00000  857.14620  7.34%  9055 1035s
  2489  1739  871.10318   35  465  925.00000  857.14620  7.34%  9124 1046s
  2545  1789  875.86817   43  398  925.00000  857.14620  7.34%  9130 1058s
  2616  1798  880.66461   50  459  925.00000  857.14620  7.34%  9103 1068s
  2656  1789  879.14371   54  322  925.00000  857.14620  7.34%  9021 1078s
  2660  1792  878.37157   55  413  925.00000  857.14620  7.34%  9019 1088s
  2664  1793  878.74901   56  380  925.00000  857.14620  7.34%  9018 1098s
  2667  1796  879.38371   57  373  925.00000  857.14620  7.34%  9020 1110s
  2671  1830  879.97393   58  322  925.00000  857.14620  7.34%  9021 1124s
  2734  1833  883.53122   65  332  925.00000  857.14620  7.34%  8951 1137s
  2758  1861  887.65570   73  331  925.00000  857.14620  7.34%  9031 1150s
  2794  1890  893.61277   88  346  925.00000  857.14620  7.34%  9096 1165s
  2835  1948  900.32324  102  325  925.00000  857.14620  7.34%  9162 1180s
  2918  1973  912.18296  132  289  925.00000  857.14620  7.34%  9159 1196s
  2994  1966  921.13410  169  318  925.00000  857.14620  7.34%  9065 1211s
  3022  1980  921.13838  170  321  925.00000  857.21427  7.33%  9046 1228s
  3081  2027  862.24926   21  571  925.00000  857.22390  7.33%  8977 1245s
  3148  2071  865.99315   27  485  925.00000  857.22390  7.33%  9122 1264s
  3215  2136  868.82487   32  458  925.00000  857.22390  7.33%  9148 1282s
  3325  2187  873.44665   41  434  925.00000  857.22390  7.33%  9102 1301s
  3450  2274  884.95808   49  277  925.00000  857.22390  7.33%  9013 1324s
  3597  2310  861.47772   21  600  925.00000  857.22390  7.33%  8979 1345s
  3697  2401  869.49497   36  486  925.00000  857.22390  7.33%  9023 1367s
  3859  2433  879.14035   58  494  925.00000  857.22390  7.33%  9014 1389s
  3945  2509  888.92871   82  497  925.00000  857.22390  7.33%  9072 1412s
  4081  2593  901.07854  124  430  925.00000  857.22390  7.33%  9048 1439s
  4275  2645  865.02812   20  563  925.00000  857.22390  7.33%  8883 1464s
  4427  2777  872.93095   31  481  925.00000  857.22390  7.33%  8946 1490s
  4613  2906  878.43579   43  420  925.00000  857.22390  7.33%  8911 1516s
  4782  3096  893.08231   74  323  925.00000  857.22390  7.33%  8974 1544s
  5038  3259  869.65682   26  505  925.00000  859.23395  7.11%  8875 1571s
  5236  3347  892.03273   74  271  925.00000  859.31507  7.10%  8862 1623s
  5351  3435  865.55086   20  515  925.00000  859.53964  7.08%  8823 1653s
  5439  3577  877.06688   35  412  925.00000  859.53964  7.08%  8920 1685s
  5602  3716  880.23741   38  355  925.00000  859.53964  7.08%  8898 1717s
  5796  3948  888.06740   44  349  925.00000  859.54355  7.08%  8869 1753s
  6112  4157  866.01750   30  478  925.00000  859.76487  7.05%  8765 1788s
  6366  4291  870.13076   26  498  925.00000  859.89008  7.04%  8806 1827s
  6536  4406  860.57093   16  574  925.00000  859.89008  7.04%  8829 1865s
  6681  4648  863.76707   22  472  925.00000  859.89008  7.04%  8873 1904s
  6933  4911  880.10886   35  381  925.00000  859.89008  7.04%  8911 1945s
  7271  5178  888.82632   41  411  925.00000  860.11437  7.01%  8669 1990s
  7595  5336  864.93417   27  546  925.00000  860.11437  7.01%  8695 2035s
  7792  5577  875.80630   30  475  925.00000  860.11437  7.01%  8743 2084s
  8104  5773  885.51046   45  387  925.00000  860.11437  7.01%  8754 2131s
* 8178  5757             119     924.0000000  860.11437  6.91%  8701 2131s
  8339  5922  884.02270   49  384  924.00000  860.11437  6.91%  8755 2179s
  8598  6169  881.23356   50  491  924.00000  860.45780  6.88%  8777 2230s
  8890  6323  887.17617   26  512  924.00000  860.45780  6.88%  8817 2282s
  9075  6459  889.61900   71  463  924.00000  860.58255  6.86%  8823 2336s
  9262  6727  873.95692   30  432  924.00000  860.61838  6.86%  8844 2393s
  9581  7118  889.43511   53  436  924.00000  860.81509  6.84%  8905 2453s
 10142  7350  872.16778   17  634  924.00000  860.89702  6.83%  8831 2514s
 10473  7652  913.54614   56  321  924.00000  860.89702  6.83%  8827 2590s
 10867  7913  890.38764   49  408  924.00000  861.25274  6.79%  8833 2666s
 11253  8235  880.01749   28  485  924.00000  861.25274  6.79%  8782 2746s
 11615  8525  904.53332   71  293  924.00000  861.44663  6.77%  8898 2831s
 11989  9012  875.83646   31  475  924.00000  861.56105  6.76%  8895 2918s
 12616  9325  870.62366   28  491  924.00000  861.57534  6.76%  8821 2997s
 13032  9923  877.58355   43  507  924.00000  861.61032  6.75%  8785 3078s
 13845 10230  905.31662   61  415  924.00000  861.74001  6.74%  8681 3151s
 14268 10536  871.45991   30  526  924.00000  861.77839  6.73%  8643 3219s
 14660 10772  913.01944   69  308  924.00000  861.91984  6.72%  8685 3288s
 14931 11077  880.87425   48  279  924.00000  861.94041  6.72%  8769 3359s
 15331 11406  886.98349   58  277  924.00000  861.96969  6.71%  8781 3430s
 15753 11799  892.40580   63  238  924.00000  861.96969  6.71%  8769 3498s
 16186 12273  908.56312   96  173  924.00000  861.96969  6.71%  8760 3570s
 16845 12543  892.14775   81  480  924.00000  862.17651  6.69%  8703 3637s
 17260 12805  870.21725   19  520  924.00000  862.25191  6.68%  8656 3709s
 17571 13096  878.15445   53  389  924.00000  862.38222  6.67%  8697 3781s
 17997 13445  866.65240   25  538  924.00000  862.40228  6.67%  8652 3852s
 18432 13707  888.20324   54  385  924.00000  862.40228  6.67%  8650 3918s
 18758 13992  903.36626   95  323  924.00000  862.58281  6.65%  8647 3986s
 19094 14351  867.86022   24  586  924.00000  862.59645  6.65%  8651 4056s
 19659 14630  871.11307   22  642  924.00000  862.63796  6.64%  8545 4122s
 19979 14960  919.29465  102  329  924.00000  862.68619  6.64%  8573 4197s
 20383 15374  887.28871   68  474  924.00000  862.68619  6.64%  8579 4270s
 20973 15375  899.27316   62  514  924.00000  862.75240  6.63%  8534 4872s
 20975 15376  875.49513   58  522  924.00000  862.75240  6.63%  8533 4888s
 20976 15377  907.04409   83  553  924.00000  862.75240  6.63%  8533 4917s
 20977 15378  882.20997   52  575  924.00000  862.75240  6.63%  8532 4923s
 20978 15378  905.28452   99  594  924.00000  862.75240  6.63%  8532 4932s
 20979 15379  916.01950   77  616  924.00000  862.75240  6.63%  8532 4939s
 20980 15380  894.65484   31  601  924.00000  862.75240  6.63%  8531 4943s
 20981 15380  876.62640   53  580  924.00000  862.75240  6.63%  8531 4950s
 20983 15382  891.27195   79  626  924.00000  862.75240  6.63%  8530 4958s
 20984 15382  915.25990  122  638  924.00000  862.75240  6.63%  8530 4965s
 20985 15383  863.98468   28  658  924.00000  862.75240  6.63%  8529 4972s
 20986 15384  903.41462  159  680  924.00000  862.75240  6.63%  8529 4976s
 20987 15384  913.98332  203  651  924.00000  862.75240  6.63%  8528 4981s
 20988 15385  886.40498   76  697  924.00000  862.75240  6.63%  8528 4987s
 20989 15386  915.36766  140  689  924.00000  862.75240  6.63%  8528 4990s
 20991 15387  889.61967   69  657  924.00000  862.75240  6.63%  8527 4999s
 20992 15388  863.76707   23  658  924.00000  862.75240  6.63%  8526 5004s
 20993 15388  886.84903   41  646  924.00000  862.75240  6.63%  8526 5006s
 20994 15389  867.92607   24  681  924.00000  862.75240  6.63%  8526 5010s
 20997 15391  864.15427   17  676  924.00000  862.75240  6.63%  8524 5017s
 20998 15392  919.72583  107  666  924.00000  862.75240  6.63%  8524 5021s
 20999 15392  897.56175   62  691  924.00000  862.77868  6.63%  8523 5025s
 21001 15394  878.96984   25  736  924.00000  862.91315  6.61%  8523 5032s
 21002 15394  873.01646   25  716  924.00000  863.14614  6.59%  8522 5036s
 21004 15396  915.50877  176  654  924.00000  863.39996  6.56%  8521 5042s
 21005 15396  915.10585  125  653  924.00000  863.42436  6.56%  8521 5076s
 21007 15398  876.02348   28  694  924.00000  863.71345  6.52%  8520 5081s
 21008 15398  871.65021   21  711  924.00000  863.75996  6.52%  8520 5121s
 21010 15400  884.57218   46  784  924.00000  864.38593  6.45%  8519 5127s
 21011 15400  921.25399  100  836  924.00000  864.43638  6.45%  8519 5174s
 21012 15401  877.49443   45  802  924.00000  864.70515  6.42%  8518 5178s
 21013 15402  904.26289   83  820  924.00000  864.70515  6.42%  8518 5210s
 21014 15402  870.48851   28  776  924.00000  864.81186  6.41%  8517 5245s
 21015 15403  894.09810   53  794  924.00000  864.81186  6.41%  8517 5277s
 21016 15404  883.23034   54  782  924.00000  864.91646  6.39%  8517 5288s
 21017 15404  881.88039   54  771  924.00000  864.93990  6.39%  8516 5318s
 21018 15405  883.37616   72  765  924.00000  865.50865  6.33%  8516 5323s
 21019 15406  902.17533   38  740  924.00000  865.89920  6.29%  8515 5327s
 21020 15406  889.41283   61  720  924.00000  865.97605  6.28%  8515 5356s
 21021 15407  906.00969   67  794  924.00000  866.05235  6.27%  8515 5381s
 21022 15408  879.58437   67  714  924.00000  866.16690  6.26%  8514 5385s
 21023 15408  908.52350   94  732  924.00000  866.17855  6.26%  8514 5420s
 21026 15410  866.38096   25  743  924.00000  866.38096  6.24%  8513 5451s
 21028 15412  883.85902   43  716  924.00000  866.52841  6.22%  8512 5488s
 21030 15413  903.66780   66  688  924.00000  866.72502  6.20%  8511 5519s
 21031 15414  910.73753   81  746  924.00000  866.72502  6.20%  8511 5521s
 21032 15414  878.11429   32  724  924.00000  866.72502  6.20%  8510 5551s
 21034 15416  888.49195   62  726  924.00000  866.73142  6.20%  8509 5592s
 21035 15416  886.58788   69  671  924.00000  867.00163  6.17%  8509 5595s
 21036 15417  889.71272   58  750  924.00000  867.00530  6.17%  8508 5625s
 21038 15418  885.25125   43  749  924.00000  867.16929  6.15%  8508 5660s
 21039 15419  884.22626   42  781  924.00000  867.57834  6.11%  8507 5669s
 21040 15420  914.45084  127  823  924.00000  867.57834  6.11%  8507 5697s
 21042 15421  879.59571   33  792  924.00000  867.71016  6.09%  8506 5730s
 21043 15422  879.51067   47  812  924.00000  867.71016  6.09%  8506 5752s
 21044 15422  882.88098   35  833  924.00000  867.71016  6.09%  8505 5780s
 21046 15424  882.40109   36  800  924.00000  867.83754  6.08%  8504 5815s
 21048 15425  900.63526   99  777  924.00000  867.96589  6.06%  8504 5850s
 21050 15426  888.02966   83  751  924.00000  868.24154  6.03%  8503 5887s
 21051 15427  882.75220   48  759  924.00000  868.33556  6.02%  8502 5893s
 21052 15428  879.33874   26  760  924.00000  868.34133  6.02%  8502 5924s
 21053 15428  885.12538   52  775  924.00000  868.47002  6.01%  8502 5926s
 21054 15429  897.35930   81  787  924.00000  868.47002  6.01%  8501 5955s
 21055 15430  872.38699   18  781  924.00000  868.49016  6.01%  8501 5961s
 21056 15430  914.02719   84  800  924.00000  868.49016  6.01%  8500 5992s
 21057 15431  874.01643   39  813  924.00000  868.49234  6.01%  8500 6000s
 21058 15432  889.86071   57  810  924.00000  868.49234  6.01%  8500 6030s
 21059 15432  898.18802   81  790  924.00000  868.74326  5.98%  8499 6036s
 21060 15433  895.86077   34  799  924.00000  868.74326  5.98%  8499 6064s
 21061 15434  911.82139  122  772  924.00000  868.74326  5.98%  8498 6173s
 21062 15434  874.17781   31  791  924.00000  868.74326  5.98%  8498 6198s
 21063 15435  883.61895   38  783  924.00000  868.74326  5.98%  8498 6210s
 21064 15436  898.41231   52  794  924.00000  868.74326  5.98%  8497 6247s
 21066 15437  876.09800   42  804  924.00000  868.78005  5.98%  8496 6278s
 21067 15438  915.96367   88  804  924.00000  868.78005  5.98%  8496 6282s
 21068 15438  874.96913   23  805  924.00000  868.78005  5.98%  8496 6312s
 21070 15440  884.97070   53  809  924.00000  868.78005  5.98%  8495 6346s
 21071 15440  891.25494   80  757  924.00000  868.78005  5.98%  8494 6370s
 21072 15441  895.63929   65  820  924.00000  868.78005  5.98%  8494 6399s
 21073 15442  899.27316   62  812  924.00000  868.80882  5.97%  8494 6430s
 21074 15442  899.96710   77  809  924.00000  868.87210  5.97%  8493 6457s
 21075 15443  875.49513   58  792  924.00000  868.93436  5.96%  8493 6460s
 21076 15444  907.04409   83  785  924.00000  868.93436  5.96%  8492 6486s
 21078 15445  905.28452   99  726  924.00000  869.02654  5.95%  8492 6513s
 21079 15446  916.01950   77  755  924.00000  869.09098  5.94%  8491 6517s
 21080 15446  894.65484   31  737  924.00000  869.11117  5.94%  8491 6545s
 21082 15448  918.02216   83  771  924.00000  869.14271  5.94%  8490 6576s
 21084 15449  915.25990  122  726  924.00000  869.30401  5.92%  8489 6600s
 21086 15450  903.41462  159  798  924.00000  869.37002  5.91%  8488 6632s
 21087 15451  913.98332  203  748  924.00000  869.47238  5.90%  8488 6636s
 21088 15452  886.40498   76  774  924.00000  869.47238  5.90%  8488 6663s
 21089 15452  915.36766  140  760  924.00000  869.51759  5.90%  8487 6665s
 21090 15453  876.47734   37  782  924.00000  869.51759  5.90%  8487 6693s
 21092 15454  869.57974   23  768  924.00000  869.57974  5.89%  8486 6729s
 21093 15455  886.84903   41  773  924.00000  869.65106  5.88%  8485 6730s
 21094 15456  869.65106   24  772  924.00000  869.65106  5.88%  8485 6765s
 21096 15457  910.98345  139  788  924.00000  869.65106  5.88%  8484 6795s
 21098 15458  919.72583  107  814  924.00000  869.65106  5.88%  8483 6823s
 21099 15459  897.56175   62  724  924.00000  869.65106  5.88%  8483 6825s
 21100 15460  910.18100   65  790  924.00000  869.65106  5.88%  8483 6853s
 21101 15460  878.96984   25  806  924.00000  869.65106  5.88%  8482 6855s
 21102 15461  873.01646   25  806  924.00000  869.65106  5.88%  8482 6887s
 21103 15462  875.91499   40  812  924.00000  869.65106  5.88%  8481 6892s
 21104 15462  915.50877  176  812  924.00000  869.65106  5.88%  8481 6918s
 21105 15463  915.10585  125  751  924.00000  869.65106  5.88%  8481 6947s
 21106 15464  869.65106   33  816  924.00000  869.65106  5.88%  8480 6982s
 21107 15464  876.02348   28  820  924.00000  869.65106  5.88%  8480 7014s
 21108 15465  871.65021   21  817  924.00000  869.65106  5.88%  8479 7056s
 21109 15466  911.50649  142  817  924.00000  869.65106  5.88%  8479 7077s
 21110 15469  869.65106   24  686  924.00000  869.65106  5.88%  8523 7083s
 21112 15473  869.65106   25  703  924.00000  869.65106  5.88%  8522 7088s
 21116 15475  870.49944   26  684  924.00000  869.65106  5.88%  8522 7095s
 21120 15476  870.76545   27  669  924.00000  869.65106  5.88%  8522 7102s
 21122 15480  871.69268   28  644  924.00000  869.65106  5.88%  8522 7114s
 21127 15487  872.53124   29  666  924.00000  869.65106  5.88%  8525 7122s
 21135 15488  876.63481   30  665  924.00000  869.65106  5.88%  8540 7130s
 21139 15503  877.81819   30  641  924.00000  869.65106  5.88%  8541 7138s
 21155 15502  876.94725   32  601  924.00000  869.65106  5.88%  8556 7142s
 21160 15505  878.15877   32  556  924.00000  869.65106  5.88%  8556 7147s
 21164 15507  877.18169   33  601  924.00000  869.65106  5.88%  8556 7151s
 21168 15510  883.60245   33  537  924.00000  869.65106  5.88%  8558 7157s
 21172 15516  877.82827   34  605  924.00000  869.65106  5.88%  8559 7162s
 21179 15522  878.76826   35  601  924.00000  869.65106  5.88%  8566 7168s
 21188 15528  886.37063   36  527  924.00000  869.65106  5.88%  8577 7172s
 21197 15532  879.31100   37  562  924.00000  869.65106  5.88%  8580 7177s
 21204 15541  880.86801   38  458  924.00000  869.65106  5.88%  8582 7182s
 21215 15547  881.24900   40  372  924.00000  869.65106  5.88%  8590 7187s
 21225 15548  882.23607   42  457  924.00000  869.65106  5.88%  8596 7193s
 21229 15551  883.08358   42  388  924.00000  869.65106  5.88%  8599 7198s
 21233 15554  883.86615   43  411  924.00000  869.65106  5.88%  8602 7203s
 21238 15559  888.39170   43  402  924.00000  869.65106  5.88%  8604 7207s
 21244 15564  883.98472   44  430  924.00000  869.65106  5.88%  8603 7212s
 21251 15567  890.19761   44  371  924.00000  869.65106  5.88%  8606 7220s
 21257 15575  884.10588   45  438  924.00000  869.65106  5.88%  8610 7226s
 21267 15579  894.23095   45  396  924.00000  869.65106  5.88%  8609 7231s
 21275 15588  884.21137   46  440  924.00000  869.65106  5.88%  8613 7239s
 21287 15595  885.76152   46  407  924.00000  869.65106  5.88%  8611 7244s
 21298 15601  884.27768   47  418  924.00000  869.65106  5.88%  8608 7248s
 21311 15605  885.55779   47  448  924.00000  869.65106  5.88%  8604 7253s
 21325 15608  884.31209   48  378  924.00000  869.65106  5.88%  8599 7259s
 21339 15612  889.49078   48  448  924.00000  869.65106  5.88%  8595 7265s
 21354 15608  884.31209   49  377  924.00000  869.65106  5.88%  8590 7270s
 21370 15616  898.01446   49  443  924.00000  869.65106  5.88%  8584 7276s
 21383 15628  890.50149   50  381  924.00000  869.65106  5.88%  8581 7282s
 21400 15633  884.96703   50  352  924.00000  869.65106  5.88%  8575 7290s
 21418 15637  885.11779   51  360  924.00000  869.65106  5.88%  8569 7296s
 21437 15644  893.76919   51  398  924.00000  869.65106  5.88%  8563 7303s
 21457 15648  886.76540   52  393  924.00000  869.65106  5.88%  8556 7309s
 21478 15648  889.24140   52  421  924.00000  869.65106  5.88%  8549 7316s
 21500 15640  887.37402   53  375  924.00000  869.65106  5.88%  8540 7328s
 21518 15638  892.32876   53  426  924.00000  870.06656  5.84%  8535 7337s
 21522 15642  887.90570   54  429  924.00000  870.06656  5.84%  8535 7345s
 21527 15654  891.18911   54  454  924.00000  870.06656  5.84%  8534 7354s
 21553 15654  887.93141   55  398  924.00000  870.06656  5.84%  8526 7362s
 21581 15650  888.72069   55  405  924.00000  870.06656  5.84%  8516 7370s
 21608 15649  888.94210   56  389  924.00000  870.06656  5.84%  8507 7383s
 21626 15656  895.70267   57  299  924.00000  870.11980  5.83%  8503 7394s
 21639 15659  897.63431   62  288  924.00000  870.11980  5.83%  8500 7405s
 21646 15681  898.08397   63  256  924.00000  870.11980  5.83%  8500 7415s
 21672 15692  914.29326   72   86  924.00000  870.11980  5.83%  8494 7424s
 21709 15702  910.29326   87  115  924.00000  870.11980  5.83%  8482 7433s
 21747 15698     cutoff  104       924.00000  870.17030  5.83%  8470 7447s
 21777 15706  874.18736   27  669  924.00000  870.17030  5.83%  8462 7460s
 21795 15725  875.35925   29  588  924.00000  870.17030  5.83%  8461 7475s
 21820 15747  875.95364   29  566  924.00000  870.17030  5.83%  8457 7489s
 21850 15785  875.71653   31  537  924.00000  870.17030  5.83%  8452 7503s
 21904 15808  875.98103   32  529  924.00000  870.17030  5.83%  8438 7517s
 21969 15833  878.15032   34  545  924.00000  870.17030  5.83%  8419 7532s
 22063 15825  877.31567   34  541  924.00000  870.17030  5.83%  8388 7546s
 22138 15821  879.09809   37  546  924.00000  870.50718  5.79%  8364 7563s
 22205 15821  882.74388   37  466  924.00000  871.00278  5.74%  8344 7579s
 22228 15837  881.24825   42  484  924.00000  871.00278  5.74%  8341 7596s
 22252 15854  881.55526   44  470  924.00000  871.00278  5.74%  8338 7612s
 22283 15880  886.33375   48  395  924.00000  871.00278  5.74%  8334 7629s
 22329 15904  884.15885   53  448  924.00000  871.00278  5.74%  8324 7646s
 22398 15907  886.34927   55  442  924.00000  871.00278  5.74%  8306 7663s
 22479 15903  888.20335   60  326  924.00000  871.00278  5.74%  8282 7726s
 22532 15910  889.07819   64  270  924.00000  871.01787  5.73%  8269 7754s
 22557 15949  890.08567   68  290  924.00000  871.01787  5.73%  8266 7776s
 22604 15995  899.54478   73  222  924.00000  871.01787  5.73%  8257 7797s
 22669 16064  901.60218   82  206  924.00000  871.01787  5.73%  8241 7822s
 22807 16092  912.84480  147  237  924.00000  871.01787  5.73%  8201 7848s
 22958 16066  878.32694   30  497  924.00000  871.01787  5.73%  8154 7872s
 23039 16066  880.49941   36  452  924.00000  871.06076  5.73%  8132 7896s
 23066 16088  883.47263   42  316  924.00000  871.06076  5.73%  8131 7921s
 23097 16122  888.74322   43  436  924.00000  871.06076  5.73%  8129 7948s
 23141 16166  887.77726   52  363  924.00000  871.06076  5.73%  8124 7975s
 23201 16310  894.04943   71  350  924.00000  871.06076  5.73%  8113 8003s
 23369 16484  903.46628  107  301  924.00000  871.06076  5.73%  8069 8034s
 23706 16387  873.93550   32  540  924.00000  871.06076  5.73%  7967 8063s
 23738 16407  879.30472   34  424  924.00000  871.06076  5.73%  7964 8091s
 23769 16479  883.09307   39  379  924.00000  871.06076  5.73%  7964 8123s
 23865 16507  891.97254   57  337  924.00000  872.02067  5.63%  7945 8157s
 23961 16524  873.04700   29  571  924.00000  872.02067  5.63%  7926 8188s
 24010 16561  877.90864   33  544  924.00000  872.02067  5.63%  7921 8222s
 24082 16574  881.90278   41  512  924.00000  872.26886  5.60%  7910 8257s
 24119 16637  885.95791   51  319  924.00000  872.26886  5.60%  7909 8293s
 24195 16843  902.24020   71   96  924.00000  872.26886  5.60%  7897 8331s
 24486 16798  881.14564   31  515  924.00000  872.26886  5.60%  7820 8371s
 24550 16854  889.95772   43  431  924.00000  872.53529  5.57%  7813 8409s
 24636 16906  909.71847   70  348  924.00000  872.53529  5.57%  7800 8452s
 24735 16968  887.23449   41  347  924.00000  872.55103  5.57%  7785 8501s
 24867 16955  873.47822   35  618  924.00000  872.55103  5.57%  7761 8548s
 24898 17061  874.43291   38  596  924.00000  872.55103  5.57%  7761 8596s
 25058 17072  883.34004   42  569  924.00000  872.55103  5.57%  7731 8642s
 25123 17134  887.19791   52  577  924.00000  872.55103  5.57%  7726 8690s
 25229 17215  890.96585   64  575  924.00000  872.55103  5.57%  7710 8741s
*25308 15898              74     913.0000000  872.55103  4.43%  7700 8741s
*25315 14943              77     910.0000000  872.55103  4.12%  7698 8741s
H25376 14211                     907.0000000  872.55103  3.80%  7686 8797s
 25629 14225  885.00293   34  491  907.00000  872.73927  3.78%  7632 8857s
 25819 14267  876.71454   38  563  907.00000  872.79096  3.77%  7597 8914s
 25957 14375  874.07247   38  633  907.00000  872.83371  3.77%  7577 8970s
 26159 14466  887.67742   64  521  907.00000  872.85389  3.76%  7541 9031s
H26184 13706                     906.0000000  872.85389  3.66%  7536 9031s
 26349 13925  892.62526   59  468  906.00000  872.94107  3.65%  7512 9098s
 26753 14052  879.46134   38  567  906.00000  873.01705  3.64%  7427 9165s
 27085 14196  893.97528   72  494  906.00000  873.17458  3.62%  7367 9235s
 27450 14333  879.78755   48  514  906.00000  873.26690  3.61%  7294 9313s
H27533 12483                     896.0000000  873.26690  2.54%  7278 9313s
 27808 12713  881.35890   39  469  896.00000  873.48353  2.51%  7227 9392s
 28507 12481  893.30351   47  514  896.00000  873.73938  2.48%  7085 9408s
H28508 11857                     893.0000000  873.73938  2.16%  7084 9416s
 28510 11858  886.77739   67  581  893.00000  873.73938  2.16%  7084 9427s
 28511 11859  893.00000   60  567  893.00000  873.73938  2.16%  7084 9433s
H28511 11266                     892.0000000  873.73938  2.05%  7084 9438s
 28513 11267  892.00000   43  596  892.00000  873.73938  2.05%  7083 9443s
 28514 11268  889.98169   78  580  892.00000  873.73938  2.05%  7083 9446s
 28515 11268  892.00000   79  605  892.00000  873.73938  2.05%  7083 9450s
 28518 11270  886.21329   79  655  892.00000  873.73938  2.05%  7082 9456s
 28520 11272  880.63509   37  630  892.00000  873.73938  2.05%  7081 9462s
 28522 11273  890.93478   55  650  892.00000  873.73938  2.05%  7081 9465s
 28525 11275  892.00000   59  716  892.00000  873.73938  2.05%  7080 9470s
 28529 11278  881.14301   41  722  892.00000  873.73938  2.05%  7079 9475s
 28530 11278  883.80338   31  729  892.00000  873.73938  2.05%  7079 9492s
 28532 11280  874.30495   33  742  892.00000  873.73938  2.05%  7078 9508s
 28534 11281  885.12973   57  785  892.00000  873.73938  2.05%  7078 9526s
 28535 11282  891.74521   65  707  892.00000  873.73938  2.05%  7078 9532s
 28536 11282  886.90576   68  669  892.00000  873.73938  2.05%  7077 9547s
 28537 11283  887.06080   58  662  892.00000  873.73938  2.05%  7077 9564s
 28538 11284  877.42574   49  650  892.00000  873.73938  2.05%  7077 9576s
 28539 11284  892.00000  103  665  892.00000  873.73938  2.05%  7077 9581s
 28540 11285  892.00000   68  721  892.00000  873.73938  2.05%  7076 9596s
 28542 11286  885.29702   44  672  892.00000  873.73938  2.05%  7076 9611s
 28544 11288  887.13995   69  819  892.00000  873.73938  2.05%  7075 9630s
 28546 11289  881.35191   43  773  892.00000  873.73938  2.05%  7075 9642s
 28547 11290  885.49399   58  743  892.00000  873.73938  2.05%  7075 9646s
 28548 11290  887.01510   60  674  892.00000  873.73938  2.05%  7074 9663s
 28549 11291  887.79993   55  764  892.00000  873.73938  2.05%  7074 9665s
 28550 11292  889.96000  109  710  892.00000  873.73938  2.05%  7074 9681s
 28552 11293  880.88524   44  706  892.00000  873.73938  2.05%  7073 9696s
 28554 11294  883.97589   53  711  892.00000  873.73938  2.05%  7073 9711s
 28556 11296  889.65796   77  734  892.00000  873.73938  2.05%  7072 9728s
 28558 11297  889.12097   75  728  892.00000  873.73938  2.05%  7072 9740s
 28560 11298  877.32660   35  708  892.00000  873.73938  2.05%  7071 9757s
 28562 11300  881.33258   42  717  892.00000  873.73938  2.05%  7071 9770s
 28564 11301  883.11560   47  667  892.00000  873.73938  2.05%  7071 9782s
 28566 11302  892.00000   68  751  892.00000  873.73938  2.05%  7070 9798s
 28567 11303  887.30095   53  758  892.00000  873.73938  2.05%  7070 9800s
 28568 11304  884.79623   60  759  892.00000  873.73938  2.05%  7070 9815s
 28570 11305  885.12722   49  750  892.00000  873.73938  2.05%  7069 9829s
 28571 11306  892.00000   65  754  892.00000  873.73938  2.05%  7069 9830s
 28572 11306  882.53408   34  755  892.00000  873.73938  2.05%  7069 9840s
 28574 11308  879.72353   40  752  892.00000  873.73938  2.05%  7068 9854s
 28575 11308  879.12667   41  678  892.00000  873.73938  2.05%  7068 9865s
 28576 11309  875.34300   36  739  892.00000  873.73938  2.05%  7068 9879s
 28577 11310  880.56338   51  729  892.00000  873.73938  2.05%  7067 9893s
 28578 11310  892.00000   67  711  892.00000  873.73938  2.05%  7067 9905s
 28580 11312  887.10960   54  718  892.00000  873.73938  2.05%  7067 9919s
 28582 11313  882.62645   57  726  892.00000  873.73938  2.05%  7066 9934s
 28583 11314  891.06143   86  727  892.00000  873.73938  2.05%  7066 9935s
 28584 11314  881.26167   38  728  892.00000  873.73938  2.05%  7066 9950s
 28585 11315  888.16850   48  728  892.00000  873.73938  2.05%  7065 9980s
 28586 11316  889.93312   49  676  892.00000  873.73938  2.05%  7065 10006s
 28587 11316  892.00000   49  676  892.00000  873.73938  2.05%  7065 10020s
 28590 11319  888.77436   51  517  892.00000  873.73938  2.05%  7077 10028s
 28591 11320  889.02949   89  563  892.00000  873.73938  2.05%  7077 10039s
 28592 11321  876.49236   45  556  892.00000  873.73938  2.05%  7077 10042s
 28593 11321  881.41525   51  531  892.00000  873.73938  2.05%  7077 10045s
 28595 11323  883.26320   70  605  892.00000  873.73938  2.05%  7076 10052s
 28597 11324  889.92091   52  621  892.00000  873.73938  2.05%  7076 10057s
 28599 11325  874.82393   34  611  892.00000  873.73938  2.05%  7075 10061s
 28602 11327  879.82710   46  600  892.00000  873.73938  2.05%  7074 10065s
 28605 11329  888.95090   87  681  892.00000  873.73938  2.05%  7074 10070s
 28606 11330  883.62602   51  705  892.00000  873.73938  2.05%  7073 10081s
 28608 11331  890.50596   81  732  892.00000  873.73938  2.05%  7073 10098s
 28610 11333  886.77739   67  698  892.00000  873.73938  2.05%  7072 10117s
 28611 11333  892.00000   60  702  892.00000  873.73938  2.05%  7072 10122s
 28612 11334  887.48295   46  704  892.00000  873.73938  2.05%  7072 10140s
 28613 11335  892.00000   43  682  892.00000  873.73938  2.05%  7072 10166s
 28614 11335  889.98169   78  747  892.00000  873.73938  2.05%  7072 10181s
 28615 11336  892.00000   79  684  892.00000  873.73938  2.05%  7071 10185s
 28616 11337  887.93838   56  716  892.00000  873.73938  2.05%  7071 10197s
 28618 11338  886.21329   79  747  892.00000  873.73938  2.05%  7071 10207s
 28619 11339  882.29541   59  724  892.00000  873.73938  2.05%  7070 10217s
 28620 11339  880.63509   37  731  892.00000  873.73938  2.05%  7070 10230s
 28622 11341  890.93478   55  730  892.00000  873.73938  2.05%  7070 10240s
 28624 11342  881.55526   45  725  892.00000  873.73938  2.05%  7069 10254s
 28626 11343  891.76296   56  792  892.00000  873.73938  2.05%  7069 10267s
 28628 11345  886.47762   64  807  892.00000  873.73938  2.05%  7068 10278s
 28630 11346  883.80338   31  807  892.00000  873.73938  2.05%  7068 10290s
 28631 11347  875.44221   36  720  892.00000  873.73938  2.05%  7067 10301s
 28632 11347  874.30495   33  815  892.00000  873.73938  2.05%  7067 10310s
 28633 11348  880.90019   57  813  892.00000  873.73938  2.05%  7067 10326s
 28635 11349  891.74521   65  748  892.00000  873.73938  2.05%  7066 10339s
 28636 11350  886.90576   68  770  892.00000  873.73938  2.05%  7066 10342s
 28637 11351  887.06080   58  784  892.00000  873.73938  2.05%  7066 10357s
 28639 11352  892.00000  103  800  892.00000  873.73938  2.05%  7065 10368s
 28640 11353  892.00000   68  801  892.00000  873.73938  2.05%  7065 10374s
 28641 11353  886.60614   52  794  892.00000  873.73938  2.05%  7065 10385s
 28643 11355  887.99133   60  782  892.00000  873.73938  2.05%  7064 10396s
 28645 11356  881.43853   41  797  892.00000  873.73938  2.05%  7064 10408s
 28647 11357  885.49399   58  809  892.00000  873.73938  2.05%  7063 10417s
 28649 11359  887.79993   55  820  892.00000  873.73938  2.05%  7063 10431s
 28650 11359  889.96000  109  764  892.00000  873.73938  2.05%  7063 10442s
 28651 11360  882.19831   39  850  892.00000  873.73938  2.05%  7062 10451s
 28652 11361  880.88524   44  823  892.00000  873.73938  2.05%  7062 10465s
 28653 11361  892.00000   56  820  892.00000  873.73938  2.05%  7062 10476s
 28654 11362  883.97589   53  816  892.00000  873.73938  2.05%  7062 10488s
 28655 11363  889.87632   78  816  892.00000  873.73938  2.05%  7061 10501s
 28656 11363  889.65796   77  816  892.00000  873.73938  2.05%  7061 10513s
 28657 11367  873.73938   49  696  892.00000  873.73938  2.05%  7072 10516s
 28659 11370  873.73938   50  708  892.00000  873.73938  2.05%  7072 10522s
 28667 11383  873.73938   52  716  892.00000  873.73938  2.05%  7072 10527s
 28684 11390  873.73938   54  693  892.00000  873.73938  2.05%  7077 10531s
 28699 11402  873.73938   56  709  892.00000  873.73938  2.05%  7075 10537s
 28715 11412  873.73938   57  600  892.00000  873.73938  2.05%  7074 10541s
 28738 11429  875.15870   59  461  892.00000  873.73938  2.05%  7071 10546s
 28766 11446  876.74505   62  484  892.00000  873.73938  2.05%  7066 10551s
 28798 11465  878.56296   66  386  892.00000  873.73938  2.05%  7061 10555s
 28857 11506  881.56058   75  438  892.00000  873.73938  2.05%  7051 10560s
 28995 11512  887.85740   92  376  892.00000  873.73938  2.05%  7022 10567s
 29053 11496  873.73938   58  654  892.00000  873.73938  2.05%  7009 10571s
 29081 11505  873.73938   59  603  892.00000  873.73938  2.05%  7004 10576s
 29138 11515  874.80831   63  522  892.00000  873.73938  2.05%  6994 10583s
 29166 11528  876.91533   66  468  892.00000  873.73938  2.05%  6989 10587s
 29178 11536  878.07660   68  426  892.00000  873.73938  2.05%  6988 10590s
 29229 11572  883.66872   76  338  892.00000  873.73938  2.05%  6980 10596s
 29284 11571  883.66098   62  451  892.00000  873.73938  2.05%  6969 10600s
 29373 11572  877.29392   60  469  892.00000  873.73938  2.05%  6951 10605s
 29409 11600  878.67969   67  437  892.00000  873.73938  2.05%  6945 10610s
 29472 11652  884.48040   78  232  892.00000  873.73938  2.05%  6934 10616s
 29598 11676  875.67730   56  442  892.00000  873.73938  2.05%  6908 10623s
 29635 11689  877.49429   64  398  892.00000  873.73938  2.05%  6901 10626s
 29683 11702  878.46366   66  412  892.00000  873.73938  2.05%  6892 10630s
 29773 11736  887.07272   87  276  892.00000  873.73938  2.05%  6877 10638s
 29817 11762  873.73938   54  544  892.00000  873.73938  2.05%  6869 10643s
 29869 11764  875.56563   58  485  892.00000  873.73938  2.05%  6859 10648s
 29923 11777  876.77753   62  528  892.00000  873.73938  2.05%  6850 10653s
 29966 11796  888.82506   69  511  892.00000  873.73938  2.05%  6843 10657s
 30005 11818  876.24201   65  656  892.00000  873.73938  2.05%  6836 10663s
 30085 11828  882.15658   70  543  892.00000  873.73938  2.05%  6821 10668s
 30145 11833  878.58847   67  605  892.00000  873.73938  2.05%  6811 10673s
 30183 11853  881.38600   77  558  892.00000  873.73938  2.05%  6805 10679s
 30258 11875  873.73938   67  673  892.00000  873.73938  2.05%  6791 10684s
 30305 11894  875.11171   71  627  892.00000  873.73938  2.05%  6783 10689s
 30373 11906  877.30916   78  608  892.00000  873.73938  2.05%  6771 10695s
 30410 11936  878.14865   84  587  892.00000  873.73938  2.05%  6765 10701s
 30479 11926  880.56293   91  598  892.00000  873.73938  2.05%  6754 10709s
 30495 11923  882.40190   95  522  892.00000  873.73938  2.05%  6751 10716s
 30500 11962  882.65966   96  554  892.00000  873.73938  2.05%  6750 10725s
 30564 11972  874.64491   53  601  892.00000  873.73938  2.05%  6739 10730s
 30608 12005  878.27053   62  508  892.00000  873.73938  2.05%  6732 10737s
 30658 12045  888.31135   75  523  892.00000  873.73938  2.05%  6725 10745s
 30757 12057  879.44341   66  549  892.00000  873.73938  2.05%  6707 10752s
 30805 12085  886.50135   90  497  892.00000  873.73938  2.05%  6701 10762s
 30876 12122  879.74686   55  290  892.00000  873.73938  2.05%  6690 10770s
 30973 12154  873.98563   56  562  892.00000  873.73938  2.05%  6674 10779s
 31087 12168  876.68104   69  493  892.00000  873.73938  2.05%  6654 10788s
 31156 12208  880.26372   80  476  892.00000  873.73938  2.05%  6644 10800s
 31310 12212  876.00683   61  585  892.00000  873.73938  2.05%  6617 10813s
 31400 12283  876.27602   57  605  892.00000  873.77750  2.04%  6604 10831s
 31575 12277  877.60290   63  592  892.00000  873.78674  2.04%  6575 10843s
 31654 12351  883.13759   80  504  892.00000  873.82658  2.04%  6565 10857s
 31806 12380  876.84210   66  519  892.00000  873.84463  2.04%  6541 10872s
 31992 12418  876.27451   73  433  892.00000  874.06911  2.01%  6510 10885s
 32147 12439  884.64250   59  258  892.00000  874.16100  2.00%  6486 10899s
 32281 12552  878.92897   77  535  892.00000  874.21163  1.99%  6465 10913s
 32545 12583  882.40346   72  495  892.00000  874.22139  1.99%  6421 10927s
 32797 12580  877.53282   72  665  892.00000  874.30966  1.98%  6380 10941s
 32919 12662  881.95073   93  456  892.00000  874.32548  1.98%  6362 10956s
 33201 12571  881.81838   68  600  892.00000  874.45731  1.97%  6317 10969s
 33205 12574  881.81838   69  606  892.00000  874.45731  1.97%  6316 10982s
 33209 12611  882.86741   70  592  892.00000  874.45731  1.97%  6316 10997s
 33293 12652  877.95803   64  610  892.00000  874.53176  1.96%  6303 11012s
 33467 12739  881.11041   61  485  892.00000  874.61561  1.95%  6278 11028s
 33743 12781  877.36536   60  586  892.00000  874.68856  1.94%  6236 11044s
 33950 12864  889.30720  107  430  892.00000  874.72170  1.94%  6207 11062s
 34301 12891  885.63920   72  381  892.00000  874.84582  1.92%  6152 11079s
 34521 12955  887.68000   91  451  892.00000  874.91604  1.92%  6122 11098s
 34841 13047  887.21336   70  579  892.00000  874.97896  1.91%  6076 11116s
 35200 13108  882.18295   65  531  892.00000  875.12961  1.89%  6024 11134s
 35627 13143  877.34837   72  579  892.00000  875.16591  1.89%  5963 11154s
 35937 13202  885.78051  107  463  892.00000  875.16591  1.89%  5921 11175s
 36355 13178  880.91314   67  415  892.00000  875.31598  1.87%  5864 11196s
 36617 13291  879.51290   76  512  892.00000  875.36386  1.87%  5829 11218s
 36985 13416  884.30914   98  418  892.00000  875.38181  1.86%  5783 11240s
 37554 13484  882.14007   71  552  892.00000  875.50177  1.85%  5707 11264s
 38079 13552     cutoff   67       892.00000  875.60117  1.84%  5642 11289s
 38563 13704  885.80536   68  474  892.00000  875.62230  1.84%  5584 11314s
 39162 13856  879.39614   59  439  892.00000  875.73257  1.82%  5512 11338s
 39762 13955  888.27196   89  506  892.00000  875.81470  1.81%  5441 11361s
 40302 14167  878.61080   59  378  892.00000  875.87348  1.81%  5382 11384s
 40904 14254  885.92606   60  464  892.00000  875.95024  1.80%  5315 11406s
 41429 14245  879.25753   85  575  892.00000  875.96708  1.80%  5260 11430s
 41804 14385  881.06738   69  579  892.00000  876.01584  1.79%  5223 11458s
 42266 14525  882.64410   66  514  892.00000  876.06783  1.79%  5178 11484s
 42803 14599  877.70655   61  568  892.00000  876.15241  1.78%  5125 11504s
 43233 14701  881.34764   77  437  892.00000  876.16221  1.78%  5085 11524s
 43788 14813  878.11268   78  546  892.00000  876.21787  1.77%  5033 11543s
 44355 14921  885.81083   72  432  892.00000  876.27800  1.76%  4979 11560s
 44857 15006  886.23121   63  480  892.00000  876.32208  1.76%  4933 11577s
 45334 15107     cutoff   76       892.00000  876.36800  1.75%  4891 11593s
 45874 15185  881.30002   71  504  892.00000  876.43025  1.75%  4843 11609s
 46334 15265  881.99836   73  457  892.00000  876.46865  1.74%  4804 11625s
 46748 15412  878.07403   65  464  892.00000  876.50987  1.74%  4771 11641s
 47179 15363  879.22010   86  536  892.00000  876.52854  1.73%  4735 11659s
 47379 15595  886.53005  101  458  892.00000  876.54057  1.73%  4719 11675s
 47859 15711  887.45365   82  362  892.00000  876.61146  1.73%  4680 11690s
 48470 15742  884.25732   66  443  892.00000  876.66073  1.72%  4630 11706s
 48844 15903  886.54440   65  485  892.00000  876.69255  1.72%  4603 11722s
 49300 16038  884.26905   94  500  892.00000  876.74510  1.71%  4569 11737s
 49812 16140  881.61160   68  418  892.00000  876.78293  1.71%  4530 11752s
 50213 16231  886.16771   79  345  892.00000  876.80931  1.70%  4502 11767s
 50616 16340  882.29195   70  489  892.00000  876.83553  1.70%  4474 11782s
 51138 16477  881.69520   63  492  892.00000  876.84210  1.70%  4435 11797s
 51669 16561  881.58174   67  467  892.00000  876.87515  1.70%  4397 11812s
 52173 16774  881.67135   70  413  892.00000  876.93022  1.69%  4363 11835s
 52873 16729  879.66061   56  547  892.00000  876.96406  1.69%  4316 11848s
 53198 16829  888.08738   74  248  892.00000  876.98825  1.68%  4296 11862s
 53543 16939  889.17807   75  292  892.00000  877.00441  1.68%  4275 11876s
 53978 16984  879.70265   70  647  892.00000  877.06746  1.67%  4248 11891s
 54331 17135  888.06755  106  424  892.00000  877.06746  1.67%  4226 11905s
 54765 17269  886.82948  100  535  892.00000  877.13506  1.67%  4200 11920s
 55212 17400  884.55937   80  409  892.00000  877.16912  1.66%  4173 11934s
 55671 17546  880.88882   74  417  892.00000  877.19600  1.66%  4146 11948s
 56171 17569  886.83232   62  391  892.00000  877.22287  1.66%  4116 11961s
 56547 17700  881.25499   72  488  892.00000  877.24875  1.65%  4094 11975s
 56932 17839  882.85526   79  437  892.00000  877.28901  1.65%  4073 11990s
 57366 17847  880.37458   82  630  892.00000  877.30432  1.65%  4049 12004s
 57711 18031  880.38903   78  450  892.00000  877.35029  1.64%  4030 12019s
 58138 18149  881.68319   62  560  892.00000  877.37183  1.64%  4007 12033s
 58615 18194  883.96611   65  461  892.00000  877.39318  1.64%  3982 12047s
 58980 18254  879.65001   71  483  892.00000  877.42437  1.63%  3963 12063s
 59270 18388  881.41369   76  435  892.00000  877.44124  1.63%  3948 12077s
 59666 18488  881.24187   76  636  892.00000  877.47045  1.63%  3928 12091s
 60013 18665  880.33903   65  560  892.00000  877.50142  1.63%  3912 12106s
 60478 18731  890.19127   73  421  892.00000  877.51776  1.62%  3888 12121s
 60872 18905  880.51616   73  531  892.00000  877.55360  1.62%  3869 12134s
 61355 18966  888.46256   72  490  892.00000  877.58029  1.62%  3845 12148s
 61776 19115  885.92242   74  335  892.00000  877.58029  1.62%  3825 12163s
 62284 19137  884.62471   92  424  892.00000  877.62747  1.61%  3800 12178s
 62660 19418  885.77931   83  314  892.00000  877.65713  1.61%  3783 12200s
 63306 19534  884.06181   75  367  892.00000  877.69927  1.60%  3753 12213s
 63605 19775  882.20332   74  595  892.00000  877.72710  1.60%  3740 12228s
 64076 20072  883.66468   84  527  892.00000  877.73405  1.60%  3719 12240s
 64536 20302  886.58804   92  420  892.00000  877.74774  1.60%  3698 12254s
 65005 20579  881.71425   72  391  892.00000  877.78766  1.59%  3677 12267s
 65525 20804  878.84126   79  562  892.00000  877.80711  1.59%  3654 12280s
 65933 20966  886.71617   80  375  892.00000  877.82635  1.59%  3636 12292s
 66268 21189  883.70571   81  349  892.00000  877.86327  1.58%  3624 12305s
 66740 21421  879.28338   73  552  892.00000  877.88341  1.58%  3604 12317s
 67039 21638  882.34372   74  435  892.00000  877.90332  1.58%  3592 12330s
 67461 21907  887.51558   79  455  892.00000  877.91725  1.58%  3575 12344s
 67958 22153  888.22371   69  423  892.00000  877.95900  1.57%  3554 12357s
 68349 22341  886.89353   97  422  892.00000  877.96810  1.57%  3538 12370s
 68697 22570  885.44082   96  487  892.00000  877.98616  1.57%  3525 12382s
 69070 22788  880.33005   79  573  892.00000  877.99690  1.57%  3511 12395s
 69387 23050  883.03955   90  538  892.00000  878.01246  1.57%  3499 12408s
 69881 23297  890.30863   65  332  892.00000  878.03578  1.57%  3480 12421s
 70322 23507  880.68211   80  479  892.00000  878.05465  1.56%  3463 12434s
 70759 23654  888.91582   66  446  892.00000  878.06799  1.56%  3447 12448s
 71000 23802  882.00947   72  420  892.00000  878.07703  1.56%  3438 12461s
 71252 23978  888.83841   67  563  892.00000  878.09274  1.56%  3429 12474s
 71588 24233  883.41368   74  464  892.00000  878.09915  1.56%  3418 12486s
 72018 24489  883.74495   95  442  892.00000  878.11749  1.56%  3402 12500s
 72510 24704  880.04332   81  543  892.00000  878.13659  1.55%  3384 12512s
 72933 25017  880.30813   77  343  892.00000  878.15804  1.55%  3370 12531s
 73532 25252  880.15523   71  567  892.00000  878.19371  1.55%  3349 12543s
 73931 25478     cutoff   77       892.00000  878.20177  1.55%  3336 12554s
 74327 25691  884.22796   80  402  892.00000  878.24163  1.54%  3323 12568s
 74710 25915  879.81452   64  425  892.00000  878.25302  1.54%  3310 12581s
 75166 26125  878.62254   66  580  892.00000  878.28001  1.54%  3295 12593s
 75500 26331  886.26066   84  431  892.00000  878.28613  1.54%  3286 12606s
 75935 26587  880.55092   67  529  892.00000  878.30147  1.54%  3271 12619s
 76473 26898  888.96267   74  431  892.00000  878.32268  1.53%  3253 12632s
 77067 27111  884.25444   67  472  892.00000  878.35056  1.53%  3233 12643s
 77443 27372  886.32846   85  420  892.00000  878.37282  1.53%  3221 12656s
 77830 27548  880.73290   76  553  892.00000  878.38061  1.53%  3209 12668s
 78166 27775  883.75794   86  437  892.00000  878.38631  1.53%  3200 12680s
 78655 27969  880.61786   73  385  892.00000  878.40976  1.52%  3184 12692s
 79057 28211  879.96703   69  534  892.00000  878.42482  1.52%  3172 12703s
 79405 28479  889.41823  114  495  892.00000  878.43450  1.52%  3163 12715s
 79975 28626  888.37200   71  407  892.00000  878.45667  1.52%  3145 12727s
 80399 28819  885.33358   68  522  892.00000  878.47607  1.52%  3132 12740s
 80779 29042  882.92044   70  463  892.00000  878.49018  1.51%  3121 12751s
 81183 29229  885.25372  111  440  892.00000  878.50276  1.51%  3110 12763s
 81638 29474  884.94560   73  412  892.00000  878.52418  1.51%  3097 12775s
 82081 29688  883.57628   89  387  892.00000  878.54295  1.51%  3085 12787s
 82453 29880     cutoff   88       892.00000  878.56698  1.51%  3075 12799s
 82866 30068  889.94526   75  405  892.00000  878.58235  1.50%  3064 12811s
 83239 30356  889.76081   85  278  892.00000  878.60346  1.50%  3054 12829s
 83816 30670  887.44767   84  410  892.00000  878.63120  1.50%  3039 12841s
 84380 30871  887.77361   76  313  892.00000  878.64569  1.50%  3023 12853s
 84769 31069     cutoff   80       892.00000  878.65937  1.50%  3013 12864s
 85138 31367  881.06022   82  344  892.00000  878.68129  1.49%  3003 12875s
 85644 31535  889.75838   65  530  892.00000  878.69165  1.49%  2989 12885s
 85965 31696     cutoff   79       892.00000  878.70339  1.49%  2981 12896s
 86394 31878     cutoff   85       892.00000  878.70961  1.49%  2970 12907s
 86795 32136  884.11982   57  403  892.00000  878.72924  1.49%  2960 12918s
 87223 32419  882.17170   75  391  892.00000  878.73817  1.49%  2949 12929s
 87628 32663  881.15269   56  595  892.00000  878.75950  1.48%  2939 12939s
 88030 32909  880.93626   68  630  892.00000  878.76628  1.48%  2929 12950s
 88512 33091  881.79410   88  514  892.00000  878.77050  1.48%  2917 12961s
 88916 33311  881.04393   78  336  892.00000  878.79200  1.48%  2907 12971s
 89327 33573  884.10820   74  592  892.00000  878.80047  1.48%  2897 12983s
 89785 33754  883.59094   67  382  892.00000  878.82420  1.48%  2886 12993s
 90186 33957  889.71142   70  384  892.00000  878.83642  1.48%  2877 13004s
 90532 34147  887.23801   71  310  892.00000  878.85275  1.47%  2869 13014s
 90898 34332  882.70904   76  481  892.00000  878.87276  1.47%  2861 13025s
 91258 34492  888.02525  106  492  892.00000  878.87862  1.47%  2853 13035s
 91644 34670  882.71344   86  543  892.00000  878.89355  1.47%  2844 13045s
 91967 34910  888.73919   90  428  892.00000  878.90670  1.47%  2837 13056s
 92372 35039  883.35389   65  300  892.00000  878.92883  1.47%  2829 13067s
 92567 35225  885.02615   89  538  892.00000  878.93713  1.46%  2824 13078s
 92921 35428  889.81233   95  385  892.00000  878.95556  1.46%  2817 13091s
 93351 35587  883.63589   67  372  892.00000  878.97455  1.46%  2807 13103s
 93675 35958  883.63118   76  370  892.00000  878.98060  1.46%  2800 13120s
 94248 36162  885.85928   84  438  892.00000  878.99645  1.46%  2787 13131s
 94620 36423  886.22901   87  585  892.00000  879.01514  1.46%  2780 13143s
 95119 36663  882.23902   76  518  892.00000  879.02804  1.45%  2769 13154s
 95590 36912  884.43302   71  604  892.00000  879.04009  1.45%  2759 13165s
 96170 37207  882.10264   87  493  892.00000  879.04338  1.45%  2746 13176s
 96697 37376  889.78173   99  491  892.00000  879.05429  1.45%  2733 13187s
 97007 37600  886.38633   72  451  892.00000  879.06912  1.45%  2728 13198s
 97402 37796  884.94738   73  509  892.00000  879.07855  1.45%  2720 13208s
 97802 37983  881.48727   86  533  892.00000  879.08498  1.45%  2712 13218s
 98130 38158  890.20709   68  504  892.00000  879.10649  1.45%  2706 13229s
 98579 38325  882.94567   69  565  892.00000  879.12179  1.44%  2697 13240s
 98886 38463  881.73157   73  531  892.00000  879.13794  1.44%  2691 13250s
 99190 38674  883.22408   72  511  892.00000  879.15000  1.44%  2686 13261s
 99565 38906     cutoff   68       892.00000  879.16605  1.44%  2679 13272s
 99946 39104  884.89337   74  474  892.00000  879.17340  1.44%  2672 13283s
 100283 39304  888.89064   89  332  892.00000  879.18503  1.44%  2666 13294s
 100759 39563  885.84605   73  421  892.00000  879.20618  1.43%  2657 13305s
 101172 39796  884.17933   93  343  892.00000  879.21532  1.43%  2649 13316s
 101660 39970  890.79647   70  313  892.00000  879.22459  1.43%  2639 13327s
 102043 40145  885.00502   92  502  892.00000  879.25034  1.43%  2632 13338s
 102415 40425  883.34538   75  571  892.00000  879.25928  1.43%  2625 13349s
 102857 40639  884.72151   81  436  892.00000  879.26839  1.43%  2617 13360s
 103238 40874  886.80082   91  498  892.00000  879.28514  1.43%  2610 13370s
 103677 41094  884.29407   83  400  892.00000  879.29975  1.42%  2603 13381s
 104122 41414  884.45617   72  482  892.00000  879.31349  1.42%  2595 13396s
 104742 41602  885.10148   71  459  892.00000  879.33528  1.42%  2584 13407s
 105078 41815  884.66300   74  447  892.00000  879.34810  1.42%  2578 13419s
 105469 42056  885.11778   72  572  892.00000  879.35675  1.42%  2571 13431s
 105929 42331  882.48546   75  322  892.00000  879.37163  1.42%  2563 13443s
 106333 42608  882.18184   81  457  892.00000  879.38537  1.41%  2556 13454s
 106707 42608  883.37239   81  498  892.00000  879.39375  1.41%  2550 13455s
 106829 42779  882.00951   82  488  892.00000  879.39375  1.41%  2548 13465s
 107242 42992  881.33277   73  498  892.00000  879.40463  1.41%  2541 13476s
 107647 43266  881.14660   87  589  892.00000  879.43235  1.41%  2534 13486s
 108157 43496  883.43777   85  342  892.00000  879.43734  1.41%  2526 13498s
 108557 43682  888.21112   82  336  892.00000  879.44986  1.41%  2519 13508s
 108895 43909  885.42414   73  448  892.00000  879.45785  1.41%  2514 13519s
 109355 44207  889.28485   81  380  892.00000  879.47093  1.40%  2506 13529s
 109847 44411  884.97970   73  490  892.00000  879.48534  1.40%  2498 13540s
 110191 44619  882.50800   79  432  892.00000  879.49755  1.40%  2493 13550s
 110653 44864  887.33088   85  462  892.00000  879.50616  1.40%  2485 13561s
 111065 45039  883.04218   83  410  892.00000  879.52300  1.40%  2479 13572s
 111376 45186  883.95524   71  470  892.00000  879.53386  1.40%  2474 13582s
 111733 45367  884.85477   73  287  892.00000  879.54461  1.40%  2469 13592s
 112164 45535  889.32813   91  461  892.00000  879.55487  1.40%  2462 13603s
 112574 45805  885.29330   79  588  892.00000  879.57566  1.39%  2456 13614s
 113113 46011  886.30728   70  475  892.00000  879.58734  1.39%  2447 13624s
 113559 46195  886.60282   89  511  892.00000  879.60457  1.39%  2440 13634s
 113926 46431  882.72877   84  585  892.00000  879.60636  1.39%  2435 13644s
 114391 46863  885.55201   69  488  892.00000  879.62194  1.39%  2428 13659s
 115199 46995  889.99893   99  388  892.00000  879.63110  1.39%  2415 13667s
 115596 47140  883.92482   62  368  892.00000  879.65001  1.38%  2409 13674s
 115892 47282  882.85670   69  483  892.00000  879.66484  1.38%  2405 13683s
 116185 47464  888.35946   93  441  892.00000  879.67334  1.38%  2401 13692s
 116520 47591  885.17778   98  586  892.00000  879.68180  1.38%  2396 13702s
 116750 47808  885.09698  104  387  892.00000  879.68509  1.38%  2393 13711s
 117144 48022  884.31975   89  460  892.00000  879.70269  1.38%  2388 13721s
 117589 48209  884.98420   72  451  892.00000  879.71101  1.38%  2381 13731s
 117964 48259  890.66416   79  602  892.00000  879.71945  1.38%  2376 13742s
 118053 48299  886.03805   89  401  892.00000  879.71945  1.38%  2375 13753s
 118170 48583  887.63798   91  542  892.00000  879.72441  1.38%  2374 13763s
 118631 48812  885.74354   88  548  892.00000  879.73386  1.38%  2367 13773s
 119074 48959  883.09259   79  166  892.00000  879.73960  1.37%  2361 13782s
 119500 49154  884.80481   77  519  892.00000  879.74955  1.37%  2355 13793s
 119898 49380  883.67494   77  390  892.00000  879.76656  1.37%  2350 13803s
 120360 49614  887.56093   82  405  892.00000  879.77297  1.37%  2343 13814s
 120791 49816  883.68149   71  560  892.00000  879.78102  1.37%  2338 13824s
 121228 50059  887.32381   76  437  892.00000  879.80261  1.37%  2332 13834s
 121651 50373     cutoff  106       892.00000  879.81403  1.37%  2326 13844s
 122181 50621  887.35008   69  503  892.00000  879.82257  1.37%  2319 13853s
 122602 50870  884.00046   77  620  892.00000  879.82884  1.36%  2313 13863s
 123065 51031  888.18402   88  394  892.00000  879.84117  1.36%  2307 13872s
 123462 51291  886.71877   76  422  892.00000  879.85252  1.36%  2302 13883s
 123922 51541  883.52376   83  381  892.00000  879.86360  1.36%  2296 13892s
 124370 51702  881.03896   75  545  892.00000  879.87501  1.36%  2290 13901s
 124744 51983  889.38284   82  346  892.00000  879.88269  1.36%  2286 13916s
 125341 52163  881.18120   73  330  892.00000  879.90732  1.36%  2278 13926s
 125712 52404  886.87886   97  457  892.00000  879.91263  1.36%  2274 13936s
 126205 52664     cutoff   73       892.00000  879.93181  1.35%  2268 13945s
 126643 52821  887.77314   84  513  892.00000  879.94161  1.35%  2262 13955s
 127025 53122  882.84110   62  363  892.00000  879.95035  1.35%  2258 13965s
 127478 53383  883.41623   90  541  892.00000  879.96216  1.35%  2252 13974s
 127989 53604  883.53341   80  355  892.00000  879.97195  1.35%  2245 13984s
 128459 53784  886.50961  102  501  892.00000  879.98041  1.35%  2239 13992s
 128788 53963  884.55380   81  400  892.00000  879.98571  1.35%  2236 14001s
 129151 54110     cutoff   85       892.00000  879.99834  1.35%  2232 14012s
 129459 54306  884.02543   87  537  892.00000  880.00787  1.34%  2228 14022s
 129806 54552  881.25871   65  537  892.00000  880.01498  1.34%  2224 14031s
 130229 54701  885.20141   82  500  892.00000  880.02492  1.34%  2220 14040s
 130550 54936  886.82671   74  402  892.00000  880.03437  1.34%  2216 14050s
 131078 55096  884.40910   81  470  892.00000  880.04516  1.34%  2210 14060s
 131456 55296  881.63358   63  437  892.00000  880.05517  1.34%  2206 14069s
 131789 55555  890.28649  110  326  892.00000  880.06414  1.34%  2202 14080s
 132225 55720  884.37455   69  545  892.00000  880.07581  1.34%  2197 14090s
 132616 55937  889.19613   84  356  892.00000  880.08092  1.34%  2193 14100s
 133016 56192  883.61230   87  353  892.00000  880.09063  1.34%  2189 14110s
 133514 56407  884.39594   84  497  892.00000  880.09666  1.33%  2183 14119s
 133926 56560  885.19452   66  392  892.00000  880.11471  1.33%  2179 14128s
 134321 56765  884.81342   68  398  892.00000  880.12643  1.33%  2174 14138s
 134748 56962  885.54217   69  401  892.00000  880.13237  1.33%  2170 14147s
 135155 57345  888.97445   89  493  892.00000  880.14102  1.33%  2165 14161s
 135881 57555  881.88886   83  619  892.00000  880.15416  1.33%  2157 14169s
 136218 57772     cutoff  100       892.00000  880.15519  1.33%  2153 14177s
 136610 58010  888.31793   93  361  892.00000  880.16373  1.33%  2149 14186s
 137074 58236  881.61730   83  539  892.00000  880.17463  1.33%  2144 14195s
 137494 58394  881.48405   81  514  892.00000  880.17876  1.33%  2139 14204s
 137834 58625  881.87276   67  458  892.00000  880.19111  1.32%  2136 14213s
 138326 58847  888.43185   82  531  892.00000  880.20492  1.32%  2130 14221s
 138736 59020  890.75140   66  456  892.00000  880.21299  1.32%  2126 14230s
 139089 59228  884.04334   88  506  892.00000  880.22302  1.32%  2123 14238s
 139463 59419  881.96225   83  557  892.00000  880.22966  1.32%  2119 14247s
 139752 59674  880.87804   66  517  892.00000  880.23459  1.32%  2116 14256s
 140207 59825  888.05038   79  410  892.00000  880.23944  1.32%  2111 14265s
 140567 60103  884.53887   71  518  892.00000  880.24581  1.32%  2107 14274s
 141035 60323  882.97772   80  538  892.00000  880.25064  1.32%  2102 14282s
 141476 60510  886.99281   73  391  892.00000  880.25754  1.32%  2098 14291s
 141900 60631  887.78316   82  508  892.00000  880.27080  1.31%  2093 14300s
 142276 60846  883.29103   86  462  892.00000  880.28586  1.31%  2090 14310s
 142661 61031  882.93774   76  583  892.00000  880.29229  1.31%  2086 14318s
 143087 61240  889.69901   93  371  892.00000  880.30505  1.31%  2082 14327s
 143477 61424  885.65305   89  435  892.00000  880.31479  1.31%  2078 14337s
 143782 61634  883.80119   74  431  892.00000  880.31869  1.31%  2075 14345s
 144237 61796     cutoff   78       892.00000  880.32376  1.31%  2071 14354s
 144644 62042  882.29331   92  494  892.00000  880.33404  1.31%  2067 14362s
 145062 62189  883.43031   91  540  892.00000  880.34088  1.31%  2063 14372s
 145406 62484  882.27095   82  366  892.00000  880.34688  1.31%  2059 14386s
 145988 62650  884.04797   67  515  892.00000  880.36053  1.30%  2054 14396s
 146406 62835  881.57128   71  586  892.00000  880.36767  1.30%  2050 14405s
 146809 63028  885.18625   72  441  892.00000  880.38031  1.30%  2047 14414s
 147153 63236  888.69686  102  466  892.00000  880.38643  1.30%  2044 14424s
 147595 63415     cutoff   85       892.00000  880.40552  1.30%  2040 14433s
 147996 63582  886.50265   96  486  892.00000  880.41121  1.30%  2036 14443s
 148397 63709  885.50216   84  448  892.00000  880.41659  1.30%  2032 14455s
 148657 64012  890.63483   74  403  892.00000  880.42341  1.30%  2030 14464s
 148750 64012  886.83616   90  349  892.00000  880.42341  1.30%  2029 14465s
 149184 64288  884.49884   73  456  892.00000  880.43437  1.30%  2025 14474s
 149716 64549  887.62864  113  332  892.00000  880.44515  1.30%  2020 14484s
 150242 64742  884.31953   74  576  892.00000  880.45562  1.29%  2015 14493s
 150672 64970     cutoff   97       892.00000  880.46498  1.29%  2011 14501s
 151154 65124  885.99978   77  461  892.00000  880.47739  1.29%  2007 14510s
 151500 65360  882.90251   86  511  892.00000  880.48656  1.29%  2004 14519s
 151888 65602  882.21303   72  387  892.00000  880.49879  1.29%  2001 14528s
 152324 65714  885.33841   84  531  892.00000  880.50623  1.29%  1997 14537s
 152744 65897  881.19939   66  347  892.00000  880.51617  1.29%  1993 14546s
 153101 66190  882.63876   78  205  892.00000  880.52481  1.29%  1991 14555s
 153666 66376  883.65129   93  353  892.00000  880.53840  1.28%  1985 14564s
 154077 66615  883.61665   91  462  892.00000  880.54764  1.28%  1982 14573s
 154466 66773  887.76756   73  390  892.00000  880.55362  1.28%  1978 14582s
 154824 67014  882.68535   82  489  892.00000  880.55825  1.28%  1976 14591s
 155204 67258  887.73709  102  573  892.00000  880.56414  1.28%  1973 14600s
 155635 67425  890.92334   78  349  892.00000  880.56621  1.28%  1969 14616s
 155985 67681     cutoff   79       892.00000  880.56621  1.28%  1966 14631s
 156535 68043  882.20369   67  570  892.00000  880.57493  1.28%  1961 14644s
 157202 68238  889.11171   93  416  892.00000  880.59631  1.28%  1955 14654s
 157693 68430  884.98993   80  443  892.00000  880.60273  1.28%  1951 14664s
 158101 68649  881.71398   89  277  892.00000  880.61275  1.28%  1948 14674s
 158492 68845  887.01867   86  533  892.00000  880.61631  1.28%  1945 14684s
 158916 69112  886.58934   78  420  892.00000  880.62958  1.27%  1942 14694s
 159382 69364  890.76108   97  474  892.00000  880.63889  1.27%  1938 14704s
 159885 69632  886.34208   95  443  892.00000  880.64957  1.27%  1934 14712s
 160312 69981  884.79966   79  531  892.00000  880.65935  1.27%  1931 14722s
 160865 70256  884.39316   81  348  892.00000  880.66283  1.27%  1926 14732s
 161299 70499  887.87384   99  505  892.00000  880.67102  1.27%  1922 14741s
 161762 70724  890.24009   78  461  892.00000  880.68035  1.27%  1919 14750s
 162258 70935  883.98673   86  567  892.00000  880.68808  1.27%  1914 14759s
 162770 71127  885.12259   80  212  892.00000  880.69771  1.27%  1910 14769s
 163136 71351  882.09465   68  433  892.00000  880.70458  1.27%  1907 14777s
 163549 71562  886.46797   86  364  892.00000  880.71213  1.27%  1904 14787s
 163994 71788  886.42366   76  269  892.00000  880.71588  1.27%  1901 14795s
 164448 71975  884.86213   71  486  892.00000  880.73003  1.26%  1897 14803s
 164889 72222  887.58349   78  514  892.00000  880.74069  1.26%  1894 14812s
 165294 72380  886.13562   96  364  892.00000  880.74399  1.26%  1891 14820s
 165703 72629  882.22372   82  558  892.00000  880.75112  1.26%  1888 14829s
 166085 72944  890.23313   78  620  892.00000  880.75602  1.26%  1885 14842s
 166693 73172  884.58743   87  529  892.00000  880.76169  1.26%  1881 14852s
 167142 73390  884.02990   69  208  892.00000  880.77096  1.26%  1878 14860s
 167661 73611  882.87176   80  460  892.00000  880.77752  1.26%  1874 14868s
 168121 73728  884.79362   62  434  892.00000  880.78507  1.26%  1870 14876s
 168312 73981  888.09579   85  475  892.00000  880.78613  1.26%  1869 14884s
 168800 74216  883.24536   78  430  892.00000  880.79241  1.26%  1865 14892s
 169211 74429  883.42666   78  496  892.00000  880.79745  1.26%  1862 14900s
 169630 74576  885.21902   75  420  892.00000  880.80533  1.26%  1859 14908s
 169992 74769  885.38483   78  591  892.00000  880.80997  1.25%  1856 14916s
 170380 74986  889.64989   77  569  892.00000  880.81795  1.25%  1854 14924s
 170763 75182  889.25251   87  364  892.00000  880.82218  1.25%  1851 14933s
 171216 75319  888.75526   82  473  892.00000  880.83052  1.25%  1848 14941s
 171500 75514  882.55984   68  602  892.00000  880.83501  1.25%  1846 14949s
 171841 75608  890.05234   84  472  892.00000  880.83551  1.25%  1844 14957s
 172094 75756  888.86803  100  343  892.00000  880.84177  1.25%  1843 14966s
 172367 76003  888.62486   95  466  892.00000  880.84726  1.25%  1841 14977s
 172779 76072  884.25942   60  375  892.00000  880.85143  1.25%  1838 14988s
 173000 76195  882.11483   81  353  892.00000  880.85457  1.25%  1837 14996s
 173269 76317  886.17234   81  555  892.00000  880.86079  1.25%  1836 15008s
 173529 76521  885.47845   69  379  892.00000  880.86434  1.25%  1835 15019s
 173883 76685  884.57527   70  493  892.00000  880.86873  1.25%  1832 15028s
 174168 76772  885.33537   79  452  892.00000  880.87278  1.25%  1831 15038s
 174407 76941  881.63821   72  572  892.00000  880.88086  1.25%  1830 15047s
 174706 77107  887.88333   75  368  892.00000  880.88467  1.25%  1828 15056s
 175027 77258  882.89319   78  450  892.00000  880.88851  1.25%  1827 15065s
 175353 77398  886.41586  104  425  892.00000  880.89286  1.25%  1825 15075s
 175643 77541  885.89951   80  409  892.00000  880.89966  1.24%  1824 15086s
 175960 77626     cutoff   83       892.00000  880.90609  1.24%  1822 15097s
 176159 77772     cutoff   68       892.00000  880.90899  1.24%  1821 15108s
 176456 77951  886.48394   83  542  892.00000  880.91524  1.24%  1820 15121s
 176888 78113  884.71795   69  266  892.00000  880.92245  1.24%  1817 15132s
 177299 78272  882.96286   86  564  892.00000  880.92712  1.24%  1815 15144s
 177614 78470  885.89230   74  475  892.00000  880.93256  1.24%  1814 15157s
 178048 78605  882.23670   81  551  892.00000  880.93879  1.24%  1812 15170s
 178400 78772  882.20242   70  566  892.00000  880.94561  1.24%  1810 15183s
 178783 78945  883.68744   75  412  892.00000  880.95237  1.24%  1808 15197s
 179183 79125  890.37079   72  348  892.00000  880.96480  1.24%  1807 15211s
 179526 79327     cutoff   94       892.00000  880.97027  1.24%  1805 15225s
 179994 79515  890.49535   78  390  892.00000  880.97719  1.24%  1803 15239s
 180439 79599  884.49786   86  490  892.00000  880.98526  1.23%  1801 15254s
 180574 79794  890.59015   96  317  892.00000  880.98526  1.23%  1800 15268s
 181046 80081  883.04283   91  543  892.00000  880.98957  1.23%  1798 15283s
 181539 80334  888.48957   75  378  892.00000  880.99634  1.23%  1795 15297s
 182043 80600  885.76536   91  496  892.00000  881.00390  1.23%  1793 15311s
 182511 80797  887.90244   87  419  892.00000  881.00981  1.23%  1790 15325s
 182935 81089     cutoff   84       892.00000  881.01626  1.23%  1788 15338s
 183462 81288  884.74370   76  486  892.00000  881.01917  1.23%  1785 15352s
 183971 81433  890.34722   77  403  892.00000  881.02674  1.23%  1783 15365s
 184368 81677  884.64279   82  361  892.00000  881.03253  1.23%  1781 15377s
 184765 81838  883.90109   68  554  892.00000  881.03643  1.23%  1779 15391s
 185136 82163  886.67646   91  576  892.00000  881.04014  1.23%  1777 15405s
 185664 82428  884.49826   74  474  892.00000  881.04341  1.23%  1774 15418s
 186225 82599  887.45316   76  510  892.00000  881.05160  1.23%  1771 15432s
 186651 82793  887.30750   94  360  892.00000  881.05889  1.23%  1769 15444s
 187027 83043  885.23809   72  389  892.00000  881.06445  1.23%  1767 15458s
 187545 83215  886.62674   70  373  892.00000  881.06806  1.23%  1764 15468s
 187846 83359  884.52190   94  517  892.00000  881.07740  1.22%  1763 15479s
 188241 83504  890.04488   92  450  892.00000  881.08084  1.22%  1761 15492s
 188625 83713  888.11752   70  493  892.00000  881.09081  1.22%  1759 15505s
 189061 83861  885.31041   67  435  892.00000  881.09598  1.22%  1757 15517s
 189438 84085  882.86212   69  486  892.00000  881.10474  1.22%  1756 15529s
 189928 84262  887.95296   74  425  892.00000  881.11029  1.22%  1753 15541s
 190306 84447  886.09819   84  565  892.00000  881.11598  1.22%  1751 15554s
 190695 84571  884.84776   75  542  892.00000  881.12257  1.22%  1749 15566s
 190987 84837  883.01647   79  247  892.00000  881.12592  1.22%  1748 15580s
 191449 85079  884.37740   77  486  892.00000  881.13208  1.22%  1746 15591s
 191936 85214     cutoff   84       892.00000  881.13844  1.22%  1743 15605s
 192231 85448  884.34505   75  560  892.00000  881.14205  1.22%  1742 15617s
 192666 85692  885.34853   83  517  892.00000  881.15089  1.22%  1740 15628s
 193093 85872  884.21617   87  528  892.00000  881.15508  1.22%  1738 15640s
 193442 86117  883.77704   89  586  892.00000  881.16183  1.22%  1736 15653s
 193881 86319     cutoff   90       892.00000  881.16496  1.21%  1734 15666s
 194264 86510  885.92277   60  413  892.00000  881.16939  1.21%  1733 15679s
*194314 73896              73     890.0000000  881.16939  0.99%  1733 15679s
 194646 73973  888.31036   74  419  890.00000  881.17545  0.99%  1731 15691s
H194675 49122                     888.0000000  881.17545  0.77%  1731 15691s
 194898 49252  884.08493   67  505  888.00000  881.17993  0.77%  1731 15702s
 195278 49252  884.35004   77  514  888.00000  881.19467  0.77%  1729 15734s
 195280 49253  881.52830   96  518  888.00000  881.19467  0.77%  1729 15738s
 195281 49254  883.39042   84  586  888.00000  881.19467  0.77%  1729 15743s
 195282 49255  883.70492   65  554  888.00000  881.19467  0.77%  1729 15746s
 195285 49257  885.15124  100  677  888.00000  881.19467  0.77%  1729 15751s
 195287 49258  883.85612   75  668  888.00000  881.19467  0.77%  1729 15755s
 195292 49261  884.86096   89  764  888.00000  881.19467  0.77%  1729 15760s
 195295 49263  884.72132   67  787  888.00000  881.19467  0.77%  1729 15773s
 195296 49264  883.28869   87  784  888.00000  881.19467  0.77%  1729 15777s
 195297 49265  884.47193   79  779  888.00000  881.19467  0.77%  1729 15785s
 195299 49266  885.60416   69  827  888.00000  881.19467  0.77%  1729 15794s
 195300 49267  882.72796   84  844  888.00000  881.19467  0.77%  1729 15795s
 195301 49267  886.49040   74  804  888.00000  881.19467  0.77%  1729 15804s
 195302 49268  886.25627   94  821  888.00000  881.19467  0.77%  1729 15821s
 195303 49269  883.90625   82  824  888.00000  881.19467  0.77%  1729 15830s
 195305 49270  885.37142  115  813  888.00000  881.19467  0.77%  1729 15841s
 195307 49271  886.41428   83  816  888.00000  881.19467  0.77%  1729 15850s
 195308 49272  882.92105   67  815  888.00000  881.19467  0.77%  1729 15859s
 195309 49273  885.31920  111  828  888.00000  881.19467  0.77%  1729 15867s
 195311 49274  885.51822  158  809  888.00000  881.19467  0.77%  1729 15875s
 195313 49275  885.63297   85  835  888.00000  881.19467  0.77%  1729 15886s
 195315 49277  886.86892   74  765  888.00000  881.19467  0.77%  1729 15896s
 195317 49278  886.67985   88  781  888.00000  881.19467  0.77%  1729 15907s
 195319 49279  885.08264   78  783  888.00000  881.19467  0.77%  1729 15915s
 195321 49281  885.83761   78  786  888.00000  881.19467  0.77%  1729 15924s
 195323 49282  884.22525   72  779  888.00000  881.19467  0.77%  1729 15934s
 195325 49283  884.03617   77  809  888.00000  881.19467  0.77%  1729 15945s
 195327 49285  882.08542   92  815  888.00000  881.19467  0.77%  1729 15953s
 195328 49285  883.11705   85  821  888.00000  881.19467  0.77%  1729 15959s
 195329 49286  883.71904   73  823  888.00000  881.19467  0.77%  1729 15965s
 195331 49287  881.38636   66  821  888.00000  881.19467  0.77%  1729 15977s
 195332 49288  886.16736   67  749  888.00000  881.19467  0.77%  1729 15986s
 195333 49289  883.03484   70  827  888.00000  881.19467  0.77%  1729 15992s
 195334 49289  886.63992   86  756  888.00000  881.19467  0.77%  1729 16001s
 195335 49290  883.86400   77  758  888.00000  881.19467  0.77%  1729 16010s
 195337 49291  886.35294   87  757  888.00000  881.19467  0.77%  1729 16020s
 195339 49293  885.36583   93  757  888.00000  881.19467  0.77%  1729 16028s
 195340 49293  885.67851   88  718  888.00000  881.19467  0.77%  1729 16038s
 195341 49294  883.58051   80  779  888.00000  881.19467  0.77%  1729 16044s
 195342 49295  881.95754   68  763  888.00000  881.19467  0.77%  1729 16054s
 195343 49295  885.92250   61  785  888.00000  881.19467  0.77%  1729 16061s
 195344 49296  885.51470  111  784  888.00000  881.19467  0.77%  1729 16072s
 195345 49297  882.71935   78  784  888.00000  881.19467  0.77%  1729 16080s
 195347 49298  882.66571   79  772  888.00000  881.19467  0.77%  1729 16089s
 195348 49299  884.61020   75  753  888.00000  881.19467  0.77%  1729 16091s
 195349 49299  883.88696   72  757  888.00000  881.19467  0.77%  1729 16100s
 195351 49301  886.06929   71  719  888.00000  881.19467  0.77%  1729 16110s
 195353 49302  885.42593   78  723  888.00000  881.19467  0.77%  1729 16119s
 195354 49303  885.15497   79  723  888.00000  881.19467  0.77%  1729 16128s
 195355 49303  884.50145   84  692  888.00000  881.19467  0.77%  1728 16137s
 195356 49304  882.11844   84  754  888.00000  881.19467  0.77%  1728 16146s
 195357 49305  885.74657   88  739  888.00000  881.19467  0.77%  1728 16154s
 195358 49305  883.66975   76  757  888.00000  881.19467  0.77%  1728 16161s
 195360 49307  886.86033   85  743  888.00000  881.19467  0.77%  1728 16170s
 195361 49307  885.41157  155  700  888.00000  881.19467  0.77%  1728 16178s
 195362 49308  884.73335  121  744  888.00000  881.19467  0.77%  1728 16185s
 195363 49309  885.35066   75  765  888.00000  881.19467  0.77%  1728 16193s
 195364 49309  883.36003   67  766  888.00000  881.19467  0.77%  1728 16203s
 195365 49310  882.79350   85  748  888.00000  881.19467  0.77%  1728 16211s
 195366 49311  885.34272   64  751  888.00000  881.19467  0.77%  1728 16218s
 195367 49311  885.20835   92  751  888.00000  881.19467  0.77%  1728 16226s
 195368 49312  882.82656   73  751  888.00000  881.19467  0.77%  1728 16239s
 195369 49313  884.71082   69  751  888.00000  881.19467  0.77%  1728 16249s
 195370 49316  881.19467   63  666  888.00000  881.19467  0.77%  1730 16253s
 195372 49320  881.19467   64  645  888.00000  881.19467  0.77%  1730 16255s
 195380 49328  881.19467   66  365  888.00000  881.19467  0.77%  1731 16261s
 195405 49331  881.19467   66  613  888.00000  881.19467  0.77%  1731 16265s
 195448 49324  881.19467   67  290  888.00000  881.19467  0.77%  1731 16270s
 195473 49326  881.19467   69  536  888.00000  881.19467  0.77%  1731 16275s
 195496 49327  881.19467   71  560  888.00000  881.19467  0.77%  1731 16280s
 195534 49341  881.19467   74  352  888.00000  881.19467  0.77%  1731 16285s
 195565 49359  882.03673   77  359  888.00000  881.19467  0.77%  1731 16290s
 195630 49358  881.19467   69  431  888.00000  881.19467  0.77%  1731 16296s
 195682 49378  881.19467   75  390  888.00000  881.19467  0.77%  1731 16300s
 195768 49402  883.61341   97  454  888.00000  881.19467  0.77%  1731 16305s
 195886 49404  884.20812   80  470  888.00000  881.19467  0.77%  1730 16312s
 195929 49416  881.19467   78  607  888.00000  881.19467  0.77%  1731 16315s
 195967 49457  881.19467   85  592  888.00000  881.19467  0.77%  1731 16320s
 196085 49484  881.19467   97  548  888.00000  881.19467  0.77%  1730 16326s
 196187 49511  881.19467  106  565  888.00000  881.19467  0.77%  1730 16332s
 196226 49532  881.19467  113  505  888.00000  881.19467  0.77%  1730 16335s
 196301 49563  881.19467   81  645  888.00000  881.19467  0.77%  1730 16340s
 196367 49565  882.57790   89  433  888.00000  881.19467  0.77%  1729 16345s
 196472 49604  881.19467   86  486  888.00000  881.19467  0.77%  1729 16351s
 196568 49636  881.19467   73  465  888.00000  881.19467  0.77%  1729 16359s
 196630 49640  881.19467   82  481  888.00000  881.19467  0.77%  1729 16362s
 196655 49668  881.19467   93  455  888.00000  881.19467  0.77%  1729 16366s
 196744 49701  881.19467   76  574  888.00000  881.19467  0.77%  1729 16374s
 196819 49726  881.19467   79  514  888.00000  881.19467  0.77%  1728 16378s
 196925 49722  883.55556   80  488  888.00000  881.19467  0.77%  1728 16382s
 197019 49744  881.19467   76  532  888.00000  881.19467  0.77%  1728 16386s
 197099 49780  883.22664   91  503  888.00000  881.19467  0.77%  1727 16391s
 197210 49772  884.26046   82  459  888.00000  881.19467  0.77%  1727 16396s
 197332 49792  881.35031   81  481  888.00000  881.19467  0.77%  1726 16402s
 197486 49778  885.49690   94  446  888.00000  881.19467  0.77%  1726 16405s
 197610 49851  881.19467   89  514  888.00000  881.19467  0.77%  1725 16413s
 197713 49846  882.74412  111  509  888.00000  881.19467  0.77%  1725 16417s
 197817 49857  881.19467   78  475  888.00000  881.19467  0.77%  1724 16422s
 197887 49896  884.86802   76  395  888.00000  881.19467  0.77%  1724 16426s
 198015 49941  881.41317   78  355  888.00000  881.19467  0.77%  1723 16430s
 198130 49986  881.62142   80  357  888.00000  881.19467  0.77%  1723 16435s
 198275 50018  881.19467   80  487  888.00000  881.19467  0.77%  1722 16441s
 198405 50043  883.24350  105  507  888.00000  881.19467  0.77%  1722 16446s
 198550 50048  885.57559   96  411  888.00000  881.19467  0.77%  1721 16451s
 198650 50066  883.45912   93  454  888.00000  881.19467  0.77%  1720 16457s
 198801 50104  881.19467   75  522  888.00000  881.19467  0.77%  1719 16462s
 198939 50123  885.68604  101  504  888.00000  881.19467  0.77%  1719 16468s
 199054 50138  884.52155  112  379  888.00000  881.19467  0.77%  1718 16475s
 199192 50145     cutoff   98       888.00000  881.19467  0.77%  1718 16481s
 199341 50183     cutoff  115       888.00000  881.19467  0.77%  1717 16488s
 199522 50179  881.19467   75  330  888.00000  881.19467  0.77%  1717 16495s
 199704 50210     cutoff  120       888.00000  881.19467  0.77%  1716 16503s
 199879 50285  881.19467   77  576  888.00000  881.19467  0.77%  1715 16510s
 200132 50261  883.95939   77  413  888.00000  881.19467  0.77%  1714 16520s
 200313 50308  881.44767   76  374  888.00000  881.19467  0.77%  1713 16528s
 200532 50349  881.19467   94  538  888.00000  881.19467  0.77%  1712 16537s
 200790 50367  881.19467   81  370  888.00000  881.19467  0.77%  1710 16545s
 201088 50422  881.19467   80  498  888.00000  881.19467  0.77%  1709 16554s
 201453 50468  881.19467   94  582  888.00000  881.19467  0.77%  1707 16563s
 201722 50519  883.11651   89  471  888.00000  881.19467  0.77%  1705 16572s
 202091 50523  881.19467   94  532  888.00000  881.19467  0.77%  1704 16582s
 202487 50524  881.19467   88  508  888.00000  881.19467  0.77%  1702 16593s
 202768 50603  881.19467   85  495  888.00000  881.19467  0.77%  1700 16604s
 203184 50693  881.19467   78  509  888.00000  881.19467  0.77%  1698 16614s
 203634 50718  881.19467   75  453  888.00000  881.19467  0.77%  1696 16625s
 204143 50760  883.24048   68  330  888.00000  881.19467  0.77%  1693 16637s
 204624 50839  881.65713   82  494  888.00000  881.19467  0.77%  1691 16648s
 205194 50828  883.25025   88  431  888.00000  881.19467  0.77%  1688 16661s
 205633 50886  886.14735   77  465  888.00000  881.19467  0.77%  1686 16673s
 206279 50943  881.19467   75  526  888.00000  881.19467  0.77%  1683 16685s
 206777 51046     cutoff  119       888.00000  881.19467  0.77%  1680 16696s
 207355 51061  883.62215   81  508  888.00000  881.19467  0.77%  1677 16708s
 207842 50900  886.05974  127  514  888.00000  881.19467  0.77%  1675 16719s
 207844 50901  885.14077  105  525  888.00000  881.19467  0.77%  1675 16723s
 207845 50902  884.96460   96  588  888.00000  881.19467  0.77%  1675 16728s
 207846 50903  885.00255  103  551  888.00000  881.19467  0.77%  1675 16731s
 207848 50904  885.95759   93  582  888.00000  881.19467  0.77%  1675 16736s
 207850 50905  882.70526   93  655  888.00000  881.19467  0.77%  1675 16741s
 207853 50907  881.19467  103  578  888.00000  881.19467  0.77%  1675 16746s
 207857 50910  885.41560  125  723  888.00000  881.19467  0.77%  1675 16750s
 207859 50911  881.19467   73  696  888.00000  881.19467  0.77%  1675 16758s
 207860 50912  881.19467   87  719  888.00000  881.19467  0.77%  1675 16762s
 207861 50913  881.19467   76  749  888.00000  881.19467  0.77%  1675 16771s
 207863 50914  882.90715   87  782  888.00000  881.19467  0.77%  1675 16780s
 207865 50915  885.03226  110  783  888.00000  881.19467  0.77%  1675 16789s
 207866 50916  883.74974  108  780  888.00000  881.19467  0.77%  1675 16804s
 207867 50917  884.98585  106  787  888.00000  881.19467  0.77%  1675 16810s
 207869 50918  884.34256   99  788  888.00000  881.19467  0.77%  1675 16821s
 207871 50919  884.23850  138  792  888.00000  881.19467  0.77%  1675 16831s
 207872 50920  884.31315  155  788  888.00000  881.19467  0.77%  1675 16839s
 207873 50921  885.00930   88  784  888.00000  881.19467  0.77%  1675 16848s
 207874 50921  884.70996   85  729  888.00000  881.19467  0.77%  1675 16855s
 207875 50922  881.89544   85  806  888.00000  881.19467  0.77%  1675 16863s
 207876 50923  885.11440  107  814  888.00000  881.19467  0.77%  1675 16873s
 207877 50923  885.04796   92  779  888.00000  881.19467  0.77%  1675 16883s
 207879 50925  884.32026   95  767  888.00000  881.19467  0.77%  1675 16891s
 207881 50926  881.19467   76  768  888.00000  881.19467  0.77%  1675 16900s
 207883 50927  881.19467   81  772  888.00000  881.19467  0.77%  1675 16908s
 207884 50928  884.98753  111  730  888.00000  881.19467  0.77%  1675 16919s
 207885 50929  884.47099   90  800  888.00000  881.19467  0.77%  1675 16928s
 207886 50929  884.53217  127  810  888.00000  881.19467  0.77%  1675 16937s
 207887 50930  881.19467   85  820  888.00000  881.19467  0.77%  1675 16946s
 207889 50931  883.88169   91  793  888.00000  881.19467  0.77%  1675 16956s
 207891 50933  885.18882   87  806  888.00000  881.19467  0.77%  1675 16964s
 207892 50933  884.82169  128  804  888.00000  881.19467  0.77%  1675 16967s
 207893 50934  881.85485   80  814  888.00000  881.19467  0.77%  1675 16975s
 207895 50935  884.64618  100  810  888.00000  881.19467  0.77%  1675 16983s
 207896 50936  885.66056  129  753  888.00000  881.19467  0.77%  1675 16992s
 207897 50937  881.60234  108  806  888.00000  881.19467  0.77%  1675 17001s
 207898 50937  884.49007   90  813  888.00000  881.19467  0.77%  1675 17009s
 207899 50938  881.19467   84  823  888.00000  881.19467  0.77%  1675 17017s
 207901 50939  883.40858   84  806  888.00000  881.19467  0.77%  1675 17027s
 207903 50941  881.60438   84  822  888.00000  881.19467  0.77%  1675 17035s
 207905 50942  884.76734  122  823  888.00000  881.19467  0.77%  1675 17044s
 207906 50943  883.04720   91  770  888.00000  881.19467  0.77%  1675 17053s
 207907 50943  885.56870  128  817  888.00000  881.19467  0.77%  1675 17061s
 207908 50944  883.85637   82  821  888.00000  881.19467  0.77%  1675 17070s
 207909 50945  884.27163   84  819  888.00000  881.19467  0.77%  1675 17078s
 207911 50946  881.19467   77  820  888.00000  881.19467  0.77%  1675 17086s
 207913 50947  882.28756   77  793  888.00000  881.19467  0.77%  1675 17095s
 207915 50949  882.82999   76  816  888.00000  881.19467  0.77%  1675 17103s
 207916 50949  881.19467   86  817  888.00000  881.19467  0.77%  1675 17105s
 207917 50950  884.31315  155  817  888.00000  881.19467  0.77%  1675 17113s
 207918 50951  884.57856  110  764  888.00000  881.19467  0.77%  1675 17120s
 207919 50951  881.19467   96  814  888.00000  881.19467  0.77%  1675 17127s
 207920 50952  885.05455   82  825  888.00000  881.19467  0.77%  1675 17138s
 207921 50953  882.01315   90  827  888.00000  881.19467  0.77%  1675 17145s
 207922 50953  884.86316  108  806  888.00000  881.19467  0.77%  1675 17153s
 207923 50954  885.74418   79  823  888.00000  881.19467  0.77%  1675 17160s
 207924 50955  881.19467   87  830  888.00000  881.19467  0.77%  1675 17169s
 207925 50955  881.98216   79  822  888.00000  881.19467  0.77%  1675 17178s
 207926 50956  881.19467   89  795  888.00000  881.19467  0.77%  1675 17186s
 207927 50957  884.22658  102  820  888.00000  881.19467  0.77%  1675 17193s
 207929 50958  881.89571   87  708  888.00000  881.19467  0.77%  1675 17202s
 207930 50959  881.19467   89  750  888.00000  881.19467  0.77%  1675 17210s
 207931 50959  881.19467   78  766  888.00000  881.19467  0.77%  1675 17219s
 207933 50961  884.05842  100  769  888.00000  881.19467  0.77%  1675 17226s
 207934 50961  884.64645  105  687  888.00000  881.19467  0.77%  1675 17235s
 207935 50962  885.65157   89  756  888.00000  881.19467  0.77%  1675 17240s
 207937 50963  882.56691   98  760  888.00000  881.19467  0.77%  1675 17250s
 207939 50965  881.19467   95  738  888.00000  881.19467  0.77%  1675 17259s
 207940 50965  885.40596   97  756  888.00000  881.19467  0.77%  1674 17261s
 207941 50966  884.79848  102  730  888.00000  881.19467  0.77%  1674 17267s
 207943 50967  883.10936   80  773  888.00000  881.19467  0.77%  1674 17276s
 207945 50969  884.96460   96  795  888.00000  881.19467  0.77%  1674 17286s
 207947 50970  881.55494   81  777  888.00000  881.19467  0.77%  1674 17298s
 207949 50971  881.19467   86  785  888.00000  881.19467  0.77%  1674 17308s
 207950 50972  882.70526   93  785  888.00000  881.19467  0.77%  1674 17315s
 207951 50973  882.36589   91  708  888.00000  881.19467  0.77%  1674 17327s
 207952 50973  884.51776  100  708  888.00000  881.19467  0.77%  1674 17332s
 207953 50977  881.19467   77  647  888.00000  881.19467  0.77%  1676 17336s
 207963 50986  881.19467   80  662  888.00000  881.19467  0.77%  1677 17342s
 207967 50989  881.19467   81  676  888.00000  881.19467  0.77%  1677 17345s
 207977 50998  881.19467   82  697  888.00000  881.19467  0.77%  1677 17351s
 207993 51014  881.19467   83  694  888.00000  881.19467  0.77%  1678 17356s
 208023 51030  881.19467   87  653  888.00000  881.19467  0.77%  1678 17361s
 208049 51046  881.19467   89  611  888.00000  881.19467  0.77%  1679 17366s
 208079 51070  881.19467   92  594  888.00000  881.19467  0.77%  1679 17370s
 208143 51110  881.19467   98  546  888.00000  881.19467  0.77%  1679 17375s
 208207 51152  881.19467  101  525  888.00000  881.19467  0.77%  1679 17380s
 208345 51159  881.19467  108  461  888.00000  881.19467  0.77%  1678 17385s
 208432 51194  881.19467  115  493  888.00000  881.19467  0.77%  1678 17390s
 208545 51204  881.19467  124  438  888.00000  881.19467  0.77%  1678 17396s
 208631 51207  883.74461  142  455  888.00000  881.19467  0.77%  1678 17400s
 208724 51228  881.19467   88  547  888.00000  881.19467  0.77%  1678 17405s
 208795 51240  881.19467   92  492  888.00000  881.19467  0.77%  1677 17411s
 208847 51264  881.19467  103  475  888.00000  881.19467  0.77%  1678 17416s
 208909 51319  881.73161  118  532  888.00000  881.19467  0.77%  1678 17421s
 208976 51328  881.19467   84  598  888.00000  881.19467  0.77%  1677 17425s
 209101 51351  881.19467   85  607  888.00000  881.19467  0.77%  1677 17431s
 209202 51379  881.19467   89  581  888.00000  881.19467  0.77%  1677 17437s
 209239 51400  881.19467   93  517  888.00000  881.19467  0.77%  1677 17441s
 209366 51435  884.08563  106  564  888.00000  881.19467  0.77%  1677 17448s
 209413 51449  882.32336   82  533  888.00000  881.19467  0.77%  1677 17453s
 209483 51453  881.19467   84  582  888.00000  881.19467  0.77%  1677 17457s
 209548 51472  881.19467   91  608  888.00000  881.19467  0.77%  1677 17462s
 209614 51476  885.16791  108  474  888.00000  881.19467  0.77%  1677 17466s
 209666 51515  881.19467   89  476  888.00000  881.19467  0.77%  1677 17471s
 209757 51532  881.33170   99  445  888.00000  881.19467  0.77%  1676 17476s
 209842 51544  881.19467   86  507  888.00000  881.19467  0.77%  1676 17480s
 209894 51579  881.19467   90  567  888.00000  881.19467  0.77%  1676 17485s
 210008 51591  882.75732  101  399  888.00000  881.19467  0.77%  1676 17491s
 210110 51605  881.19467   94  555  888.00000  881.19467  0.77%  1676 17497s
 210191 51639  882.79076   96  467  888.00000  881.19467  0.77%  1676 17503s
 210295 51673  881.19467   93  396  888.00000  881.19467  0.77%  1676 17509s
 210421 51704  881.19467   93  488  888.00000  881.19467  0.77%  1675 17516s
 210579 51723  885.83237  106  462  888.00000  881.19467  0.77%  1675 17523s
 210686 51799  881.19467   96  583  888.00000  881.19467  0.77%  1674 17530s
 210915 51784  883.69127  167  191  888.00000  881.19467  0.77%  1673 17537s
 211024 51814  883.55637  105  475  888.00000  881.19467  0.77%  1673 17545s
 211169 51842  884.46753   95  398  888.00000  881.19467  0.77%  1673 17553s
 211363 51857  881.19467   91  552  888.00000  881.19467  0.77%  1672 17561s
 211494 51917  883.66456   92  405  888.00000  881.19467  0.77%  1672 17570s
 211692 51949  881.19467   91  525  888.00000  881.19467  0.77%  1671 17579s
 211903 51966  883.62389   91  419  888.00000  881.19467  0.77%  1670 17588s
 212122 51978  884.37001   99  386  888.00000  881.19467  0.77%  1669 17597s
 212297 51987  884.37120  104  279  888.00000  881.19467  0.77%  1669 17607s
 212463 52029  882.13289  101  349  888.00000  881.19467  0.77%  1668 17617s
 212726 52055  881.19467   98  436  888.00000  881.19467  0.77%  1667 17628s
 213011 52089  881.19467   93  420  888.00000  881.19467  0.77%  1666 17639s
 213288 52086  882.33372  100  477  888.00000  881.19467  0.77%  1665 17651s
 213468 52131     cutoff   99       888.00000  881.19467  0.77%  1664 17662s
 213743 52187  882.74508   94  418  888.00000  881.19467  0.77%  1663 17675s
 214080 52236  881.19467   90  451  888.00000  881.19467  0.77%  1662 17687s
 214500 52276  881.19467   94  470  888.00000  881.19467  0.77%  1660 17700s
 214904 52338  882.95113   91  542  888.00000  881.19467  0.77%  1658 17713s
 215372 52352  886.05753   91  529  888.00000  881.19467  0.77%  1656 17727s
 215791 52441  885.14290  106  327  888.00000  881.19467  0.77%  1654 17742s
 216355 52506  881.19467   96  479  888.00000  881.19467  0.77%  1652 17757s
 216868 52568  881.19467   91  548  888.00000  881.19467  0.77%  1650 17772s
 217391 52712  881.19467   90  490  888.00000  881.19467  0.77%  1648 17789s
 218047 52859  885.14696  103  433  888.00000  881.19467  0.77%  1645 17807s
 218798 52799  881.19467   96  553  888.00000  881.19467  0.77%  1642 17817s
 219231 52829  881.19467   92  538  888.00000  881.19467  0.77%  1640 17826s
 219573 52922  881.19467   92  537  888.00000  881.19467  0.77%  1639 17837s
 219986 52981  885.39804  103  520  888.00000  881.19467  0.77%  1637 17847s
 220372 53059  881.19467   94  441  888.00000  881.19467  0.77%  1636 17858s
 220771 53169  885.65996   99  510  888.00000  881.19467  0.77%  1634 17867s
 221281 53244  886.01634  106  458  888.00000  881.19467  0.77%  1632 17877s
 221758 53314  885.54925  115  406  888.00000  881.19467  0.77%  1630 17887s
 222259 53313  881.19467   96  567  888.00000  881.19467  0.77%  1627 17896s
 222673 53408  882.31000   94  594  888.00000  881.19467  0.77%  1626 17905s
 223148 53282     cutoff  103       888.00000  881.19467  0.77%  1624 17916s
 223224 53400  886.25546  105  336  888.00000  881.19467  0.77%  1623 17925s
 223538 53562  883.37998  102  459  888.00000  881.19467  0.77%  1622 17935s
 224066 53590     cutoff  110       888.00000  881.19467  0.77%  1619 17945s
 224428 53647  883.08605   98  541  888.00000  881.19467  0.77%  1618 17954s
 224896 53670  881.19467  100  539  888.00000  881.19467  0.77%  1616 17963s
 225308 53760  882.73668   89  514  888.00000  881.19467  0.77%  1615 17973s
 225841 53822  881.19467   94  541  888.00000  881.19467  0.77%  1612 17982s
 226337 53866  881.19467   91  442  888.00000  881.19467  0.77%  1610 17991s
 226760 53927  881.42205   94  478  888.00000  881.19467  0.77%  1609 18000s
 227183 53993  885.08381   91  509  888.00000  881.19467  0.77%  1607 18009s
 227636 54014  883.09816  103  483  888.00000  881.19467  0.77%  1605 18018s
 228038 54049  881.44325   95  474  888.00000  881.19467  0.77%  1604 18027s
 228490 54130  882.26714   99  355  888.00000  881.19467  0.77%  1602 18040s
 229130 54178  882.40806   99  500  888.00000  881.19467  0.77%  1600 18049s
 229634 54201  881.19467   93  506  888.00000  881.19467  0.77%  1597 18057s
 230042 54203  881.39599   93  558  888.00000  881.19467  0.77%  1596 18065s
 230424 54293  885.62535  104  465  888.00000  881.19467  0.77%  1594 18073s
 230931 54341  885.29233  116  432  888.00000  881.19467  0.77%  1592 18081s
 231430 54335  881.53818   97  489  888.00000  881.19467  0.77%  1590 18088s
 231786 54391  882.11373   97  524  888.00000  881.19467  0.77%  1589 18096s
 232165 54398  884.58094   94  499  888.00000  881.19467  0.77%  1587 18103s
 232471 54478  881.19467   96  533  888.00000  881.19467  0.77%  1586 18111s
 232966 54484  882.51503   98  491  888.00000  881.19467  0.77%  1584 18119s
 233397 54505  882.84131   95  436  888.00000  881.19467  0.77%  1582 18127s
 233759 54532     cutoff  104       888.00000  881.19467  0.77%  1581 18134s
 234104 54616  882.82962  103  431  888.00000  881.19467  0.77%  1580 18142s
 234548 54680  882.42117  102  285  888.00000  881.19467  0.77%  1578 18150s
 235043 54676  881.19467   87  554  888.00000  881.19467  0.77%  1576 18157s
 235486 54694  883.67830   93  497  888.00000  881.19467  0.77%  1574 18165s
 235845 54720  885.29274   99  429  888.00000  881.19467  0.77%  1573 18172s
 236216 54767  883.13476  108  466  888.00000  881.19467  0.77%  1571 18180s
 236588 54830  884.58673  101  449  888.00000  881.19467  0.77%  1570 18187s
 237021 54843  886.42579  104  441  888.00000  881.19467  0.77%  1568 18194s
 237416 54863  886.17436   95  498  888.00000  881.19467  0.77%  1567 18202s
 237973 54860  882.93941   91  542  888.00000  881.19467  0.77%  1565 18210s
 238420 54852  883.72743   90  436  888.00000  881.19467  0.77%  1563 18217s
 238829 54886  884.10505  100  426  888.00000  881.19467  0.77%  1561 18230s
 239327 54970  884.10150   92  481  888.00000  881.19467  0.77%  1560 18240s
 239983 54920  884.58563  113  447  888.00000  881.19467  0.77%  1557 18247s
 240389 54942  886.38100  102  529  888.00000  881.19467  0.77%  1555 18254s
 240846 54962  882.43267   89  483  888.00000  881.19467  0.77%  1554 18262s
 241264 54979  886.40254  102  406  888.00000  881.19467  0.77%  1552 18269s
 241702 54986     cutoff  101       888.00000  881.19467  0.77%  1550 18276s
 242109 55034     cutoff   98       888.00000  881.19467  0.77%  1549 18283s
 242539 55048  882.94943   99  424  888.00000  881.19467  0.77%  1547 18290s
 242968 55094  881.42226   95  467  888.00000  881.19467  0.77%  1546 18297s
 243369 55092  884.79661   95  599  888.00000  881.19467  0.77%  1544 18304s
 243830 55081  883.28450   96  422  888.00000  881.19467  0.77%  1542 18311s
 244204 55094  883.48569   95  432  888.00000  881.19467  0.77%  1541 18318s
 244572 55110  883.26770   90  491  888.00000  881.19467  0.77%  1540 18325s
 245041 55097  885.03712   97  407  888.00000  881.19467  0.77%  1538 18333s
 245463 55097     cutoff  101       888.00000  881.19467  0.77%  1536 18340s
 245906 55108     cutoff  104       888.00000  881.19467  0.77%  1535 18347s
 246362 55092  883.19767   92  580  888.00000  881.19467  0.77%  1533 18354s
 246750 55130  883.84901   99  515  888.00000  881.19467  0.77%  1531 18361s
 247180 55155     cutoff  104       888.00000  881.19467  0.77%  1530 18368s
 247610 55160  884.86850   92  593  888.00000  881.19467  0.77%  1528 18374s
 248004 55190  885.13117   95  445  888.00000  881.19467  0.77%  1527 18382s
 248487 55188  886.28750   96  287  888.00000  881.19467  0.77%  1525 18389s
 248998 55200  881.40273   99  540  888.00000  881.19467  0.77%  1523 18396s
 249453 55256  883.30528  100  436  888.00000  881.19467  0.77%  1521 18407s
 250110 55197  883.85440  101  530  888.00000  881.19467  0.77%  1519 18414s
 250547 55202  883.01116   93  549  888.00000  881.19467  0.77%  1517 18420s
 250925 55217  882.73371  100  540  888.00000  881.19467  0.77%  1516 18426s
 251301 55230  886.51109  116  534  888.00000  881.19467  0.77%  1514 18433s
 251721 55161  882.00944   95  513  888.00000  881.19467  0.77%  1513 18440s
 251906 55225  882.38991   94  475  888.00000  881.19467  0.77%  1512 18447s
 252331 55235  882.89143   95  625  888.00000  881.19467  0.77%  1511 18454s
 252775 55226  883.96895  105  398  888.00000  881.19467  0.77%  1509 18460s
 253235 55231  882.05729  102  558  888.00000  881.19467  0.77%  1507 18467s
 253653 55246  883.39839   96  325  888.00000  881.19467  0.77%  1506 18473s
 254078 55248  886.68103   97  266  888.00000  881.19467  0.77%  1504 18480s
 254504 55251  885.99864  117  412  888.00000  881.19467  0.77%  1503 18487s
 254894 55269  884.41777  106  383  888.00000  881.19467  0.77%  1502 18494s
 255259 55327  884.45602  102  416  888.00000  881.19467  0.77%  1500 18501s
 255707 55331  882.46040  103  460  888.00000  881.19467  0.77%  1499 18507s
 256172 55317     cutoff   99       888.00000  881.19467  0.77%  1497 18514s
 256626 55285  885.98427   96  437  888.00000  881.19467  0.77%  1495 18521s
 257062 55285  882.71872  126  451  888.00000  881.19467  0.77%  1494 18528s
 257491 55241  886.99212  107  474  888.00000  881.19467  0.77%  1492 18534s
 257807 55293  886.16835  108  425  888.00000  881.19467  0.77%  1491 18541s
 258286 55275     cutoff  102       888.00000  881.19467  0.77%  1489 18548s
 258723 55289  883.55546   91  540  888.00000  881.19467  0.77%  1488 18554s
 259132 55221  882.20194   91  502  888.00000  881.19467  0.77%  1486 18561s
 259435 55234  882.47866  105  460  888.00000  881.19467  0.77%  1485 18567s
 259808 55269  882.52451   98  470  888.00000  881.19467  0.77%  1484 18578s
 260447 55205  882.69726   93  355  888.00000  881.19467  0.77%  1482 18584s
 260851 55233  882.87787   98  426  888.00000  881.19467  0.77%  1481 18590s
 261368 55219  885.80438   93  311  888.00000  881.19467  0.77%  1479 18596s
 261864 55209  883.49020   97  471  888.00000  881.19467  0.77%  1477 18602s
 262318 55155  882.83109  105  482  888.00000  881.19467  0.77%  1475 18607s
 262661 55147  885.06411  104  428  888.00000  881.19467  0.77%  1474 18613s
 262980 55173  886.75298  108  502  888.00000  881.19467  0.77%  1473 18618s
 263329 55161  886.74800  104  439  888.00000  881.19467  0.77%  1472 18624s
 263708 55170  883.91573   95  594  888.00000  881.19467  0.77%  1471 18630s
 264168 55108  884.70445  101  454  888.00000  881.19467  0.77%  1469 18636s
 264510 55112  886.39974   99  446  888.00000  881.19467  0.77%  1468 18642s
 264953 55078  882.44255  103  455  888.00000  881.19467  0.77%  1466 18649s
 265288 55080  883.18622   97  530  888.00000  881.19467  0.77%  1466 18655s
 265700 55032  885.48809   98  531  888.00000  881.19467  0.77%  1464 18660s
 266100 54951  884.89749   93  535  888.00000  881.19467  0.77%  1463 18667s
 266308 54974  884.89422   97  389  888.00000  881.19467  0.77%  1462 18673s
 266767 54906  884.45674   93  419  888.00000  881.19467  0.77%  1461 18679s
 267197 54879  884.91288   93  480  888.00000  881.19467  0.77%  1459 18685s
 267629 54825  885.34066  100  501  888.00000  881.19467  0.77%  1458 18691s
 267984 54850     cutoff   89       888.00000  881.19467  0.77%  1457 18697s
 268416 54852     cutoff   86       888.00000  881.19467  0.77%  1455 18703s
 268814 54836  883.41489  100  419  888.00000  881.19467  0.77%  1454 18709s
 269223 54857  885.12689  106  474  888.00000  881.19467  0.77%  1453 18715s
 269673 54815  884.68214  109  427  888.00000  881.19467  0.77%  1451 18721s
 270114 54810  885.10644   99  444  888.00000  881.19467  0.77%  1450 18731s
 270695 54745  885.93019   93  532  888.00000  881.19467  0.77%  1448 18737s
 271215 54729     cutoff  105       888.00000  881.19467  0.77%  1446 18744s
 271626 54768  883.91143   98  415  888.00000  881.19467  0.77%  1445 18750s
 272132 54716  883.80772  107  268  888.00000  881.19467  0.77%  1443 18756s
 272581 54683  882.38098   93  491  888.00000  881.19467  0.77%  1441 18761s
 273025 54626  885.98637   97  326  888.00000  881.19467  0.77%  1440 18767s
 273440 54602     cutoff   99       888.00000  881.19467  0.77%  1438 18772s
 273848 54597  884.26483  100  493  888.00000  881.19467  0.77%  1437 18777s
 274238 54537     cutoff   93       888.00000  881.19467  0.77%  1436 18784s
 274460 54541  886.41716   96  380  888.00000  881.19467  0.77%  1435 18789s
 274702 54564  886.29635  106  452  888.00000  881.19467  0.77%  1434 18795s
 275069 54557  881.94379   94  535  888.00000  881.19467  0.77%  1433 18801s
 275545 54536  882.85611   89  495  888.00000  881.19467  0.77%  1431 18808s
 276065 54434  885.50086   98  533  888.00000  881.19467  0.77%  1430 18813s
 276328 54469  886.63974   89  543  888.00000  881.19467  0.77%  1429 18819s
 276765 54471     cutoff   99       888.00000  881.19467  0.77%  1427 18825s
 277223 54319  886.09875  101  363  888.00000  881.19467  0.77%  1426 18832s
 277234 54411     cutoff   96       888.00000  881.19467  0.77%  1426 18838s
 277520 54446  884.96631   92  379  888.00000  881.19467  0.77%  1425 18843s
 277980 54426     cutoff  101       888.00000  881.19467  0.77%  1423 18849s
 278414 54378  886.57690  102  433  888.00000  881.19467  0.77%  1422 18855s
 278910 54318  884.94347   94  352  888.00000  881.19467  0.77%  1420 18861s
 279339 54282  882.51760  103  507  888.00000  881.19467  0.77%  1419 18867s
 279771 54251  884.98412  110  403  888.00000  881.19467  0.77%  1418 18872s
 280218 54197  883.31009  117  496  888.00000  881.19467  0.77%  1416 18878s
 280629 54230  885.11868   93  532  888.00000  881.19467  0.77%  1415 18888s
 281287 54135  882.25407   97  511  888.00000  881.20993  0.76%  1413 18893s
 281777 54102     cutoff  106       888.00000  881.22209  0.76%  1411 18898s
 282165 54103  884.14428   96  426  888.00000  881.23166  0.76%  1410 18904s
 282611 54019     cutoff   98       888.00000  881.24175  0.76%  1409 18909s
 283003 54010  883.83585  102  531  888.00000  881.25216  0.76%  1408 18914s
 283437 53976  885.06680  106  559  888.00000  881.26579  0.76%  1406 18919s
 283887 53924  885.03853  105  522  888.00000  881.28364  0.76%  1405 18924s
 284324 53880  882.29261   97  573  888.00000  881.29466  0.76%  1403 18929s
 284708 53852  886.08342   95  520  888.00000  881.30722  0.75%  1402 18934s
 285053 53834  884.23381   96  428  888.00000  881.31800  0.75%  1401 18939s
 285408 53812  884.34492   99  562  888.00000  881.32436  0.75%  1400 18945s
 285847 53763     cutoff  121       888.00000  881.34092  0.75%  1399 18950s
 286221 53766  884.39589  106  475  888.00000  881.35453  0.75%  1398 18955s
 286628 53729     cutoff   97       888.00000  881.36875  0.75%  1396 18960s
 287083 53698     cutoff  110       888.00000  881.37723  0.75%  1395 18966s
 287473 53651  882.38190   96  481  888.00000  881.38518  0.74%  1394 18971s
 287869 53546  885.26736   98  494  888.00000  881.39373  0.74%  1393 18976s
 288023 53509  885.39168   92  498  888.00000  881.39689  0.74%  1392 18982s
 288047 53505  886.39848   95  506  888.00000  881.39689  0.74%  1392 18987s
 288051 53551  886.54759   96  477  888.00000  881.39689  0.74%  1392 18992s
 288316 53560  886.33386  106  428  888.00000  881.40541  0.74%  1391 18997s
 288709 53520  883.06467   96  446  888.00000  881.42087  0.74%  1390 19003s
 289149 53493     cutoff   99       888.00000  881.42933  0.74%  1389 19008s
 289572 53482  884.48898   93  604  888.00000  881.44349  0.74%  1388 19014s
 289994 53425  883.91848  115  536  888.00000  881.45553  0.74%  1386 19019s
 290422 53374     cutoff   92       888.00000  881.46566  0.74%  1385 19025s
 290895 53380  885.12950  107  423  888.00000  881.48107  0.73%  1384 19034s
 291566 53240  884.52041  107  475  888.00000  881.49937  0.73%  1382 19039s
 292031 53197  883.46332   94  395  888.00000  881.51488  0.73%  1380 19044s
 292426 53164  884.97029  100  415  888.00000  881.52328  0.73%  1379 19049s
 292852 53092  884.62150   97  476  888.00000  881.53513  0.73%  1378 19054s
 293262 53071  885.40319  106  399  888.00000  881.54479  0.73%  1377 19059s
 293655 53032  885.87173  114  513  888.00000  881.55452  0.73%  1375 19064s
 294059 52988  884.68448   99  493  888.00000  881.56768  0.72%  1374 19069s
 294536 52877     cutoff  100       888.00000  881.58033  0.72%  1373 19074s
 294926 52821  884.00968   93  489  888.00000  881.59336  0.72%  1372 19079s
 295341 52772  885.15613  100  360  888.00000  881.60508  0.72%  1370 19084s
 295761 52692  884.44100  102  462  888.00000  881.61951  0.72%  1369 19089s
 296194 52668  884.64370   97  608  888.00000  881.63155  0.72%  1368 19095s
 296602 52604     cutoff  109       888.00000  881.64050  0.72%  1367 19100s
 297019 52566     cutoff   95       888.00000  881.64907  0.72%  1366 19105s
 297399 52528  885.44168  102  429  888.00000  881.65704  0.71%  1365 19110s
 297795 52468  884.27799   98  487  888.00000  881.66633  0.71%  1363 19115s
 298201 52429  886.25084  104  292  888.00000  881.68193  0.71%  1362 19120s
 298585 52388  884.80669   98  442  888.00000  881.69167  0.71%  1361 19125s
 298984 52362  883.94768   96  457  888.00000  881.69968  0.71%  1360 19130s
 299437 52280  886.17357   99  446  888.00000  881.71314  0.71%  1359 19135s
 299809 52274  884.36194  103  452  888.00000  881.72150  0.71%  1358 19140s
 300200 52206     cutoff  122       888.00000  881.73022  0.71%  1357 19145s
 300611 52168  883.07373   91  451  888.00000  881.74295  0.70%  1356 19150s
 300986 52125  886.14956   92  505  888.00000  881.74891  0.70%  1355 19155s
 301388 52111  884.33515  100  451  888.00000  881.75918  0.70%  1354 19164s
 302022 52008  884.82589  102  379  888.00000  881.77184  0.70%  1352 19170s
 302488 51871  884.08680   99  456  888.00000  881.77880  0.70%  1350 19175s
 302575 51943  883.80239   96  495  888.00000  881.78281  0.70%  1350 19181s
 303002 51849  886.62190   95  448  888.00000  881.79206  0.70%  1349 19186s
 303444 51782  885.80052   94  416  888.00000  881.80164  0.70%  1348 19191s
 303890 51739  885.09885   99  429  888.00000  881.81215  0.70%  1347 19197s
 304369 51661  883.58477   95  490  888.00000  881.82102  0.70%  1345 19202s
 304805 51607  884.97967   98  497  888.00000  881.83179  0.69%  1344 19207s
 305268 51565  886.02213  107  468  888.00000  881.84458  0.69%  1343 19212s
 305725 51483  886.41667   97  153  888.00000  881.85596  0.69%  1341 19217s
 306183 51406     cutoff  100       888.00000  881.86411  0.69%  1340 19222s
 306614 51324  882.48775  105  306  888.00000  881.87748  0.69%  1339 19228s
 307008 51256  885.74537   93  427  888.00000  881.88319  0.69%  1338 19233s
 307403 51174  884.14583  104  338  888.00000  881.89914  0.69%  1337 19238s
 307805 51108     cutoff   97       888.00000  881.91375  0.69%  1336 19243s
 308238 51032  884.07238  102  504  888.00000  881.91993  0.68%  1335 19248s
 308641 50916  885.63046  100  551  888.00000  881.93000  0.68%  1334 19253s
 308713 50973     cutoff  114       888.00000  881.93054  0.68%  1333 19258s
 309171 50913  884.24962  103  291  888.00000  881.94311  0.68%  1332 19263s
 309610 50852  885.94108   98  560  888.00000  881.95250  0.68%  1331 19268s
 310067 50820  885.19986   99  429  888.00000  881.96219  0.68%  1330 19273s
 310478 50774     cutoff  109       888.00000  881.97134  0.68%  1329 19278s
 310888 50700  886.54558  104  512  888.00000  881.97784  0.68%  1328 19283s
 311319 50610     cutoff  108       888.00000  881.99090  0.68%  1326 19288s
 311717 50616  886.20423   90  503  888.00000  881.99546  0.68%  1325 19296s
 312389 50498  885.87001  116  502  888.00000  882.00852  0.67%  1324 19301s
 312831 50410     cutoff  103       888.00000  882.01583  0.67%  1322 19306s
 313273 50344  884.89755  100  467  888.00000  882.02348  0.67%  1321 19310s
 313688 50264  882.91393   96  574  888.00000  882.03257  0.67%  1320 19315s
 314442 50124  885.41414   99  335  888.00000  882.04762  0.67%  1318 19324s
 314817 50045     cutoff   97       888.00000  882.05696  0.67%  1317 19329s
 315158 49976  885.79100  104  424  888.00000  882.06028  0.67%  1316 19333s
 315417 49936  886.06638  120  387  888.00000  882.06510  0.67%  1316 19338s
 315706 49865  886.69645  110  312  888.00000  882.06949  0.67%  1315 19343s
 315935 49828  884.68170  104  510  888.00000  882.07457  0.67%  1315 19348s
 316198 49760     cutoff  102       888.00000  882.08145  0.67%  1315 19354s
 316471 49718  883.37683  106  458  888.00000  882.08794  0.67%  1314 19360s
 316752 49664  885.58447   94  534  888.00000  882.09092  0.67%  1314 19366s
 317033 49610  885.00765   99  544  888.00000  882.09754  0.66%  1313 19371s
 317303 49577     cutoff  102       888.00000  882.10234  0.66%  1313 19377s
 317543 49540     cutoff   95       888.00000  882.10935  0.66%  1313 19383s
 317839 49493  883.11499   89  455  888.00000  882.11783  0.66%  1312 19390s
 318204 49413  883.98254   99  433  888.00000  882.12486  0.66%  1312 19396s
 318450 49364  884.88106   85  521  888.00000  882.13064  0.66%  1311 19402s
 318728 49290  883.17441  105  472  888.00000  882.13695  0.66%  1311 19409s
 319034 49240  886.48137   96  558  888.00000  882.14306  0.66%  1311 19415s
 319357 49168     cutoff   95       888.00000  882.14905  0.66%  1310 19421s
 319625 49135  883.29712   99  574  888.00000  882.15261  0.66%  1310 19428s
 319942 49107  883.68018  105  467  888.00000  882.15791  0.66%  1309 19434s
 320341 49012  884.08907   98  466  888.00000  882.16823  0.66%  1308 19441s
 320678 48969  884.00630   95  502  888.00000  882.17592  0.66%  1308 19447s
 321065 48924  884.83996   94  433  888.00000  882.18405  0.65%  1307 19455s
 321529 48824  885.85389   99  538  888.00000  882.18960  0.65%  1306 19462s
 321888 48767  886.93818   93  543  888.00000  882.20038  0.65%  1306 19469s
 322213 48721  886.53664  100  568  888.00000  882.20569  0.65%  1305 19478s
 322627 48680  884.63572  103  374  888.00000  882.21266  0.65%  1304 19486s
 323011 48659  884.67377   94  545  888.00000  882.21779  0.65%  1304 19493s
 323421 48595  885.64637  114  319  888.00000  882.22589  0.65%  1303 19502s
 323881 48511  885.20561   99  471  888.00000  882.23566  0.65%  1302 19509s
 324278 48446  885.42474   97  407  888.00000  882.24303  0.65%  1302 19517s
 324691 48357  884.51456   96  557  888.00000  882.25285  0.65%  1301 19525s
 325005 48286  886.38152  108  396  888.00000  882.25759  0.65%  1300 19533s
 325383 48251  884.28860  104  417  888.00000  882.26609  0.65%  1300 19542s
 325791 48219  884.35006  103  484  888.00000  882.27257  0.64%  1299 19550s
 326284 48112     cutoff   93       888.00000  882.28171  0.64%  1298 19558s
 326674 48053     cutoff   95       888.00000  882.28926  0.64%  1298 19566s
 327054 47996  886.25415   97  295  888.00000  882.29640  0.64%  1297 19574s
 327489 47916  883.89554   92  636  888.00000  882.31000  0.64%  1297 19582s
 327870 47869  885.66797   95  497  888.00000  882.31276  0.64%  1296 19591s
 328360 47757  885.57618  110  472  888.00000  882.32038  0.64%  1295 19599s
 328781 47661     cutoff   99       888.00000  882.33025  0.64%  1295 19607s
 329130 47610     cutoff  104       888.00000  882.33850  0.64%  1294 19615s
 329607 47504  884.54661   98  423  888.00000  882.34878  0.64%  1293 19623s
 330038 47454     cutoff   98       888.00000  882.35663  0.64%  1293 19632s
 330479 47324     cutoff  102       888.00000  882.36232  0.63%  1292 19640s
 330768 47293  884.05790   99  458  888.00000  882.37201  0.63%  1292 19648s
 331224 47194  884.55507  103  448  888.00000  882.38003  0.63%  1291 19657s
 331633 47095  883.30538   97  523  888.00000  882.38600  0.63%  1290 19665s
 331980 47045     cutoff   99       888.00000  882.39824  0.63%  1290 19672s
 332390 46950  885.01789  103  482  888.00000  882.40407  0.63%  1289 19680s
 332808 46853  885.54176  102  427  888.00000  882.41262  0.63%  1289 19688s
 333200 46757  884.00503  102  622  888.00000  882.42215  0.63%  1288 19696s
 333465 46713  883.43109   99  506  888.00000  882.42617  0.63%  1288 19706s
 333967 46583  884.56913   97  361  888.00000  882.43552  0.63%  1287 19715s
 334361 46497  884.98572   98  432  888.00000  882.44401  0.63%  1287 19723s
 334760 46441  885.36830  105  548  888.00000  882.45313  0.62%  1286 19732s
 335257 46333  885.09685  103  506  888.00000  882.46079  0.62%  1285 19741s
 335703 46269  885.66114   95  438  888.00000  882.46936  0.62%  1285 19749s
 336186 46151  883.88896  100  579  888.00000  882.47767  0.62%  1284 19758s
 336450 46144  883.39527   97  459  888.00000  882.48162  0.62%  1284 19767s
 336978 46014  884.20835  104  509  888.00000  882.49172  0.62%  1283 19776s
 337458 45899  886.37235   98  369  888.00000  882.49723  0.62%  1282 19784s
 337866 45850  884.50688  103  360  888.00000  882.50676  0.62%  1281 19793s
 338390 45742  886.07777  101  361  888.00000  882.51726  0.62%  1280 19801s
 338839 45663  884.82241  104  513  888.00000  882.52651  0.62%  1280 19809s
 339367 45574  883.62675   95  544  888.00000  882.53584  0.62%  1279 19817s
 339835 45485  884.93215  104  415  888.00000  882.54173  0.61%  1278 19825s
 340201 45411  884.66291  102  549  888.00000  882.54656  0.61%  1277 19833s
 340703 45290  884.82060   93  512  888.00000  882.55378  0.61%  1277 19841s
 341121 45164  885.29680   99  478  888.00000  882.55950  0.61%  1276 19848s
 341449 45110  884.44643  104  459  888.00000  882.56436  0.61%  1276 19856s
 341870 45031  885.60555  107  586  888.00000  882.57494  0.61%  1275 19864s
 342324 44913     cutoff   97       888.00000  882.58544  0.61%  1274 19872s
 342711 44833  885.64837  100  423  888.00000  882.59223  0.61%  1274 19880s
 343159 44723     cutoff  106       888.00000  882.59912  0.61%  1273 19888s
 343511 44671  883.71452  100  613  888.00000  882.60637  0.61%  1273 19897s
 343978 44564  884.52608  102  398  888.00000  882.61379  0.61%  1272 19906s
 344306 44458  886.77185  107  413  888.00000  882.61875  0.61%  1272 19917s
 344310 44482  885.75655  106  371  888.00000  882.61884  0.61%  1272 19926s
 344450 44479  885.99697   91  541  888.00000  882.62206  0.61%  1271 19936s
 345017 44339  886.45700   98  512  888.00000  882.63378  0.60%  1271 19946s
 345445 44237  883.22946   96  545  888.00000  882.64176  0.60%  1270 19956s
 345937 44159     cutoff  105       888.00000  882.65128  0.60%  1269 19965s
 346442 44053  886.29749  100  244  888.00000  882.66128  0.60%  1268 19974s
 346935 43937     cutoff  105       888.00000  882.66684  0.60%  1268 19982s
 347314 43896  885.98696   96  480  888.00000  882.67359  0.60%  1267 19991s
 347877 43800     cutoff   96       888.00000  882.67959  0.60%  1266 20000s
 348454 43645  886.61067   92  474  888.00000  882.69118  0.60%  1265 20008s
 348823 43545  883.63822   99  521  888.00000  882.69789  0.60%  1265 20016s
 349201 43463  884.40336  101  522  888.00000  882.70332  0.60%  1264 20024s
 349557 43427  885.16586   95  498  888.00000  882.70776  0.60%  1264 20032s
 350095 43333     cutoff  115       888.00000  882.71444  0.60%  1263 20040s
 350565 43209  885.89381  102  423  888.00000  882.72034  0.59%  1262 20049s
 351008 43110  884.72292   99  452  888.00000  882.73126  0.59%  1262 20057s
 351497 42983     cutoff  100       888.00000  882.73755  0.59%  1261 20065s
 351951 42876  885.59848  107  241  888.00000  882.74592  0.59%  1260 20073s
 352338 42802     cutoff  106       888.00000  882.75197  0.59%  1260 20080s
 352739 42694  884.21332  107  372  888.00000  882.75861  0.59%  1259 20088s
 353145 42650  885.09154  108  498  888.00000  882.76378  0.59%  1259 20096s
 353622 42506  885.92223   98  554  888.00000  882.77126  0.59%  1258 20104s
 353991 42437  884.99757   90  527  888.00000  882.77841  0.59%  1258 20113s
 354460 42339  885.24474  102  390  888.00000  882.78330  0.59%  1257 20121s
 354922 42264  885.71003   98  423  888.00000  882.79184  0.59%  1256 20128s
 355355 42147  885.80804  103  371  888.00000  882.79690  0.59%  1256 20135s
 355705 42071  886.21379   96  455  888.00000  882.80409  0.59%  1255 20143s
 356101 41997  884.89979   99  445  888.00000  882.81233  0.58%  1255 20151s
 356471 41913  883.73427   90  589  888.00000  882.81793  0.58%  1254 20159s
 356846 41812  884.93058   96  569  888.00000  882.82170  0.58%  1254 20167s
 357234 41749  884.05231  112  462  888.00000  882.82947  0.58%  1253 20175s
 357701 41634  884.58755   99  542  888.00000  882.83744  0.58%  1253 20183s
 358115 41549  884.63333  102  475  888.00000  882.84527  0.58%  1252 20191s
 358526 41479  885.05523  107  447  888.00000  882.85105  0.58%  1252 20199s
 359000 41357  885.14397   91  559  888.00000  882.85985  0.58%  1251 20207s
 359371 41267  885.47246   99  488  888.00000  882.86679  0.58%  1251 20215s
 359795 41142  883.69304  102  580  888.00000  882.87386  0.58%  1250 20223s
 360129 41130  886.36971   96  511  888.00000  882.87903  0.58%  1250 20232s
 360650 40967  884.73456   88  625  888.00000  882.88409  0.58%  1249 20240s
 361062 40895  886.04628   96  460  888.00000  882.89161  0.58%  1248 20247s
 361068 40895     cutoff   97       888.00000  882.89210  0.58%  1248 20254s
 361074 40898     cutoff   95       888.00000  882.89257  0.58%  1248 20261s
 361079 40894     cutoff   97       888.00000  882.89257  0.58%  1248 20268s
 361091 40900  886.20729   98  500  888.00000  882.89257  0.58%  1248 20275s
 361165 40920     cutoff   99       888.00000  882.89257  0.58%  1248 20284s
 361542 40987  884.36281   98  600  888.00000  882.89803  0.57%  1248 20292s
 362006 41054     cutoff   92       888.00000  882.90643  0.57%  1247 20300s
 362478 41098  885.56478   98  409  888.00000  882.91452  0.57%  1246 20308s
 362937 41127     cutoff  100       888.00000  882.92107  0.57%  1246 20316s
 363309 41151  885.68039   96  517  888.00000  882.92676  0.57%  1245 20325s
 363729 41206  886.02036   92  461  888.00000  882.93284  0.57%  1245 20333s
 364205 41234  886.24470  110  352  888.00000  882.94106  0.57%  1244 20341s
 364576 41281  885.72550   93  488  888.00000  882.94758  0.57%  1244 20350s
 365128 41316  885.72717  110  424  888.00000  882.95504  0.57%  1243 20358s
 365573 41369  885.13994  104  508  888.00000  882.96337  0.57%  1242 20366s
 365989 41389  886.16840   93  561  888.00000  882.97177  0.57%  1242 20373s
 366356 41405  885.15163   89  577  888.00000  882.97647  0.57%  1241 20381s
 366775 41447  886.67297  101  476  888.00000  882.98143  0.57%  1241 20389s
 367191 41486  883.45809   97  552  888.00000  882.98895  0.56%  1240 20396s
 367641 41532  886.78019   95  565  888.00000  882.99546  0.56%  1240 20403s
 368024 41553  884.51263   95  472  888.00000  883.00123  0.56%  1239 20410s
 368385 41578  886.46978   94  305  888.00000  883.00668  0.56%  1239 20418s
 368797 41609  884.39579   97  518  888.00000  883.01364  0.56%  1238 20425s
 369219 41635     cutoff   96       888.00000  883.01888  0.56%  1238 20433s
 369694 41671  885.69115  100  489  888.00000  883.02530  0.56%  1237 20441s
 370084 41689  885.10681  101  442  888.00000  883.03126  0.56%  1237 20449s
 370520 41710  885.36211   94  301  888.00000  883.03770  0.56%  1236 20457s
 370882 41744  884.84175   95  558  888.00000  883.04568  0.56%  1236 20465s
 371315 41772  883.95926  101  505  888.00000  883.05310  0.56%  1235 20473s
 371679 41811     cutoff  100       888.00000  883.06015  0.56%  1235 20480s
 372119 41818  884.15504  105  441  888.00000  883.06654  0.56%  1234 20488s
 372536 41832  885.27636  100  498  888.00000  883.07401  0.55%  1234 20497s
 372778 41894  884.68876  104  494  888.00000  883.07824  0.55%  1233 20505s
 373203 41917     cutoff   94       888.00000  883.08271  0.55%  1233 20513s
 373691 41942     cutoff   99       888.00000  883.08960  0.55%  1232 20520s
 374124 41992  886.43392  102  407  888.00000  883.09617  0.55%  1232 20527s
 374614 42016  886.09847  104  509  888.00000  883.10451  0.55%  1231 20535s
 375077 42039  885.76616  111  497  888.00000  883.11117  0.55%  1230 20542s
 375486 42068     cutoff  102       888.00000  883.11574  0.55%  1230 20550s
 375768 42067  884.59405   98  478  888.00000  883.11828  0.55%  1229 20557s
 376170 42085  884.56020   93  616  888.00000  883.12546  0.55%  1229 20565s
 376534 42134  884.64783  102  413  888.00000  883.13045  0.55%  1228 20573s
 377089 42158  886.07775  100  435  888.00000  883.13581  0.55%  1228 20581s
 377478 42188  884.01155   98  463  888.00000  883.14089  0.55%  1227 20588s
 377901 42209  886.73687   98  528  888.00000  883.14569  0.55%  1227 20595s
 378281 42217  885.61986  102  453  888.00000  883.15484  0.55%  1226 20603s
 378634 42226  885.94860  106  591  888.00000  883.16041  0.54%  1226 20611s
 379018 42279     cutoff   96       888.00000  883.16446  0.54%  1226 20619s
 379480 42306  886.49405  115  318  888.00000  883.17185  0.54%  1225 20626s
 379982 42353  885.27344  101  463  888.00000  883.17766  0.54%  1224 20633s
 380442 42373  885.49180  100  490  888.00000  883.18463  0.54%  1223 20641s
 380893 42408  885.64518  102  454  888.00000  883.18982  0.54%  1223 20648s
 381290 42433  885.51953   97  384  888.00000  883.19661  0.54%  1222 20655s
 381771 42450  885.03212  103  502  888.00000  883.20198  0.54%  1222 20663s
 382188 42502  886.00126   96  302  888.00000  883.20760  0.54%  1221 20670s
 382643 42532     cutoff  113       888.00000  883.21265  0.54%  1220 20677s
 383127 42557  885.64778  105  436  888.00000  883.21968  0.54%  1220 20684s
 383587 42567     cutoff  101       888.00000  883.22569  0.54%  1219 20691s
 384045 42602  886.30713   95  369  888.00000  883.23203  0.54%  1218 20699s
 384421 42624  886.09797   98  412  888.00000  883.23700  0.54%  1218 20706s
 384824 42633  884.43205   92  399  888.00000  883.24405  0.54%  1217 20715s
 385246 42672  884.15534   96  445  888.00000  883.24978  0.53%  1217 20722s
 385672 42697  884.52318   94  611  888.00000  883.25359  0.53%  1216 20730s
 386020 42727  884.09365   98  477  888.00000  883.25794  0.53%  1216 20738s
 386506 42766  886.68822   97  491  888.00000  883.26585  0.53%  1215 20746s
 386978 42780  884.85482  101  320  888.00000  883.27168  0.53%  1215 20753s
 387374 42828     cutoff   99       888.00000  883.27605  0.53%  1214 20760s
 387827 42879  886.45721  105  507  888.00000  883.28170  0.53%  1214 20768s
 388233 42887  885.53606   90  538  888.00000  883.28732  0.53%  1213 20776s
 388547 42908 infeasible  104       888.00000  883.28908  0.53%  1213 20783s
 388782 42954     cutoff  105       888.00000  883.28955  0.53%  1213 20791s
 389189 42959  884.12798   98  411  888.00000  883.30043  0.53%  1212 20799s
 389584 42988  885.26036   94  541  888.00000  883.30765  0.53%  1212 20807s
 390112 42989  885.98435   96  598  888.00000  883.31586  0.53%  1211 20815s
 390596 43026  885.50656  101  446  888.00000  883.32408  0.53%  1210 20822s
 391018 43044  885.00021   95  565  888.00000  883.32879  0.53%  1210 20830s
 391501 43060  886.52667  104  406  888.00000  883.33583  0.53%  1209 20837s
 391879 43064  885.84657  100  425  888.00000  883.34227  0.52%  1208 20845s
 392369 43084  884.82864  105  508  888.00000  883.34793  0.52%  1208 20852s
 392813 43098  885.14914  104  532  888.00000  883.35430  0.52%  1207 20860s
 393272 43106  886.12253   97  414  888.00000  883.35894  0.52%  1207 20867s
 393699 43109  885.11783   90  424  888.00000  883.36566  0.52%  1206 20875s
 393999 43124     cutoff   99       888.00000  883.36853  0.52%  1206 20882s
 394397 43202     cutoff  100       888.00000  883.37313  0.52%  1205 20890s
 394938 43239  885.52462  106  465  888.00000  883.37905  0.52%  1205 20898s
 395403 43246  886.59723   96  492  888.00000  883.38449  0.52%  1204 20906s
 395884 43255  886.96547   94  345  888.00000  883.39049  0.52%  1203 20913s
 396220 43311  886.46667  104  339  888.00000  883.39667  0.52%  1203 20920s
 396705 43326  885.94631  101  466  888.00000  883.40230  0.52%  1203 20927s
 397145 43341  885.44513  100  513  888.00000  883.40708  0.52%  1202 20934s
 397522 43346     cutoff  101       888.00000  883.41373  0.52%  1202 20941s
 397875 43366     cutoff  112       888.00000  883.41759  0.52%  1201 20949s
 398332 43381  885.95791  104  583  888.00000  883.42195  0.52%  1201 20955s
 398750 43439  885.98462  105  469  888.00000  883.42816  0.51%  1200 20963s
 399268 43443  886.45400   98  537  888.00000  883.43269  0.51%  1199 20970s
 399664 43469  884.74038  100  479  888.00000  883.43740  0.51%  1199 20976s
 400098 43480     cutoff  104       888.00000  883.44438  0.51%  1198 20983s
 400465 43518  886.56573  101  516  888.00000  883.44772  0.51%  1198 20989s
 400898 43514  884.53563   97  472  888.00000  883.45477  0.51%  1197 20996s
 401310 43551  884.13692   98  613  888.00000  883.46281  0.51%  1197 21003s
 401609 43574  884.59382   98  428  888.00000  883.46467  0.51%  1196 21010s
 402000 43618  886.83654  106  470  888.00000  883.46945  0.51%  1196 21017s
 402315 43630     cutoff  113       888.00000  883.47281  0.51%  1196 21024s
 402660 43616  885.80838  101  536  888.00000  883.47780  0.51%  1195 21031s
 403086 43656  886.09865   90  499  888.00000  883.48372  0.51%  1195 21038s
 403557 43687  886.32050   98  455  888.00000  883.48977  0.51%  1194 21045s
 403981 43737     cutoff   97       888.00000  883.49398  0.51%  1194 21052s
 404458 43719     cutoff  104       888.00000  883.49951  0.51%  1193 21059s
 404864 43749  885.87408   92  555  888.00000  883.50586  0.51%  1193 21066s
 405327 43795  886.70566   99  241  888.00000  883.51144  0.51%  1192 21073s
 405741 43817  884.47407   99  453  888.00000  883.51701  0.50%  1192 21081s
 406179 43842     cutoff  102       888.00000  883.52241  0.50%  1191 21088s
 406675 43848  885.99120   98  471  888.00000  883.52835  0.50%  1190 21095s
 407071 43883     cutoff  103       888.00000  883.53255  0.50%  1190 21101s
 407456 43895     cutoff   93       888.00000  883.53734  0.50%  1190 21108s
 407889 43888 infeasible  121       888.00000  883.54295  0.50%  1189 21115s
 408196 43914  885.33737   93  488  888.00000  883.54780  0.50%  1189 21122s
 408677 43879  885.78410  109  457  888.00000  883.55220  0.50%  1188 21129s
 409013 43892  886.71634  103  541  888.00000  883.55741  0.50%  1188 21135s
 409451 43913  885.88900   99  497  888.00000  883.56170  0.50%  1187 21143s
 409850 43922     cutoff   94       888.00000  883.56719  0.50%  1187 21150s
 410239 43901  885.03677  108  269  888.00000  883.57071  0.50%  1186 21157s
 410640 43948  886.16290   94  573  888.00000  883.57613  0.50%  1186 21164s
 411099 43965     cutoff   94       888.00000  883.58199  0.50%  1185 21171s
 411530 43944     cutoff  107       888.00000  883.58650  0.50%  1185 21178s
 411973 43946     cutoff  109       888.00000  883.59357  0.50%  1184 21184s
 412354 43946  885.38126  104  524  888.00000  883.59905  0.50%  1184 21191s
 412811 43990  885.98373  104  569  888.00000  883.60505  0.49%  1183 21198s
 413245 43979  885.72280  112  180  888.00000  883.60878  0.49%  1183 21205s
 413629 43975     cutoff   98       888.00000  883.61454  0.49%  1182 21212s
 414031 43959  885.22979   98  530  888.00000  883.62092  0.49%  1182 21219s
 414409 43969  885.52132  104  482  888.00000  883.62507  0.49%  1182 21226s
 414800 43982     cutoff  102       888.00000  883.62973  0.49%  1181 21232s
 415176 43985  886.07412  102  490  888.00000  883.63502  0.49%  1181 21239s
 415484 43978  885.33657   99  502  888.00000  883.63997  0.49%  1181 21246s
 415963 43993     cutoff   96       888.00000  883.64514  0.49%  1180 21253s
 416483 43984     cutoff   98       888.00000  883.65158  0.49%  1179 21262s
 416960 43995  886.81935  111  523  888.00000  883.65631  0.49%  1179 21269s
 417388 43973  886.28217   94  450  888.00000  883.66232  0.49%  1178 21276s
 417771 43969  886.02215  105  489  888.00000  883.66658  0.49%  1178 21283s
 418217 43959  885.75489  112  499  888.00000  883.67297  0.49%  1177 21290s
 418663 43952  886.78560  104  482  888.00000  883.67830  0.49%  1177 21297s
 419039 43941     cutoff  105       888.00000  883.68299  0.49%  1176 21304s
 419323 43925     cutoff   99       888.00000  883.68556  0.49%  1176 21311s
 419652 43904  885.07165   99  576  888.00000  883.68661  0.49%  1176 21319s
 420124 43916  885.18650   99  391  888.00000  883.69867  0.48%  1175 21325s
 420534 43894     cutoff  100       888.00000  883.70389  0.48%  1175 21333s
 420861 43862     cutoff   92       888.00000  883.70862  0.48%  1174 21340s
 421318 43850  885.70504   95  414  888.00000  883.71452  0.48%  1174 21346s
 421711 43848     cutoff  102       888.00000  883.72175  0.48%  1174 21353s
 422163 43844  885.12460   95  524  888.00000  883.72868  0.48%  1173 21360s
 422598 43835  884.69888   95  552  888.00000  883.73220  0.48%  1173 21367s
 423066 43845  885.94398  100  568  888.00000  883.73934  0.48%  1172 21374s
 423529 43837  885.73501   99  581  888.00000  883.74544  0.48%  1171 21381s
 423876 43837  886.23315  105  401  888.00000  883.75010  0.48%  1171 21388s
 424323 43835     cutoff  117       888.00000  883.75489  0.48%  1171 21395s
 424737 43813  885.34445   95  490  888.00000  883.76165  0.48%  1170 21402s
 425184 43791  885.64257   97  481  888.00000  883.76628  0.48%  1170 21409s
 425541 43796  885.90082   95  499  888.00000  883.77082  0.48%  1169 21415s
 425945 43787     cutoff  105       888.00000  883.77591  0.48%  1169 21422s
 426366 43755  885.34475  101  527  888.00000  883.78054  0.48%  1169 21429s
 426727 43766  886.01467  100  568  888.00000  883.78588  0.47%  1168 21436s
 427099 43800  884.94383   91  479  888.00000  883.79013  0.47%  1168 21443s
 427581 43792     cutoff  101       888.00000  883.79454  0.47%  1167 21451s
 427903 43781  886.24010  100  440  888.00000  883.79852  0.47%  1167 21460s
 428498 43776  885.23810   87  278  888.00000  883.80540  0.47%  1166 21468s
 428933 43791  885.23790  105  467  888.00000  883.81013  0.47%  1166 21475s
 429430 43780     cutoff  102       888.00000  883.81613  0.47%  1165 21482s
 429847 43781  885.30601  104  505  888.00000  883.82236  0.47%  1165 21489s
 430226 43758     cutoff  107       888.00000  883.82665  0.47%  1165 21496s
 430625 43762  884.42812  116  471  888.00000  883.83279  0.47%  1164 21503s
 430994 43745  885.57613   99  470  888.00000  883.83842  0.47%  1164 21511s
 431431 43739  886.81295  102  655  888.00000  883.84265  0.47%  1164 21518s
 431818 43733     cutoff  100       888.00000  883.84722  0.47%  1163 21526s
 432279 43717  886.51473  105  453  888.00000  883.85244  0.47%  1163 21533s
 432763 43691  886.07217  103  490  888.00000  883.85835  0.47%  1162 21540s
 433239 43679  885.03928  101  506  888.00000  883.86516  0.47%  1162 21547s
 433712 43676  884.68027   92  612  888.00000  883.86932  0.47%  1161 21554s
 434117 43660  885.54901   99  543  888.00000  883.87422  0.46%  1161 21561s
 434403 43674  885.78944  101  479  888.00000  883.87864  0.46%  1161 21569s
 434824 43683 infeasible  102       888.00000  883.88312  0.46%  1160 21576s
 435084 43667  885.32975  102  467  888.00000  883.88351  0.46%  1160 21583s
 435395 43661  885.29970   93  631  888.00000  883.88919  0.46%  1159 21590s
 435846 43626     cutoff   97       888.00000  883.89517  0.46%  1159 21598s
 436217 43588     cutoff  100       888.00000  883.90084  0.46%  1159 21605s
 436657 43548     cutoff  108       888.00000  883.90759  0.46%  1158 21612s
 437086 43546     cutoff  105       888.00000  883.91231  0.46%  1158 21619s
 437624 43518  885.17699  106  628  888.00000  883.91741  0.46%  1157 21626s
 437991 43490     cutoff   94       888.00000  883.92231  0.46%  1157 21634s
 438337 43458  885.23629  106  512  888.00000  883.92697  0.46%  1157 21641s
 438657 43456  885.96956   93  470  888.00000  883.93225  0.46%  1157 21648s
 439120 43439     cutoff   95       888.00000  883.93714  0.46%  1156 21654s
 439556 43395  886.41766  105  544  888.00000  883.94253  0.46%  1156 21662s
 439939 43363  884.85371  101  525  888.00000  883.94890  0.46%  1155 21669s
 440400 43327  886.08651  110  354  888.00000  883.95454  0.46%  1155 21676s
 440818 43291     cutoff  105       888.00000  883.95963  0.45%  1155 21683s
 441332 43270  885.43078  100  453  888.00000  883.96619  0.45%  1154 21691s
 441803 43244  886.62458  110  473  888.00000  883.97177  0.45%  1153 21698s
 442240 43239  886.55353  102  524  888.00000  883.97687  0.45%  1153 21705s
 442541 43230  885.49644   96  310  888.00000  883.98031  0.45%  1153 21713s
 442959 43219     cutoff  100       888.00000  883.98470  0.45%  1152 21720s
 443385 43199  886.73060  121  275  888.00000  883.98935  0.45%  1152 21727s
 443830 43163     cutoff  103       888.00000  883.99539  0.45%  1151 21733s
 444301 43149  886.65525  102  435  888.00000  884.00189  0.45%  1151 21741s
 444748 43118  886.73679   97  606  888.00000  884.00592  0.45%  1150 21748s
 445205 43092  886.28772  112  549  888.00000  884.01137  0.45%  1150 21755s
 445593 43075     cutoff  103       888.00000  884.01673  0.45%  1150 21762s
 446048 43065  886.62907   96  538  888.00000  884.02176  0.45%  1149 21769s
 446497 43061  885.33487  102  435  888.00000  884.02914  0.45%  1149 21776s
 446970 43063     cutoff  107       888.00000  884.03170  0.45%  1148 21783s
 447417 43050  885.39045  100  531  888.00000  884.03742  0.45%  1148 21790s
 447813 42996  886.13733   97  472  888.00000  884.04143  0.45%  1147 21797s
 448229 42946  885.54801   97  378  888.00000  884.04682  0.45%  1147 21804s
 448508 42917     cutoff  104       888.00000  884.04899  0.44%  1147 21811s
 448871 42902  886.89913   92  626  888.00000  884.05465  0.44%  1147 21818s
 449357 42893  886.24362  102  570  888.00000  884.06009  0.44%  1146 21825s
 449841 42824  886.67987  111  532  888.00000  884.06571  0.44%  1146 21832s
 450194 42795  885.79845  100  482  888.00000  884.07064  0.44%  1145 21839s
 450638 42763  885.90156   93  478  888.00000  884.07833  0.44%  1145 21846s
 451089 42713     cutoff  103       888.00000  884.08225  0.44%  1144 21852s
 451525 42685  885.27512  101  611  888.00000  884.08832  0.44%  1144 21859s
 451963 42639     cutoff   98       888.00000  884.09348  0.44%  1144 21866s
 452317 42613  885.95844  110  464  888.00000  884.09832  0.44%  1143 21874s
 452766 42596     cutoff  118       888.00000  884.10317  0.44%  1143 21880s
 453269 42545     cutoff   92       888.00000  884.11014  0.44%  1142 21887s
 453676 42498     cutoff   94       888.00000  884.11451  0.44%  1142 21894s
 453987 42439  885.98664  109  393  888.00000  884.11999  0.44%  1142 21901s
 454425 42410  885.33937  111  379  888.00000  884.12448  0.44%  1141 21908s
 454795 42418  885.42150  102  417  888.00000  884.12906  0.44%  1141 21915s
 455252 42412  884.40332   95  647  888.00000  884.13354  0.44%  1141 21922s
 455772 42381  886.98746  103  429  888.00000  884.13961  0.43%  1140 21929s
 456142 42322  886.21695   98  444  888.00000  884.14304  0.43%  1140 21936s
 456577 42289     cutoff  107       888.00000  884.14969  0.43%  1139 21942s
 457050 42252  886.05828  103  479  888.00000  884.15498  0.43%  1139 21950s
 457356 42218  886.33342  109  580  888.00000  884.15874  0.43%  1138 21957s
 457745 42154  885.44940   97  434  888.00000  884.16463  0.43%  1138 21964s
 458169 42098  885.47843  100  495  888.00000  884.16860  0.43%  1138 21971s
 458572 42067  885.52092  106  426  888.00000  884.17339  0.43%  1137 21978s
 458979 42034  885.22267   98  440  888.00000  884.17963  0.43%  1137 21984s
 459447 42001     cutoff  113       888.00000  884.18570  0.43%  1137 21992s
 459864 41969     cutoff   87       888.00000  884.18998  0.43%  1136 21998s
 460349 41938     cutoff  107       888.00000  884.19432  0.43%  1136 22005s
 460812 41908     cutoff  102       888.00000  884.20012  0.43%  1135 22012s
 461146 41837  886.13460  110  485  888.00000  884.20305  0.43%  1135 22019s
 461526 41790     cutoff   97       888.00000  884.20832  0.43%  1135 22025s
 461948 41761  884.44967  102  587  888.00000  884.21345  0.43%  1134 22032s
 462361 41693     cutoff  101       888.00000  884.21856  0.43%  1134 22039s
 462789 41669  886.81767   95  461  888.00000  884.22316  0.43%  1133 22045s
 463225 41604  885.86964  105  495  888.00000  884.22759  0.42%  1133 22052s
 463542 41551     cutoff  103       888.00000  884.23423  0.42%  1133 22060s
 463965 41524  885.22956  105  602  888.00000  884.23784  0.42%  1133 22067s
 464430 41476     cutoff   99       888.00000  884.24199  0.42%  1132 22074s
 464778 41415  886.48305  102  548  888.00000  884.24709  0.42%  1132 22080s
 465213 41367     cutoff   99       888.00000  884.25218  0.42%  1131 22087s
 465642 41297  886.14158   97  466  888.00000  884.25788  0.42%  1131 22094s
 465979 41260  886.99181  113  717  888.00000  884.26189  0.42%  1131 22101s
 466402 41199  885.21550  104  413  888.00000  884.26685  0.42%  1130 22107s
 466812 41145     cutoff  102       888.00000  884.27201  0.42%  1130 22114s
 467201 41094  886.10948   92  650  888.00000  884.27778  0.42%  1130 22121s
 467596 41049  886.15934   97  531  888.00000  884.28285  0.42%  1129 22129s
 467946 40988  885.74482   94  524  888.00000  884.28641  0.42%  1129 22135s
 468325 40954  884.78667   99  441  888.00000  884.29125  0.42%  1129 22142s
 468763 40887     cutoff  102       888.00000  884.29507  0.42%  1128 22149s
 469155 40819     cutoff  103       888.00000  884.30000  0.42%  1128 22156s
 469523 40790  886.62323  112  504  888.00000  884.30473  0.42%  1128 22162s
 469951 40741  886.99981  109  445  888.00000  884.30858  0.42%  1128 22170s
 470354 40680     cutoff  100       888.00000  884.31570  0.41%  1127 22177s
 470808 40648     cutoff   99       888.00000  884.32044  0.41%  1127 22184s
 471076 40632  884.83556  100  438  888.00000  884.32325  0.41%  1127 22192s
 471175 40619  886.05840   99  540  888.00000  884.32406  0.41%  1126 22198s
 471263 40562     cutoff   92       888.00000  884.32473  0.41%  1126 22206s
 471619 40519     cutoff  108       888.00000  884.33123  0.41%  1126 22214s
 471917 40474     cutoff  101       888.00000  884.33373  0.41%  1126 22221s
 472447 40414  886.68995  102  567  888.00000  884.34055  0.41%  1125 22228s
 472884 40351     cutoff  104       888.00000  884.34646  0.41%  1125 22235s
 473299 40308  885.39395  110  335  888.00000  884.35128  0.41%  1125 22242s
 473774 40239     cutoff  105       888.00000  884.35713  0.41%  1124 22250s
 474244 40184     cutoff  101       888.00000  884.36160  0.41%  1124 22257s
 474658 40106     cutoff  102       888.00000  884.36832  0.41%  1123 22264s
 475129 40042  886.45649  100  491  888.00000  884.37521  0.41%  1123 22271s
 475513 39996  886.57338  104  284  888.00000  884.38038  0.41%  1123 22278s
 475915 39934  885.95183   96  530  888.00000  884.38656  0.41%  1123 22285s
 476451 39861  885.98086   99  328  888.00000  884.39254  0.41%  1122 22293s
 476875 39798  886.10581  106  510  888.00000  884.39782  0.41%  1122 22299s
 477317 39738  885.43423   98  518  888.00000  884.40323  0.41%  1121 22306s
 477775 39685  885.12257  106  357  888.00000  884.40859  0.40%  1121 22313s
 478269 39655     cutoff  102       888.00000  884.41405  0.40%  1120 22319s
 478781 39639  885.15905   95  477  888.00000  884.41860  0.40%  1120 22327s
 479234 39583     cutoff   97       888.00000  884.42278  0.40%  1119 22333s
 479740 39540  885.63957  102  533  888.00000  884.42812  0.40%  1119 22340s
 480181 39497  885.25978  145  466  888.00000  884.43202  0.40%  1118 22347s
 480665 39411     cutoff  105       888.00000  884.43584  0.40%  1118 22353s
 481056 39362     cutoff  102       888.00000  884.44200  0.40%  1117 22360s
 481444 39310  886.14725  106  356  888.00000  884.44560  0.40%  1117 22367s
 481858 39240  884.95846  111  443  888.00000  884.45012  0.40%  1117 22373s
 482287 39202  886.30964   95  431  888.00000  884.45524  0.40%  1116 22380s
 482654 39131  885.56767   95  489  888.00000  884.45908  0.40%  1116 22387s
 483139 39065  885.14867  113  515  888.00000  884.46389  0.40%  1116 22393s
 483581 39016  886.43107  100  440  888.00000  884.46839  0.40%  1115 22400s
 484044 38971     cutoff  107       888.00000  884.47328  0.40%  1115 22406s
 484496 38941  886.67078  101  466  888.00000  884.47791  0.40%  1114 22413s
 484929 38855     cutoff  105       888.00000  884.48159  0.40%  1114 22419s
 485283 38780  885.68789   99  290  888.00000  884.48756  0.40%  1114 22426s
 485651 38733     cutoff   93       888.00000  884.49283  0.39%  1113 22433s
 486067 38684     cutoff  110       888.00000  884.49792  0.39%  1113 22439s
 486501 38615  886.48035  106  453  888.00000  884.50372  0.39%  1113 22446s
 486900 38537  884.96203  103  547  888.00000  884.50921  0.39%  1112 22453s
 487289 38444     cutoff  101       888.00000  884.51328  0.39%  1112 22459s
 487751 38359     cutoff  104       888.00000  884.52004  0.39%  1112 22466s
 488182 38268  885.70117   97  556  888.00000  884.52408  0.39%  1111 22472s
 488613 38187  885.90482  101  607  888.00000  884.52793  0.39%  1111 22479s
 489091 38104  886.43499  102  471  888.00000  884.53342  0.39%  1110 22485s
 489415 38046     cutoff  101       888.00000  884.53728  0.39%  1110 22492s
 489794 37976  886.27747  103  500  888.00000  884.54315  0.39%  1110 22499s
 490246 37899  886.95421  100  463  888.00000  884.54773  0.39%  1109 22505s
 490628 37814     cutoff  102       888.00000  884.55208  0.39%  1109 22511s
 491034 37735  885.25212  103  549  888.00000  884.55698  0.39%  1109 22518s
 491387 37669  884.88020  104  600  888.00000  884.56160  0.39%  1108 22524s
 491718 37607  886.64622   93  652  888.00000  884.56475  0.39%  1108 22531s
 492176 37522     cutoff  110       888.00000  884.56962  0.39%  1108 22538s
 492674 37436  885.55024  102  492  888.00000  884.57388  0.39%  1107 22544s
 493066 37337  886.77778  103  261  888.00000  884.57868  0.39%  1107 22550s
 493406 37246     cutoff   96       888.00000  884.58414  0.38%  1107 22557s
 493773 37139  886.29666  100  497  888.00000  884.58895  0.38%  1107 22563s
 494156 37032  886.68584  104  248  888.00000  884.59484  0.38%  1106 22570s
 494525 36938     cutoff   96       888.00000  884.60019  0.38%  1106 22577s
 494836 36847     cutoff   92       888.00000  884.60401  0.38%  1106 22585s
 495200 36741  886.13053  102  464  888.00000  884.61060  0.38%  1106 22591s
 495635 36635     cutoff  114       888.00000  884.61607  0.38%  1105 22598s
 496045 36546     cutoff  100       888.00000  884.62237  0.38%  1105 22605s
 496449 36455     cutoff   96       888.00000  884.62581  0.38%  1105 22611s
 496873 36363  884.95969  102  494  888.00000  884.63174  0.38%  1104 22618s
 497289 36250  886.63444  105  503  888.00000  884.63704  0.38%  1104 22625s
 497657 36149  886.32108  105  453  888.00000  884.64335  0.38%  1104 22631s
 498024 36050  885.53756   92  346  888.00000  884.64643  0.38%  1104 22638s
 498340 35969     cutoff  105       888.00000  884.65302  0.38%  1103 22645s
 498631 35882     cutoff  100       888.00000  884.65717  0.38%  1103 22652s
 498976 35781  886.24270  102  378  888.00000  884.66168  0.38%  1103 22659s
 499451 35669     cutoff   99       888.00000  884.66676  0.38%  1103 22666s
 499837 35569     cutoff  114       888.00000  884.67304  0.37%  1102 22673s
 500273 35493     cutoff  101       888.00000  884.67740  0.37%  1102 22680s
 500682 35402  886.07190  114  266  888.00000  884.68101  0.37%  1102 22687s
 501052 35319  886.40497  115  194  888.00000  884.68130  0.37%  1101 22694s
 501384 35259  886.61121  107  588  888.00000  884.68362  0.37%  1101 22701s
 501775 35172  885.99167  107  327  888.00000  884.69523  0.37%  1101 22708s
 502257 35048  885.94060  104  475  888.00000  884.70023  0.37%  1100 22715s
 502652 34932  886.09383  101  503  888.00000  884.70679  0.37%  1100 22722s
 503048 34829  886.79451   96  501  888.00000  884.71233  0.37%  1100 22729s
 503415 34731     cutoff   96       888.00000  884.71688  0.37%  1100 22736s
 503847 34596  885.98701  100  589  888.00000  884.72259  0.37%  1099 22743s
 504301 34508     cutoff   99       888.00000  884.72806  0.37%  1099 22750s
 504700 34384  886.44485  110  318  888.00000  884.73319  0.37%  1099 22757s
 505136 34302     cutoff  110       888.00000  884.73810  0.37%  1098 22764s
 505529 34156  885.39356  101  470  888.00000  884.74439  0.37%  1098 22770s
 505969 34052  885.46199  105  328  888.00000  884.75014  0.37%  1098 22777s
 506393 33938     cutoff   99       888.00000  884.75609  0.37%  1097 22784s
 506742 33788     cutoff  105       888.00000  884.76200  0.36%  1097 22791s
 507209 33681     cutoff  108       888.00000  884.77016  0.36%  1097 22798s
 507675 33614     cutoff   96       888.00000  884.77746  0.36%  1096 22806s
 507951 33512     cutoff  102       888.00000  884.78072  0.36%  1096 22813s
 508406 33408  885.60950   99  390  888.00000  884.78582  0.36%  1096 22820s
 508761 33278     cutoff   95       888.00000  884.79117  0.36%  1096 22826s
 509164 33159  885.67575  107  322  888.00000  884.79790  0.36%  1095 22833s
 509543 33017  885.81994   93  590  888.00000  884.80104  0.36%  1095 22840s
 510042 32891  886.66133  115  459  888.00000  884.81055  0.36%  1095 22847s
 510427 32727     cutoff   96       888.00000  884.81641  0.36%  1094 22854s
 510911 32569     cutoff  102       888.00000  884.82429  0.36%  1094 22861s
 511294 32449     cutoff  101       888.00000  884.83090  0.36%  1094 22867s
 511769 32314  885.50028  105  452  888.00000  884.83698  0.36%  1093 22874s
 512138 32170  886.74986  105  549  888.00000  884.84167  0.36%  1093 22881s
 512534 32025     cutoff  106       888.00000  884.84925  0.35%  1093 22888s
 513012 31899     cutoff   97       888.00000  884.85645  0.35%  1092 22894s
 513412 31776  886.07602  102  541  888.00000  884.86184  0.35%  1092 22901s
 513808 31648     cutoff  102       888.00000  884.86827  0.35%  1092 22908s
 514251 31511  885.57279  101  507  888.00000  884.87500  0.35%  1092 22915s
 514654 31394  886.81330   93  324  888.00000  884.88073  0.35%  1091 22922s
 515076 31266     cutoff   92       888.00000  884.88542  0.35%  1091 22929s
 515523 31123     cutoff  109       888.00000  884.89180  0.35%  1091 22936s
 515904 30988     cutoff  103       888.00000  884.89639  0.35%  1090 22942s
 516279 30868  886.02921  101  519  888.00000  884.90280  0.35%  1090 22949s
 516687 30705     cutoff   93       888.00000  884.90856  0.35%  1090 22956s
 517123 30583     cutoff  105       888.00000  884.91464  0.35%  1090 22963s
 517582 30455     cutoff  102       888.00000  884.92221  0.35%  1089 22970s
 517938 30321     cutoff  100       888.00000  884.92765  0.35%  1089 22977s
 518418 30179  885.65894  102  569  888.00000  884.93349  0.35%  1089 22984s
 518918 30052  886.34130   98  398  888.00000  884.93800  0.34%  1088 22990s
 519335 29880     cutoff  109       888.00000  884.94553  0.34%  1088 22997s
 519755 29759  886.77123  108  379  888.00000  884.95090  0.34%  1088 23004s
 520179 29614     cutoff  103       888.00000  884.95700  0.34%  1087 23011s
 520633 29479     cutoff  116       888.00000  884.96304  0.34%  1087 23018s
 521064 29357  886.30973  105  527  888.00000  884.96960  0.34%  1087 23025s
 521361 29188     cutoff  104       888.00000  884.97500  0.34%  1086 23032s
 521801 29077     cutoff   98       888.00000  884.98302  0.34%  1086 23039s
 522153 28905  886.28229  109  577  888.00000  884.98779  0.34%  1086 23046s
 522594 28744  885.84193   93  586  888.00000  884.99611  0.34%  1086 23053s
 523030 28572  885.71998   97  425  888.00000  885.00068  0.34%  1085 23060s
 523427 28428  886.80314   97  520  888.00000  885.00817  0.34%  1085 23066s
 523869 28292     cutoff  104       888.00000  885.01405  0.34%  1085 23073s
 524227 28150  885.78234  107  546  888.00000  885.01889  0.34%  1084 23080s
 524631 28021  885.38611  104  284  888.00000  885.02347  0.34%  1084 23087s
 525046 27838  886.50815  105  493  888.00000  885.03108  0.33%  1084 23094s
 525508 27665  885.98221  103  445  888.00000  885.04013  0.33%  1083 23100s
 525974 27504     cutoff  107       888.00000  885.04722  0.33%  1083 23107s
 526375 27323     cutoff  103       888.00000  885.05295  0.33%  1083 23114s
 526898 27163  886.10000  107  220  888.00000  885.06089  0.33%  1082 23120s
 527258 27011     cutoff   98       888.00000  885.06716  0.33%  1082 23127s
 527650 26838  885.92425  104  416  888.00000  885.07283  0.33%  1082 23134s
 528124 26667  886.59830  107  383  888.00000  885.08000  0.33%  1081 23141s
 528589 26535  886.35632  112  479  888.00000  885.08703  0.33%  1081 23148s
 528863 26392     cutoff  103       888.00000  885.09181  0.33%  1081 23155s
 529210 26249  886.49586  101  550  888.00000  885.09226  0.33%  1081 23162s
 529537 26094  885.56853   99  465  888.00000  885.09400  0.33%  1080 23169s
 529965 25916  886.99957  105  436  888.00000  885.11041  0.33%  1080 23175s
 530363 25747  885.60377  112  537  888.00000  885.11752  0.32%  1080 23182s
 530753 25561     cutoff   98       888.00000  885.12314  0.32%  1080 23189s
 531138 25385  886.53658  108  528  888.00000  885.13162  0.32%  1079 23196s
 531600 25207  886.73280  112  440  888.00000  885.13701  0.32%  1079 23203s
 532044 25007  886.47932  101  428  888.00000  885.14575  0.32%  1079 23209s
 532541 24809     cutoff  108       888.00000  885.15482  0.32%  1078 23216s
 532993 24584  886.07150   97  453  888.00000  885.16208  0.32%  1078 23223s
 533458 24393  885.81229  111  294  888.00000  885.17198  0.32%  1077 23230s
 533876 24292  886.50181   99  372  888.00000  885.17709  0.32%  1077 23237s
 534121 24068  886.22713   95  431  888.00000  885.18219  0.32%  1077 23243s
 534630 23850     cutoff  107       888.00000  885.19141  0.32%  1076 23250s
 535054 23657  886.61092  115  197  888.00000  885.19868  0.32%  1076 23257s
 535527 23479     cutoff   98       888.00000  885.20598  0.31%  1076 23263s
 535952 23278     cutoff  103       888.00000  885.21464  0.31%  1075 23270s
 536447 23039     cutoff  107       888.00000  885.22305  0.31%  1075 23276s
 536960 22881     cutoff  116       888.00000  885.23189  0.31%  1074 23283s
 537316 22679     cutoff   98       888.00000  885.23908  0.31%  1074 23289s
 537724 22477     cutoff  101       888.00000  885.24613  0.31%  1074 23296s
 538139 22268  886.82341  110  539  888.00000  885.25358  0.31%  1074 23302s
 538512 22067     cutoff  100       888.00000  885.26092  0.31%  1074 23308s
 538905 21841  886.78333  111  210  888.00000  885.27029  0.31%  1073 23315s
 539373 21606  886.23229  102  424  888.00000  885.27867  0.31%  1073 23322s
 539831 21357     cutoff  104       888.00000  885.28968  0.31%  1073 23328s
 540389 21127  886.18182  107  269  888.00000  885.29930  0.30%  1072 23334s
 540833 20937     cutoff   95       888.00000  885.30733  0.30%  1072 23341s
 541213 20872  886.76319  107  519  888.00000  885.31406  0.30%  1071 23347s
 541336 20764     cutoff  108       888.00000  885.31530  0.30%  1071 23354s
 541569 20537  886.63392  104  497  888.00000  885.31616  0.30%  1071 23361s
 542025 20313  886.74175  106  421  888.00000  885.32792  0.30%  1071 23367s
 542539 20053     cutoff  105       888.00000  885.33944  0.30%  1070 23374s
 543059 19827  886.27961  105  479  888.00000  885.34781  0.30%  1070 23380s
 543525 19575  886.67850  103  448  888.00000  885.35685  0.30%  1069 23386s
 543949 19323  885.96218  103  445  888.00000  885.36543  0.30%  1069 23392s
 544415 19081     cutoff  110       888.00000  885.37505  0.30%  1068 23399s
 544841 18806     cutoff  108       888.00000  885.38522  0.29%  1068 23405s
 545296 18513     cutoff  110       888.00000  885.39498  0.29%  1068 23411s
 545820 18274     cutoff   99       888.00000  885.40539  0.29%  1067 23418s
 546246 18005     cutoff  110       888.00000  885.41311  0.29%  1067 23423s
 546694 17765  886.90842  102  459  888.00000  885.42429  0.29%  1067 23429s
 547135 17465  886.75550  107  492  888.00000  885.43278  0.29%  1066 23435s
 547700 17240     cutoff  121       888.00000  885.44400  0.29%  1066 23442s
 548110 16956     cutoff   96       888.00000  885.45294  0.29%  1065 23447s
 548546 16724     cutoff  100       888.00000  885.46424  0.29%  1065 23453s
 549013 16447  886.59091  112  156  888.00000  885.47312  0.28%  1065 23459s
 549534 16206     cutoff  104       888.00000  885.48351  0.28%  1064 23465s
 549900 15958     cutoff   99       888.00000  885.49210  0.28%  1064 23471s
 550357 15692     cutoff  113       888.00000  885.50209  0.28%  1063 23477s
 550791 15372  886.19032  107  556  888.00000  885.51208  0.28%  1063 23483s
 551315 15137  886.01552  109  549  888.00000  885.52333  0.28%  1062 23489s
 551770 14882     cutoff  122       888.00000  885.53308  0.28%  1062 23495s
 552228 14604     cutoff  109       888.00000  885.54265  0.28%  1062 23501s
 552661 14348     cutoff  108       888.00000  885.55238  0.28%  1061 23506s
 553082 14025     cutoff  107       888.00000  885.56490  0.27%  1061 23512s
 553596 13747     cutoff  101       888.00000  885.57742  0.27%  1060 23518s
 554068 13457  885.69815  102  444  888.00000  885.58862  0.27%  1060 23524s
 554522 13144     cutoff   99       888.00000  885.60264  0.27%  1059 23529s
 555002 12790     cutoff  102       888.00000  885.61388  0.27%  1059 23535s
 555503 12432     cutoff   99       888.00000  885.62818  0.27%  1059 23541s
 555977 12131     cutoff  105       888.00000  885.64519  0.27%  1058 23546s
 556417 11822     cutoff  103       888.00000  885.65807  0.26%  1058 23552s
 556858 11430  886.84524  103  443  888.00000  885.67144  0.26%  1057 23558s
 557402 11051     cutoff  103       888.00000  885.68952  0.26%  1057 23564s
 557941 10622     cutoff  110       888.00000  885.70709  0.26%  1056 23571s
 558498 10195  886.84271  102  492  888.00000  885.72619  0.26%  1056 23579s
 559054  9679  886.30842  108  271  888.00000  885.74377  0.25%  1055 23586s
 559724  9099     cutoff  105       888.00000  885.77275  0.25%  1055 23594s
 560462  8468     cutoff   96       888.00000  885.80142  0.25%  1054 23602s
 561270  7757     cutoff   96       888.00000  885.83509  0.24%  1053 23612s
 562186  6989     cutoff  102       888.00000  885.87071  0.24%  1052 23622s
 563123  6130     cutoff  100       888.00000  885.91276  0.24%  1051 23632s
 564136  5175     cutoff   96       888.00000  885.96583  0.23%  1050 23643s
 565252  4115     cutoff  110       888.00000  886.03152  0.22%  1048 23653s
 566453  2955     cutoff  110       888.00000  886.11605  0.21%  1047 23663s
 567746  1780     cutoff  102       888.00000  886.22750  0.20%  1045 23671s
 569033   710     cutoff  116       888.00000  886.36697  0.18%  1043 23675s

Cutting planes:
  Gomory: 7
  Cover: 176
  Implied bound: 191
  Projected implied bound: 19
  Clique: 6
  MIR: 313
  Flow cover: 3303
  GUB cover: 11
  Zero half: 94
  Mod-K: 2
  Network: 5
  RLT: 7
  Relax-and-lift: 134

Explored 570878 nodes (594228508 simplex iterations) in 23677.56 seconds (98642.99 work units)
Thread count was 4 (of 32 available processors)

Solution count 10: 888 890 892 ... 924

Optimal solution found (tolerance 1.00e-04)
Best objective 8.880000000000e+02, best bound 8.880000000000e+02, gap 0.0000%

Wrote result file '/Users/takafumi/Dropbox/2_Study/cspns_gurobi/sol_recomputed_4threads/E150_1000.1_R50.sol'

